timestamp,sale_event,region,active_users,requests_per_min,orders_per_min,cpu_utilization,memory_utilization,network_mbps,disk_utilization,response_time_ms,current_capacity_rpm,next_15min_requests,scale_up_required
2026-07-01 00:00:00,Sale,South,8569.0,23990.0,1404.0,35.89,36.15,50.0,31.68,332.53,25298.0,31892.0,1
2026-07-01 00:10:00,Normal,North,6344.0,17211.0,862.0,34.64,35.05,50.0,27.77,242.1,17114.0,21403.0,1
2026-07-01 00:20:00,Sale,North,8381.0,23022.0,1340.0,32.14,36.55,50.0,29.45,309.89,28703.0,27342.0,1
2026-07-01 00:30:00,Sale,North,8527.0,22817.0,1312.0,35.97,30.85,56.96,29.74,335.11,28985.0,29167.0,1
2026-07-01 00:40:00,Normal,West,5052.0,14953.0,805.0,31.88,33.63,50.0,29.51,228.34,17306.0,22842.0,1
2026-07-01 00:50:00,Flash Sale,South,13247.0,33710.0,1968.0,43.52,41.71,94.64,33.71,437.92,34438.0,38010.0,1
2026-07-01 01:00:00,Sale,South,8913.0,23363.0,1076.0,39.22,40.92,50.96,38.57,323.97,26151.0,33177.0,1
2026-07-01 01:10:00,Sale,West,9042.0,24783.0,1387.0,32.98,34.67,88.29,35.5,311.41,27007.0,31601.0,1
2026-07-01 01:20:00,Normal,North,5411.0,16724.0,873.0,35.77,32.22,50.0,23.34,297.76,17007.0,23223.0,1
2026-07-01 01:30:00,Normal,North,5597.0,16733.0,1208.0,33.69,33.23,50.0,28.25,272.18,17923.0,17846.0,1
2026-07-01 01:40:00,Normal,North,5233.0,13106.0,733.0,29.36,33.46,50.0,26.67,229.33,15342.0,19231.0,1
2026-07-01 01:50:00,Sale,West,8494.0,25849.0,1329.0,44.47,37.34,50.55,34.53,362.37,27387.0,34897.0,1
2026-07-01 02:00:00,Sale,West,8294.0,25239.0,1179.0,38.14,38.65,50.0,29.61,297.57,29004.0,31685.0,1
2026-07-01 02:10:00,Sale,South,8167.0,21141.0,1328.0,33.5,32.02,50.0,31.04,289.08,19922.0,24155.0,1
2026-07-01 02:20:00,Normal,North,5319.0,12479.0,660.0,34.1,33.56,50.0,20.73,176.61,16072.0,15956.0,1
2026-07-01 02:30:00,Normal,North,5476.0,15262.0,767.0,38.34,31.11,72.46,23.82,245.73,16496.0,23325.0,1
2026-07-01 02:40:00,Sale,South,7990.0,23988.0,1368.0,35.62,35.97,70.46,36.55,338.02,28954.0,30896.0,1
2026-07-01 02:50:00,Normal,South,5129.0,15830.0,932.0,31.0,38.66,50.0,28.63,251.83,18028.0,21853.0,1
2026-07-01 03:00:00,Sale,West,9084.0,24010.0,1412.0,42.59,32.21,64.59,27.29,359.57,27858.0,30204.0,1
2026-07-01 03:10:00,Sale,West,9585.0,29861.0,1646.0,43.07,37.61,50.0,32.3,351.18,30064.0,35171.0,1
2026-07-01 03:20:00,Sale,South,7628.0,18299.0,1024.0,35.93,30.58,50.0,25.87,253.01,19103.0,24097.0,1
2026-07-01 03:30:00,Normal,West,4680.0,12794.0,721.0,32.0,32.94,50.0,26.96,228.3,13385.0,22194.0,1
2026-07-01 03:40:00,Flash Sale,West,11999.0,32696.0,1864.0,43.54,42.59,76.07,27.84,423.56,36703.0,42437.0,1
2026-07-01 03:50:00,Sale,South,8178.0,24596.0,1415.0,40.58,37.12,50.0,28.04,303.07,30809.0,31020.0,1
2026-07-01 04:00:00,Sale,South,8949.0,27148.0,1671.0,41.05,37.15,58.77,29.72,391.39,31582.0,33884.0,1
2026-07-01 04:10:00,Normal,West,5780.0,17177.0,951.0,27.73,38.0,50.0,32.14,300.35,17692.0,23467.0,1
2026-07-01 04:20:00,Normal,North,5570.0,14243.0,714.0,26.15,33.98,50.0,29.53,243.07,16077.0,17045.0,1
2026-07-01 04:30:00,Normal,West,5749.0,16990.0,920.0,29.83,36.41,58.9,30.65,222.17,18891.0,19781.0,1
2026-07-01 04:40:00,Normal,,5138.0,14858.0,884.0,34.34,35.35,50.0,28.19,242.58,16120.0,21710.0,1
2026-07-01 04:50:00,Sale,South,8379.0,20940.0,927.0,39.64,26.7,58.85,32.08,307.91,23421.0,26913.0,1
2026-07-01 05:00:00,Sale,West,8922.0,21662.0,960.0,39.41,35.35,90.5,27.15,299.82,25916.0,30608.0,1
2026-07-01 05:10:00,Flash Sale,South,12750.0,38082.0,2304.0,52.13,38.09,104.47,31.18,504.5,39910.0,49885.0,1
2026-07-01 05:20:00,Normal,South,5182.0,14341.0,920.0,31.84,30.53,75.07,29.38,230.52,15566.0,17639.0,1
2026-07-01 05:30:00,Normal,South,5202.0,13362.0,633.0,30.47,37.1,50.0,27.1,276.23,16277.0,16655.0,1
2026-07-01 05:40:00,Normal,North,6145.0,16975.0,944.0,34.06,32.82,50.0,28.69,279.32,19808.0,21244.0,1
2026-07-01 05:50:00,Normal,North,5885.0,16864.0,887.0,34.24,39.58,50.0,28.22,265.55,21045.0,22547.0,1
2026-07-01 06:00:00,Normal,North,6431.0,17910.0,957.0,27.61,30.05,50.0,32.7,292.11,22630.0,21165.0,1
2026-07-01 06:10:00,Normal,South,5205.0,13120.0,746.0,25.99,29.34,65.35,31.8,259.48,12910.0,16674.0,1
2026-07-01 06:20:00,Normal,South,5383.0,16900.0,798.0,28.25,36.2,50.0,26.84,281.48,19415.0,24159.0,1
2026-07-01 06:30:00,Sale,North,9825.0,29287.0,1416.0,47.32,37.23,62.46,26.16,380.97,31314.0,31077.0,1
2026-07-01 06:40:00,Normal,West,4736.0,12974.0,690.0,35.64,33.46,50.0,25.72,203.24,12976.0,20825.0,1
2026-07-01 06:50:00,Sale,South,10106.0,27760.0,1503.0,32.92,37.38,63.57,28.42,339.55,28901.0,32994.0,1
2026-07-01 07:00:00,Sale,South,9236.0,26459.0,1277.0,46.75,36.83,53.92,33.32,293.57,28839.0,32660.0,1
2026-07-01 07:10:00,Normal,South,6969.0,18096.0,1081.0,33.73,33.42,50.0,31.74,275.31,19734.0,25207.0,1
2026-07-01 07:20:00,Sale,North,9704.0,27734.0,1456.0,45.62,38.25,87.99,28.01,357.65,29379.0,33615.0,1
2026-07-01 07:30:00,Sale,West,10672.0,27326.0,1434.0,43.25,39.49,98.51,28.75,354.91,30568.0,36578.0,1
2026-07-01 07:40:00,Normal,South,8151.0,22720.0,1288.0,43.07,40.8,50.8,25.56,342.92,31005.0,26855.0,0
2026-07-01 07:50:00,Normal,North,5410.0,14011.0,760.0,30.75,32.3,50.0,28.49,227.31,13275.0,21027.0,1
2026-07-01 08:00:00,Sale,West,11198.0,29100.0,1747.0,37.28,37.0,102.38,31.27,428.38,35901.0,32694.0,0
2026-07-01 08:10:00,Normal,West,6096.0,18874.0,932.0,33.62,33.04,50.0,31.52,264.42,21105.0,24591.0,1
2026-07-01 08:20:00,Normal,West,7213.0,20274.0,945.0,37.3,39.51,89.37,30.95,268.47,21820.0,26261.0,1
2026-07-01 08:30:00,Normal,West,6897.0,19568.0,1040.0,33.77,36.92,76.65,31.14,254.24,17967.0,28434.0,1
2026-07-01 08:40:00,Sale,West,10915.0,26610.0,1473.0,43.25,31.62,95.78,26.23,374.17,31833.0,33552.0,1
2026-07-01 08:50:00,Sale,North,10394.0,27987.0,1331.0,41.53,31.97,78.71,29.28,398.65,27312.0,36511.0,1
2026-07-01 09:00:00,Sale,South,11942.0,34430.0,1607.0,44.88,37.56,50.0,35.42,419.44,41412.0,43389.0,1
2026-07-01 09:10:00,Sale,South,10828.0,30696.0,1722.0,39.75,39.43,50.0,30.14,370.36,39725.0,37298.0,1
2026-07-01 09:20:00,Normal,North,8074.0,19476.0,983.0,32.99,34.72,50.52,24.4,323.02,19315.0,27030.0,1
2026-07-01 09:30:00,Sale,North,11347.0,32196.0,1490.0,46.18,40.81,53.94,34.51,375.7,39821.0,40926.0,1
2026-07-01 09:40:00,Normal,North,6752.0,19350.0,1176.0,26.61,34.25,50.0,27.53,308.75,21721.0,26010.0,1
2026-07-01 09:50:00,Normal,South,8250.0,25008.0,1281.0,36.14,40.94,,33.69,325.8,22771.0,35118.0,1
2026-07-01 10:00:00,Sale,West,12173.0,32648.0,2021.0,37.76,41.74,67.58,32.13,426.4,32632.0,39734.0,1
2026-07-01 10:10:00,Normal,West,8829.0,21158.0,1167.0,33.52,35.64,50.0,28.82,328.5,24074.0,30663.0,1
2026-07-01 10:20:00,Sale,North,12817.0,33588.0,1907.0,51.34,43.19,96.03,36.48,437.78,38966.0,39700.0,1
2026-07-01 10:30:00,Sale,North,11807.0,30729.0,1651.0,39.37,33.81,80.48,27.85,389.9,29559.0,39604.0,1
2026-07-01 10:40:00,Sale,South,12164.0,35672.0,1394.0,51.13,40.23,72.25,37.15,481.62,40065.0,49343.0,1
2026-07-01 10:50:00,Sale,South,12267.0,28348.0,1366.0,53.49,38.33,80.15,29.32,380.71,34085.0,40870.0,1
2026-07-01 11:00:00,Sale,West,13531.0,36795.0,1996.0,55.09,42.68,83.33,33.58,550.02,44885.0,44575.0,1
2026-07-01 11:10:00,Normal,West,8456.0,25848.0,1478.0,40.5,31.9,90.15,31.2,305.85,27882.0,31201.0,1
2026-07-01 11:20:00,Normal,West,8326.0,23322.0,1032.0,41.26,35.38,55.09,28.85,280.23,27144.0,26459.0,1
2026-07-01 11:30:00,Normal,West,8137.0,24098.0,1318.0,33.0,37.64,86.11,28.02,355.84,29574.0,28814.0,1
2026-07-01 11:40:00,Normal,West,8212.0,20567.0,993.0,29.19,36.63,50.0,28.42,294.88,24788.0,25932.0,1
2026-07-01 11:50:00,Normal,South,8890.0,22328.0,1259.0,37.09,39.37,60.6,26.87,333.09,26998.0,32242.0,1
2026-07-01 12:00:00,Sale,North,13201.0,40378.0,2216.0,53.92,44.42,78.88,39.77,466.32,45681.0,47338.0,1
2026-07-01 12:10:00,Normal,North,8318.0,23442.0,1394.0,42.3,36.02,50.0,28.71,325.77,26034.0,29711.0,1
2026-07-01 12:20:00,Normal,South,8233.0,23206.0,1425.0,35.45,38.15,80.02,33.58,333.5,26622.0,27473.0,1
2026-07-01 12:30:00,Normal,North,8239.0,21410.0,1237.0,36.97,34.89,69.33,32.79,290.51,22344.0,27298.0,1
2026-07-01 12:40:00,Normal,North,7814.0,22022.0,1325.0,37.36,36.15,50.0,30.93,316.02,27114.0,31228.0,1
2026-07-01 12:50:00,Sale,West,12824.0,33262.0,1759.0,45.75,42.03,91.06,31.91,388.58,32163.0,42953.0,1
2026-07-01 13:00:00,Sale,North,14219.0,42852.0,3083.0,54.13,42.86,109.13,35.01,528.39,45833.0,59812.0,1
2026-07-01 13:10:00,Sale,West,13367.0,43990.0,2098.0,51.97,44.48,78.7,36.39,566.04,49110.0,57562.0,1
2026-07-01 13:20:00,Sale,West,13822.0,39906.0,2068.0,53.04,44.85,66.91,34.08,458.12,46570.0,43621.0,1
2026-07-01 13:30:00,Normal,South,7451.0,20011.0,1209.0,35.79,37.14,50.0,24.7,257.66,23728.0,29199.0,1
2026-07-01 13:40:00,Sale,West,13754.0,32239.0,1919.0,43.64,42.98,62.49,26.64,442.14,40908.0,34853.0,0
2026-07-01 13:50:00,Normal,North,8610.0,21497.0,1245.0,38.94,42.51,50.0,34.26,272.08,24243.0,27318.0,1
2026-07-01 14:00:00,Normal,South,8509.0,26208.0,1548.0,44.39,39.28,77.58,22.86,373.09,27471.0,34737.0,1
2026-07-01 14:10:00,Normal,North,8840.0,23116.0,982.0,40.36,34.71,57.59,30.67,322.54,25554.0,33249.0,1
2026-07-01 14:20:00,Sale,West,13315.0,36392.0,2349.0,44.76,42.27,53.56,32.3,443.48,39597.0,42568.0,1
2026-07-01 14:30:00,Normal,North,7688.0,22433.0,1206.0,37.47,37.26,55.33,30.42,351.0,26292.0,31958.0,1
2026-07-01 14:40:00,Normal,North,9211.0,28249.0,1765.0,38.37,39.73,55.8,27.79,395.69,28624.0,37029.0,1
2026-07-01 14:50:00,Normal,West,8872.0,24522.0,1049.0,39.23,41.07,50.0,31.45,342.21,27034.0,30179.0,1
2026-07-01 15:00:00,Normal,South,8533.0,23272.0,1316.0,34.15,31.09,50.0,30.74,268.9,29841.0,34924.0,1
2026-07-01 15:10:00,Sale,South,12987.0,36531.0,1886.0,54.16,45.33,95.99,41.32,473.12,41572.0,38226.0,0
2026-07-01 15:20:00,Normal,South,7955.0,21376.0,1249.0,39.3,41.03,58.19,30.09,276.99,21691.0,26469.0,1
2026-07-01 15:30:00,Normal,North,8802.0,23737.0,1351.0,42.79,38.01,66.14,34.27,321.84,25779.0,30703.0,1
2026-07-01 15:40:00,Normal,West,9497.0,27296.0,1561.0,45.41,39.33,50.0,26.51,363.14,24476.0,38540.0,1
2026-07-01 15:50:00,Sale,North,13572.0,38453.0,1871.0,49.6,40.73,88.87,36.52,521.96,42841.0,44250.0,1
2026-07-01 16:00:00,Normal,North,7824.0,24910.0,1362.0,37.47,36.74,50.0,31.16,332.77,32003.0,28780.0,0
2026-07-01 16:10:00,Normal,North,8628.0,24840.0,1339.0,46.08,38.79,50.0,31.27,302.83,24874.0,28139.0,1
2026-07-01 16:20:00,Normal,North,8489.0,25528.0,1480.0,39.04,38.84,57.0,31.47,382.02,24874.0,34318.0,1
2026-07-01 16:30:00,Sale,North,13631.0,35539.0,2166.0,42.79,42.6,84.74,37.94,463.53,37482.0,44823.0,1
2026-07-01 16:40:00,Sale,South,13502.0,39083.0,2185.0,55.25,43.56,50.0,34.36,499.91,47374.0,44877.0,1
2026-07-01 16:50:00,Sale,North,11706.0,31254.0,1480.0,45.14,41.63,50.0,29.52,439.75,40332.0,35483.0,0
2026-07-01 17:00:00,Normal,North,8510.0,24434.0,1360.0,44.79,38.91,50.0,28.53,377.42,28461.0,38911.0,1
2026-07-01 17:10:00,Flash Sale,South,18856.0,55134.0,3896.0,65.84,44.22,145.26,39.58,619.05,54661.0,74761.0,1
2026-07-01 17:20:00,Sale,North,12057.0,33868.0,2197.0,46.71,42.35,54.18,33.79,393.91,37857.0,45764.0,1
2026-07-01 17:30:00,Sale,West,12674.0,40978.0,1522.0,58.94,47.92,93.67,29.42,520.85,53229.0,52390.0,1
2026-07-01 17:40:00,Normal,West,8443.0,25810.0,1429.0,33.78,36.95,62.92,32.22,341.54,28105.0,30952.0,1
2026-07-01 17:50:00,Normal,South,7417.0,22340.0,1354.0,34.65,40.32,50.0,26.67,309.1,25334.0,29513.0,1
2026-07-01 18:00:00,Normal,West,8227.0,24168.0,1303.0,34.99,33.71,59.87,31.63,303.64,27650.0,37035.0,1
2026-07-01 18:10:00,Sale,North,12588.0,39242.0,2050.0,42.58,41.65,52.71,31.22,497.01,37884.0,44705.0,1
2026-07-01 18:20:00,Normal,North,7898.0,20073.0,1072.0,38.55,33.1,50.0,28.57,300.78,24485.0,27024.0,1
2026-07-01 18:30:00,Normal,West,7441.0,22671.0,1322.0,35.04,40.07,85.73,28.35,312.82,27327.0,27263.0,1
2026-07-01 18:40:00,Normal,West,7385.0,19361.0,931.0,38.08,39.7,80.21,33.82,248.9,17825.0,29667.0,1
2026-07-01 18:50:00,Sale,West,12719.0,34322.0,2132.0,48.73,39.72,96.58,33.76,463.45,33873.0,41433.0,1
2026-07-01 19:00:00,Normal,North,6697.0,19429.0,1062.0,36.94,38.31,70.25,33.06,290.69,19877.0,28894.0,1
2026-07-01 19:10:00,Sale,West,12084.0,36518.0,1804.0,47.22,45.73,50.0,41.72,483.13,43634.0,44854.0,1
2026-07-01 19:20:00,Sale,South,11469.0,29733.0,1836.0,40.22,38.31,50.0,31.68,334.75,31068.0,34799.0,1
2026-07-01 19:30:00,Sale,North,11504.0,31150.0,1424.0,44.84,39.29,60.75,36.36,402.92,36138.0,35790.0,1
2026-07-01 19:40:00,Normal,North,6599.0,18593.0,961.0,37.48,36.71,101.3,26.99,258.0,20486.0,26632.0,1
2026-07-01 19:50:00,Sale,West,11479.0,31755.0,1638.0,44.79,36.59,62.03,35.75,408.46,35792.0,41722.0,1
2026-07-01 20:00:00,Sale,North,11157.0,32954.0,2236.0,43.2,39.86,91.12,29.83,443.12,38543.0,42241.0,1
2026-07-01 20:10:00,Sale,West,10182.0,34806.0,1771.0,42.79,46.61,86.03,32.6,447.31,39931.0,44526.0,1
2026-07-01 20:20:00,Normal,South,7249.0,20845.0,877.0,36.54,33.8,54.76,31.2,298.91,23307.0,24110.0,1
2026-07-01 20:30:00,Normal,West,7045.0,18792.0,968.0,31.76,37.14,50.0,31.22,278.24,21662.0,21170.0,1
2026-07-01 20:40:00,Normal,West,6678.0,17140.0,990.0,32.28,35.57,50.0,24.95,222.41,19569.0,21651.0,1
2026-07-01 20:50:00,Normal,West,7427.0,20362.0,1216.0,34.35,34.64,50.0,26.88,270.95,22378.0,23095.0,1
2026-07-01 21:00:00,Normal,North,5446.0,14327.0,984.0,28.4,33.68,63.57,29.99,261.3,15428.0,19972.0,1
2026-07-01 21:10:00,Normal,North,6720.0,19383.0,1230.0,35.65,40.04,50.0,28.16,271.19,25353.0,22960.0,0
2026-07-01 21:20:00,Normal,South,7357.0,21198.0,1190.0,38.24,37.08,50.0,25.47,330.49,22803.0,27001.0,1
2026-07-01 21:30:00,Sale,South,10868.0,29524.0,1466.0,50.96,40.46,75.9,31.28,405.9,37103.0,36636.0,1
2026-07-01 21:40:00,Normal,North,6742.0,21286.0,1378.0,39.13,40.25,57.3,29.33,324.84,22382.0,29816.0,1
2026-07-01 21:50:00,Sale,North,9997.0,26668.0,1408.0,47.04,36.47,77.87,31.4,365.01,32029.0,30941.0,1
2026-07-01 22:00:00,Sale,North,9176.0,25495.0,1302.0,36.4,33.78,83.98,,334.05,33102.0,27209.0,0
2026-07-01 22:10:00,Normal,North,5974.0,17413.0,914.0,26.4,39.4,50.0,30.23,260.35,18915.0,23752.0,1
2026-07-01 22:20:00,Sale,North,9766.0,28912.0,1373.0,42.52,38.53,50.0,29.06,395.13,30452.0,34805.0,1
2026-07-01 22:30:00,Normal,West,5721.0,17336.0,905.0,36.17,36.75,50.0,27.58,210.22,18672.0,25152.0,1
2026-07-01 22:40:00,Sale,North,9872.0,28404.0,1523.0,44.95,35.65,83.03,34.03,405.14,31758.0,33571.0,1
2026-07-01 22:50:00,Normal,West,7192.0,21497.0,1277.0,41.12,36.69,50.0,28.1,292.47,24768.0,28580.0,1
2026-07-01 23:00:00,Sale,West,8901.0,23857.0,1257.0,28.13,33.06,55.69,29.06,326.42,26625.0,27857.0,1
2026-07-01 23:10:00,Normal,North,5090.0,15094.0,715.0,35.84,33.47,56.51,23.81,239.0,16272.0,18542.0,1
2026-07-01 23:20:00,Normal,West,5090.0,15081.0,684.0,32.16,31.33,55.45,28.23,239.82,19839.0,18777.0,1
2026-07-01 23:30:00,Normal,South,6151.0,18897.0,1063.0,27.89,31.98,59.29,30.19,246.13,20786.0,23800.0,1
2026-07-01 23:40:00,Sale,West,8902.0,22252.0,1234.0,39.81,34.88,75.53,23.97,316.32,23543.0,32172.0,1
2026-07-01 23:50:00,Sale,North,9370.0,24707.0,1277.0,39.68,29.77,50.0,27.22,351.93,29724.0,28237.0,1
2026-07-02 00:00:00,Normal,North,5218.0,15382.0,803.0,32.6,29.9,74.18,24.12,192.71,18530.0,18364.0,1
2026-07-02 00:10:00,Normal,North,5900.0,13704.0,786.0,33.64,35.14,50.0,30.38,194.52,17284.0,17385.0,1
2026-07-02 00:20:00,Normal,South,5405.0,15614.0,989.0,32.99,34.51,67.72,22.7,268.53,20497.0,19188.0,1
2026-07-02 00:30:00,Normal,West,5118.0,15307.0,770.0,25.12,30.14,50.0,28.13,260.82,17674.0,20537.0,1
2026-07-02 00:40:00,Normal,West,5284.0,14247.0,791.0,29.54,34.63,50.0,30.29,239.94,15546.0,18460.0,1
2026-07-02 00:50:00,Normal,West,4886.0,13302.0,808.0,22.84,30.02,73.92,28.49,205.97,12368.0,18810.0,1
2026-07-02 01:00:00,Sale,West,9225.0,24045.0,1211.0,41.03,38.58,50.0,28.97,348.34,24676.0,32328.0,1
2026-07-02 01:10:00,Sale,West,8182.0,22141.0,1216.0,42.41,35.4,50.0,30.91,281.34,25259.0,27014.0,1
2026-07-02 01:20:00,Normal,North,5632.0,15270.0,836.0,26.01,32.37,50.0,31.47,239.27,15299.0,20622.0,1
2026-07-02 01:30:00,Sale,West,7961.0,21314.0,1005.0,33.43,35.19,66.21,29.37,270.47,20493.0,24470.0,1
2026-07-02 01:40:00,Normal,South,4784.0,12759.0,715.0,25.32,40.14,55.03,21.09,213.54,14374.0,19061.0,1
2026-07-02 01:50:00,Sale,North,8113.0,22321.0,1232.0,35.16,33.54,54.69,33.35,287.45,26733.0,28945.0,1
2026-07-02 02:00:00,Normal,South,5801.0,15946.0,930.0,33.2,34.26,50.0,29.71,268.36,17467.0,21037.0,1
2026-07-02 02:10:00,Sale,West,7877.0,24713.0,1183.0,37.23,38.99,72.04,30.34,347.96,29895.0,30505.0,1
2026-07-02 02:20:00,Sale,North,7702.0,21020.0,1157.0,38.48,32.47,64.31,23.68,285.93,24838.0,27227.0,1
2026-07-02 02:30:00,Sale,South,8215.0,23512.0,1488.0,42.25,31.45,50.0,29.28,352.37,29035.0,25597.0,0
2026-07-02 02:40:00,Normal,North,5500.0,14828.0,1000.0,35.01,31.39,68.09,25.64,214.37,19830.0,20190.0,1
2026-07-02 02:50:00,Sale,North,8959.0,24134.0,1513.0,34.04,38.73,50.0,26.66,330.46,33339.0,29893.0,0
2026-07-02 03:00:00,Normal,North,5487.0,13679.0,656.0,35.17,31.76,55.95,27.6,211.42,16321.0,17665.0,1
2026-07-02 03:10:00,Normal,West,5632.0,14176.0,818.0,35.91,32.27,50.0,26.51,250.32,15225.0,21499.0,1
2026-07-02 03:20:00,Sale,West,8590.0,22185.0,1156.0,43.07,38.5,66.44,28.47,327.93,24984.0,25312.0,1
2026-07-02 03:30:00,Normal,North,4733.0,13409.0,760.0,28.77,30.27,50.0,30.17,256.64,17128.0,20193.0,1
2026-07-02 03:40:00,Sale,North,7748.0,23196.0,1168.0,34.71,35.85,50.1,30.87,324.04,23908.0,28602.0,1
2026-07-02 03:50:00,Sale,North,7688.0,19054.0,852.0,30.26,30.13,53.2,27.71,206.55,24099.0,24278.0,1
2026-07-02 04:00:00,Normal,North,4818.0,13015.0,689.0,24.66,33.52,50.0,26.0,209.38,14356.0,20521.0,1
2026-07-02 04:10:00,Sale,South,8899.0,22727.0,1349.0,37.36,36.64,67.85,28.64,356.4,25970.0,26764.0,1
2026-07-02 04:20:00,Normal,West,5629.0,15495.0,879.0,34.56,35.81,88.72,27.67,236.82,16103.0,18424.0,1
2026-07-02 04:30:00,Normal,South,5524.0,16537.0,950.0,37.28,30.35,50.0,30.39,207.44,16333.0,19704.0,1
2026-07-02 04:40:00,Normal,South,4188.0,11390.0,641.0,25.74,31.41,50.0,24.38,215.13,12439.0,17878.0,1
2026-07-02 04:50:00,Sale,South,9529.0,26599.0,1527.0,40.45,33.47,50.0,35.23,369.09,33256.0,33016.0,1
2026-07-02 05:00:00,Normal,North,5315.0,16276.0,947.0,31.42,32.96,50.0,30.33,234.58,17086.0,20730.0,1
2026-07-02 05:10:00,Normal,North,6788.0,19567.0,1044.0,32.09,39.29,50.0,21.09,279.5,25071.0,21454.0,0
2026-07-02 05:20:00,Normal,West,5038.0,13417.0,745.0,32.35,31.73,50.0,28.21,202.99,14258.0,24294.0,1
2026-07-02 05:30:00,Flash Sale,West,13136.0,37156.0,2432.0,51.03,36.91,103.55,36.3,474.62,37646.0,38344.0,1
2026-07-02 05:40:00,Sale,West,7831.0,20759.0,1159.0,36.21,33.23,50.0,30.73,299.01,23777.0,26153.0,1
2026-07-02 05:50:00,Sale,West,9113.0,26206.0,1448.0,41.71,32.34,68.92,29.53,322.92,31131.0,35772.0,1
2026-07-02 06:00:00,Sale,South,8943.0,25870.0,1439.0,42.45,33.17,72.88,30.51,348.46,29461.0,31496.0,1
2026-07-02 06:10:00,Sale,West,8957.0,22876.0,1228.0,39.87,38.02,58.24,30.57,300.43,25966.0,26752.0,1
2026-07-02 06:20:00,Normal,South,5439.0,15400.0,807.0,27.74,29.05,50.0,30.7,280.53,19716.0,22043.0,1
2026-07-02 06:30:00,Normal,North,6514.0,18100.0,1018.0,36.97,35.27,63.55,24.74,293.35,20444.0,23846.0,1
2026-07-02 06:40:00,Sale,North,9849.0,28544.0,1483.0,43.28,38.07,64.14,29.46,372.39,30627.0,35267.0,1
2026-07-02 06:50:00,Sale,North,10400.0,30676.0,1660.0,42.34,37.14,58.82,36.66,398.78,30881.0,39731.0,1
2026-07-02 07:00:00,Normal,North,6204.0,17905.0,900.0,34.16,34.95,51.55,29.04,294.39,22334.0,22963.0,1
2026-07-02 07:10:00,Normal,South,6656.0,18275.0,1017.0,34.91,31.58,55.21,33.6,268.41,19690.0,26456.0,1
2026-07-02 07:20:00,Sale,West,9503.0,28206.0,1650.0,46.3,40.39,84.29,40.16,391.02,30665.0,33231.0,1
2026-07-02 07:30:00,Normal,West,6380.0,16860.0,906.0,28.15,31.81,50.0,27.23,295.54,20657.0,23246.0,1
2026-07-02 07:40:00,Sale,South,9889.0,25337.0,1088.0,44.84,35.71,51.15,26.98,331.1,33583.0,28154.0,0
2026-07-02 07:50:00,Normal,North,6779.0,15083.0,883.0,30.91,31.76,50.0,27.52,281.98,17272.0,21468.0,1
2026-07-02 08:00:00,Normal,West,7509.0,20929.0,1166.0,33.77,37.39,60.07,32.9,333.17,23154.0,29458.0,1
2026-07-02 08:10:00,Sale,South,11346.0,30090.0,1476.0,41.43,,84.37,35.34,397.11,33683.0,35792.0,1
2026-07-02 08:20:00,Normal,North,6579.0,18891.0,1127.0,30.05,26.75,50.0,35.97,267.81,20297.0,25294.0,1
2026-07-02 08:30:00,Normal,North,7499.0,18337.0,855.0,26.62,35.18,50.0,28.92,279.27,19885.0,26502.0,1
2026-07-02 08:40:00,Sale,North,10828.0,29057.0,1780.0,45.41,32.94,78.85,32.86,374.46,31525.0,34509.0,1
2026-07-02 08:50:00,Sale,North,10688.0,30830.0,1685.0,52.13,37.77,64.5,29.65,378.48,37338.0,35806.0,1
2026-07-02 09:00:00,Normal,West,7099.0,18560.0,768.0,27.31,34.17,76.49,21.56,288.91,20624.0,23812.0,1
2026-07-02 09:10:00,Normal,West,7173.0,20613.0,1156.0,31.72,34.16,89.67,29.42,270.54,25888.0,30191.0,1
2026-07-02 09:20:00,Sale,West,12423.0,33539.0,1763.0,49.51,41.24,98.8,28.92,416.93,37174.0,47105.0,1
2026-07-02 09:30:00,Flash Sale,North,17668.0,49366.0,2550.0,59.78,47.44,114.42,37.79,575.53,53478.0,61321.0,1
2026-07-02 09:40:00,Normal,West,7540.0,21920.0,1109.0,39.97,33.35,93.86,24.18,275.07,27352.0,29591.0,1
2026-07-02 09:50:00,Normal,West,7322.0,21757.0,1180.0,36.09,33.19,53.88,27.57,324.03,24414.0,25594.0,1
2026-07-02 10:00:00,Normal,North,9098.0,25626.0,1335.0,37.46,36.86,50.0,31.44,340.55,28377.0,31128.0,1
2026-07-02 10:10:00,Normal,South,8528.0,22628.0,992.0,36.33,31.29,50.0,31.1,348.75,25419.0,27473.0,1
2026-07-02 10:20:00,Normal,South,7514.0,20421.0,1279.0,25.83,33.72,50.0,29.35,288.09,25867.0,30789.0,1
2026-07-02 10:30:00,Sale,South,12069.0,35178.0,1883.0,43.33,44.36,77.23,38.34,431.62,40476.0,42622.0,1
2026-07-02 10:40:00,Normal,North,7768.0,20322.0,1028.0,39.07,30.59,56.29,34.18,270.61,25300.0,25601.0,1
2026-07-02 10:50:00,Normal,South,7948.0,21999.0,1061.0,41.47,34.68,50.0,27.79,310.97,24123.0,28595.0,1
2026-07-02 11:00:00,Sale,North,12417.0,33906.0,2022.0,52.44,38.09,63.37,37.29,430.18,41669.0,44306.0,1
2026-07-02 11:10:00,Sale,North,12987.0,36123.0,1705.0,50.47,46.66,84.79,38.23,469.78,41317.0,43176.0,1
2026-07-02 11:20:00,Normal,North,8963.0,23469.0,1310.0,28.92,34.6,67.72,29.79,326.37,28357.0,28858.0,1
2026-07-02 11:30:00,Sale,West,12111.0,29874.0,1538.0,40.85,37.02,65.08,31.71,441.09,36347.0,38175.0,1
2026-07-02 11:40:00,Sale,North,12204.0,35315.0,1831.0,53.32,37.27,83.81,32.62,454.56,36227.0,46523.0,1
2026-07-02 11:50:00,Sale,South,12526.0,37248.0,1802.0,56.15,41.06,50.98,31.26,437.81,41986.0,47892.0,1
2026-07-02 12:00:00,Normal,North,8297.0,20555.0,1054.0,40.92,36.0,50.0,27.89,268.77,24990.0,26172.0,1
2026-07-02 12:10:00,Normal,West,9515.0,27273.0,1501.0,40.24,34.89,58.48,34.96,376.1,33591.0,39679.0,1
2026-07-02 12:20:00,Sale,South,13700.0,41031.0,2315.0,47.65,45.33,103.03,,474.85,51098.0,44857.0,0
2026-07-02 12:30:00,Normal,West,8988.0,26130.0,1314.0,40.05,37.96,63.27,29.09,366.17,29539.0,29804.0,1
2026-07-02 12:40:00,Normal,North,8383.0,22845.0,1244.0,37.48,38.55,50.0,27.25,340.84,29105.0,26653.0,0
2026-07-02 12:50:00,Normal,North,8372.0,22021.0,1329.0,42.98,34.72,,27.57,333.2,23216.0,32613.0,1
2026-07-02 13:00:00,Sale,South,12744.0,35870.0,1615.0,49.4,41.28,116.71,32.4,426.97,34812.0,46886.0,1
2026-07-02 13:10:00,Sale,South,13861.0,39429.0,2167.0,51.58,41.16,100.35,36.41,507.33,43066.0,45494.0,1
2026-07-02 13:20:00,Normal,West,8936.0,25175.0,1241.0,39.69,41.18,51.32,27.96,349.81,31206.0,36083.0,1
2026-07-02 13:30:00,Sale,West,14113.0,39059.0,1902.0,52.8,42.02,60.28,36.3,465.39,39503.0,44657.0,1
2026-07-02 13:40:00,Normal,South,8585.0,22365.0,1265.0,39.52,35.85,50.0,30.51,309.66,21761.0,33342.0,1
2026-07-02 13:50:00,Sale,West,13399.0,38537.0,1993.0,47.86,40.11,84.95,33.91,487.15,36531.0,47393.0,1
2026-07-02 14:00:00,Sale,South,13648.0,39370.0,1878.0,47.23,40.23,93.51,36.74,466.88,46992.0,44035.0,1
2026-07-02 14:10:00,Normal,North,9196.0,26081.0,1642.0,45.65,37.84,71.52,33.27,358.36,25435.0,35358.0,1
2026-07-02 14:20:00,Normal,South,8015.0,22602.0,1368.0,30.65,38.37,59.42,25.76,352.16,26555.0,32222.0,1
2026-07-02 14:30:00,Normal,North,9118.0,28287.0,1228.0,48.59,35.85,52.97,27.97,396.97,30753.0,45806.0,1
2026-07-02 14:40:00,Flash Sale,West,20552.0,55236.0,2549.0,57.31,47.71,108.74,36.46,644.41,57608.0,69520.0,1
2026-07-02 14:50:00,Sale,North,13033.0,39499.0,2313.0,49.24,42.38,138.07,34.76,490.84,40294.0,46986.0,1
2026-07-02 15:00:00,Sale,North,12428.0,33156.0,1767.0,50.07,40.68,59.03,36.39,408.11,37818.0,42316.0,1
2026-07-02 15:10:00,Sale,South,13402.0,40200.0,2573.0,52.17,36.95,56.15,34.04,479.26,41993.0,51287.0,1
2026-07-02 15:20:00,Normal,North,9414.0,28450.0,1670.0,36.92,35.18,50.0,36.37,336.07,31850.0,38540.0,1
2026-07-02 15:30:00,Sale,North,14307.0,39306.0,2232.0,53.12,37.66,77.64,31.53,489.34,45601.0,45276.0,1
2026-07-02 15:40:00,Normal,West,8868.0,27482.0,1343.0,41.63,37.72,83.96,29.43,381.88,32463.0,35526.0,1
2026-07-02 15:50:00,Normal,North,9671.0,27896.0,1617.0,40.85,35.06,50.0,30.22,367.19,33850.0,35646.0,1
2026-07-02 16:00:00,Sale,South,13178.0,34816.0,1648.0,45.1,38.7,113.53,30.21,416.23,39568.0,41778.0,1
2026-07-02 16:10:00,Sale,North,13676.0,37371.0,2348.0,49.63,37.5,82.03,36.7,465.36,37931.0,44666.0,1
2026-07-02 16:20:00,Normal,North,8290.0,24902.0,1433.0,36.84,35.51,82.52,22.17,372.57,29050.0,34517.0,1
2026-07-02 16:30:00,Sale,North,12942.0,38387.0,1921.0,60.37,38.06,65.51,31.93,496.32,45513.0,47978.0,1
2026-07-02 16:40:00,Sale,West,12860.0,33560.0,2008.0,45.57,42.02,55.28,35.83,424.86,36978.0,36505.0,1
2026-07-02 16:50:00,Sale,West,12169.0,33768.0,2311.0,45.21,41.26,76.57,31.49,478.86,36848.0,42153.0,1
2026-07-02 17:00:00,Sale,North,13412.0,38044.0,2043.0,48.17,41.77,95.76,36.59,537.91,52025.0,44957.0,0
2026-07-02 17:10:00,Normal,West,7917.0,21443.0,1250.0,43.33,34.6,50.0,36.31,292.43,21244.0,25277.0,1
2026-07-02 17:20:00,Normal,South,7837.0,25269.0,1324.0,32.92,30.73,62.9,30.8,336.54,29548.0,29070.0,1
2026-07-02 17:30:00,Normal,South,7647.0,21735.0,1207.0,37.91,34.23,62.53,33.29,324.68,26616.0,31754.0,1
2026-07-02 17:40:00,Sale,West,12666.0,35323.0,1623.0,47.07,38.08,50.0,40.03,420.41,38357.0,48246.0,1
2026-07-02 17:50:00,Sale,West,13650.0,41145.0,2263.0,47.28,43.14,82.0,35.26,522.68,45389.0,46355.0,1
2026-07-02 18:00:00,Normal,West,8922.0,24395.0,1348.0,35.46,38.4,50.0,30.22,336.48,26343.0,30484.0,1
2026-07-02 18:10:00,Normal,South,7045.0,21002.0,1382.0,37.12,36.32,50.0,32.33,309.31,23523.0,25730.0,1
2026-07-02 18:20:00,Normal,South,7698.0,19243.0,851.0,30.9,38.52,52.51,32.79,268.04,23283.0,25350.0,1
2026-07-02 18:30:00,Sale,North,11689.0,31775.0,1694.0,46.05,37.42,57.29,31.87,388.06,34958.0,44772.0,1
2026-07-02 18:40:00,Sale,North,12700.0,37959.0,2381.0,57.18,39.46,50.0,31.9,419.96,54322.0,44131.0,0
2026-07-02 18:50:00,Normal,South,8018.0,24717.0,1324.0,39.69,39.76,50.0,35.59,374.29,26565.0,30880.0,1
2026-07-02 19:00:00,Normal,North,7135.0,18984.0,1025.0,28.32,35.14,50.0,28.36,303.38,23877.0,27862.0,1
2026-07-02 19:10:00,Sale,North,11588.0,30591.0,1530.0,40.62,37.97,79.71,35.31,412.75,35926.0,33118.0,1
2026-07-02 19:20:00,Normal,North,7214.0,20937.0,1034.0,34.65,40.87,66.2,30.39,308.08,23676.0,30374.0,1
2026-07-02 19:30:00,Sale,North,12359.0,33220.0,1463.0,44.83,41.36,50.0,37.79,364.59,42092.0,41756.0,1
2026-07-02 19:40:00,Normal,South,7726.0,21260.0,1089.0,36.68,34.87,50.0,,283.83,20410.0,27120.0,1
2026-07-02 19:50:00,Normal,South,7788.0,23035.0,1130.0,38.83,34.0,59.51,27.51,313.94,26778.0,31011.0,1
2026-07-02 20:00:00,Sale,South,9517.0,25714.0,1432.0,46.78,40.98,50.0,33.22,320.11,26958.0,28776.0,1
2026-07-02 20:10:00,Normal,North,6967.0,17042.0,857.0,32.47,34.59,57.06,25.36,218.08,18344.0,24194.0,1
2026-07-02 20:20:00,Normal,South,8042.0,20633.0,1075.0,30.93,35.3,71.63,29.89,271.9,22113.0,25034.0,1
2026-07-02 20:30:00,Normal,South,7663.0,21470.0,1123.0,40.86,37.54,50.0,34.37,305.93,21977.0,24834.0,1
2026-07-02 20:40:00,Normal,West,6076.0,14976.0,819.0,35.78,35.88,50.0,22.94,240.99,14298.0,19995.0,1
2026-07-02 20:50:00,Normal,South,6843.0,18795.0,974.0,34.91,36.23,50.0,30.34,300.64,21781.0,22918.0,1
2026-07-02 21:00:00,Normal,South,5946.0,15160.0,737.0,29.9,35.96,53.7,31.97,293.18,16879.0,22297.0,1
2026-07-02 21:10:00,Normal,South,7403.0,22913.0,1272.0,39.97,37.37,100.47,29.96,336.27,24973.0,32819.0,1
2026-07-02 21:20:00,Normal,West,6669.0,21273.0,1306.0,35.24,37.11,91.69,26.9,298.34,25441.0,28076.0,1
2026-07-02 21:30:00,Sale,West,9764.0,25480.0,1421.0,31.43,34.72,51.18,29.82,389.8,29689.0,34419.0,1
2026-07-02 21:40:00,Sale,South,10165.0,28932.0,1485.0,44.85,43.56,50.0,28.85,339.77,31632.0,31217.0,1
2026-07-02 21:50:00,Normal,South,5243.0,13775.0,747.0,33.28,29.12,51.25,28.24,175.78,19631.0,19068.0,1
2026-07-02 22:00:00,Normal,North,5583.0,15320.0,654.0,36.79,34.29,50.0,27.54,221.03,18718.0,19282.0,1
2026-07-02 22:10:00,Normal,West,6143.0,19195.0,1040.0,31.39,30.71,54.18,27.68,302.26,26192.0,30655.0,1
2026-07-02 22:20:00,Sale,North,9917.0,26933.0,1417.0,41.8,37.13,66.82,32.32,363.55,29048.0,29837.0,1
2026-07-02 22:30:00,Sale,North,8523.0,23426.0,1157.0,38.9,34.49,53.86,34.89,296.05,26822.0,31912.0,1
2026-07-02 22:40:00,Normal,West,5934.0,15610.0,788.0,31.61,33.87,60.05,29.42,227.92,15550.0,22022.0,1
2026-07-02 22:50:00,Normal,West,6630.0,19931.0,1047.0,35.4,36.0,70.49,33.42,258.28,21664.0,21849.0,1
2026-07-02 23:00:00,Normal,North,5037.0,11145.0,679.0,27.62,29.03,50.0,32.19,170.41,11831.0,17292.0,1
2026-07-02 23:10:00,Normal,North,5877.0,15988.0,984.0,32.44,33.51,50.0,26.76,288.65,22695.0,22338.0,1
2026-07-02 23:20:00,Sale,North,8965.0,25028.0,1237.0,42.24,40.94,50.0,31.33,336.69,26298.0,28712.0,1
2026-07-02 23:30:00,Normal,South,6620.0,17748.0,921.0,37.97,30.27,50.0,27.63,311.72,19462.0,20613.0,1
2026-07-02 23:40:00,Normal,North,5647.0,16691.0,869.0,29.16,31.28,50.0,24.23,234.66,16267.0,20702.0,1
2026-07-02 23:50:00,Normal,West,5677.0,17123.0,1025.0,31.87,36.58,50.0,29.83,273.51,20092.0,22163.0,1
2026-07-03 00:00:00,Sale,West,8928.0,22730.0,1270.0,35.63,36.19,50.0,26.84,322.98,23412.0,27873.0,1
2026-07-03 00:10:00,Normal,South,4821.0,15316.0,851.0,28.76,33.81,50.0,29.82,265.16,18561.0,24100.0,1
2026-07-03 00:20:00,Sale,South,8390.0,21344.0,1243.0,29.68,38.54,67.26,25.03,309.8,20088.0,24975.0,1
2026-07-03 00:30:00,Normal,North,5257.0,15938.0,820.0,31.64,31.2,50.0,29.02,274.0,17656.0,19046.0,1
2026-07-03 00:40:00,Sale,North,8431.0,23835.0,1506.0,40.18,34.78,50.0,25.53,342.21,22296.0,29744.0,1
2026-07-03 00:50:00,Normal,West,5909.0,16009.0,880.0,30.99,31.68,77.38,30.54,222.8,17144.0,21562.0,1
2026-07-03 01:00:00,Sale,North,8507.0,23193.0,1156.0,37.68,35.07,69.48,28.92,340.25,25310.0,32372.0,1
2026-07-03 01:10:00,Sale,North,7856.0,21948.0,1177.0,38.33,39.7,50.0,28.36,306.91,23267.0,31379.0,1
2026-07-03 01:20:00,Flash Sale,North,12546.0,35599.0,2221.0,53.9,35.36,69.04,36.21,426.58,38091.0,43038.0,1
2026-07-03 01:30:00,Sale,North,8975.0,23644.0,1240.0,36.42,32.69,71.73,29.24,343.79,28777.0,27626.0,1
2026-07-03 01:40:00,Sale,South,7814.0,21551.0,1308.0,31.63,31.45,52.48,30.07,328.55,28823.0,28917.0,1
2026-07-03 01:50:00,Sale,West,8303.0,22095.0,1132.0,36.42,39.94,50.0,29.27,298.86,25496.0,26755.0,1
2026-07-03 02:00:00,Sale,West,8041.0,20756.0,1046.0,43.18,33.42,68.03,31.09,288.8,21462.0,26726.0,1
2026-07-03 02:10:00,Normal,South,5218.0,13844.0,816.0,25.12,31.87,61.89,31.17,193.76,15594.0,19157.0,1
2026-07-03 02:20:00,Sale,West,7322.0,18986.0,945.0,36.74,29.8,71.3,31.68,234.75,20592.0,25233.0,1
2026-07-03 02:30:00,Normal,South,5955.0,16225.0,972.0,36.42,32.89,74.26,27.17,246.19,19615.0,20364.0,1
2026-07-03 02:40:00,Sale,West,7750.0,22304.0,1274.0,27.5,38.41,100.8,33.53,332.84,25623.0,25131.0,1
2026-07-03 02:50:00,Normal,South,5763.0,16262.0,809.0,33.46,34.45,79.02,25.83,238.29,15647.0,22113.0,1
2026-07-03 03:00:00,Normal,North,4999.0,15774.0,861.0,33.82,33.2,50.0,26.24,283.43,19398.0,20394.0,1
2026-07-03 03:10:00,Sale,West,7917.0,19018.0,983.0,33.1,29.96,50.0,28.8,275.05,23139.0,22877.0,1
2026-07-03 03:20:00,Normal,North,5916.0,17065.0,974.0,29.92,32.99,50.0,,255.63,21664.0,19348.0,0
2026-07-03 03:30:00,Normal,North,5807.0,16265.0,1079.0,29.46,34.13,50.0,25.07,245.42,17377.0,19662.0,1
2026-07-03 03:40:00,Normal,North,5414.0,15954.0,842.0,30.25,,50.0,31.18,274.08,18349.0,21719.0,1
2026-07-03 03:50:00,Normal,South,5690.0,16666.0,970.0,30.96,35.8,50.0,28.5,232.69,16692.0,20854.0,1
2026-07-03 04:00:00,Normal,South,5340.0,14794.0,816.0,28.61,35.83,50.0,26.95,234.72,16493.0,17101.0,1
2026-07-03 04:10:00,Normal,South,5480.0,15515.0,856.0,29.81,31.84,50.0,31.71,231.47,17993.0,20191.0,1
2026-07-03 04:20:00,Normal,West,5154.0,13740.0,742.0,34.44,34.99,50.0,25.61,213.36,14515.0,19245.0,1
2026-07-03 04:30:00,Normal,North,5936.0,17278.0,861.0,27.83,33.72,50.0,35.66,263.66,19943.0,20727.0,1
2026-07-03 04:40:00,Normal,South,5138.0,12648.0,721.0,21.75,35.87,50.0,27.25,213.65,14378.0,21457.0,1
2026-07-03 04:50:00,Sale,South,9243.0,27174.0,1448.0,45.93,43.61,70.57,31.43,388.03,29213.0,30085.0,1
2026-07-03 05:00:00,Normal,West,5605.0,15670.0,777.0,30.55,30.2,62.42,33.08,246.43,19740.0,22939.0,1
2026-07-03 05:10:00,Sale,North,8942.0,24254.0,1482.0,37.06,38.8,96.17,30.86,346.42,26596.0,31414.0,1
2026-07-03 05:20:00,Sale,North,9311.0,25682.0,1428.0,39.38,40.9,50.0,34.22,351.14,29105.0,28960.0,1
2026-07-03 05:30:00,Normal,South,5774.0,16003.0,858.0,32.44,30.69,50.0,22.66,285.13,15576.0,22555.0,1
2026-07-03 05:40:00,Normal,West,5614.0,17029.0,1074.0,30.38,32.23,50.0,27.42,252.73,19957.0,25436.0,1
2026-07-03 05:50:00,Sale,West,8917.0,30157.0,1326.0,45.66,36.8,82.58,32.82,384.08,32338.0,36930.0,1
2026-07-03 06:00:00,Sale,South,9941.0,30017.0,1880.0,39.67,38.11,79.47,34.85,408.79,36492.0,36469.0,1
2026-07-03 06:10:00,Sale,West,9162.0,24722.0,1229.0,37.81,35.58,90.01,32.75,329.32,24447.0,30947.0,1
2026-07-03 06:20:00,Sale,South,9431.0,27475.0,1546.0,32.49,37.02,50.0,33.07,377.21,31955.0,31732.0,1
2026-07-03 06:30:00,Sale,North,9499.0,27748.0,1428.0,46.27,40.23,71.5,34.29,425.93,25023.0,33720.0,1
2026-07-03 06:40:00,Sale,North,9926.0,26140.0,1293.0,39.51,31.46,69.69,32.18,326.93,30887.0,30148.0,1
2026-07-03 06:50:00,Normal,North,6075.0,15632.0,983.0,33.97,30.55,50.0,22.01,284.61,17234.0,23320.0,1
2026-07-03 07:00:00,Sale,North,11052.0,30820.0,2038.0,46.1,40.8,50.0,36.11,385.89,35749.0,39111.0,1
2026-07-03 07:10:00,Normal,South,6469.0,19053.0,1023.0,36.39,36.33,50.0,26.68,313.97,20196.0,24403.0,1
2026-07-03 07:20:00,Sale,South,10029.0,25172.0,1435.0,39.36,33.63,50.0,31.48,358.87,25803.0,30727.0,1
2026-07-03 07:30:00,Sale,South,10062.0,26869.0,1487.0,42.39,39.08,101.06,31.45,373.7,28926.0,29581.0,1
2026-07-03 07:40:00,Normal,South,5889.0,17095.0,1118.0,28.69,37.96,50.0,28.9,257.18,19475.0,23364.0,1
2026-07-03 07:50:00,Sale,West,9630.0,27035.0,1144.0,36.3,37.32,50.0,27.63,354.09,31838.0,35078.0,1
2026-07-03 08:00:00,Normal,South,6735.0,20574.0,1178.0,35.08,32.18,50.0,23.71,277.69,23668.0,29042.0,1
2026-07-03 08:10:00,Sale,North,11418.0,29069.0,1472.0,39.99,40.8,78.72,28.39,380.85,29835.0,36713.0,1
2026-07-03 08:20:00,Normal,South,6983.0,22510.0,920.0,42.84,41.05,66.93,32.43,310.51,29348.0,30775.0,1
2026-07-03 08:30:00,Sale,South,10608.0,26765.0,1414.0,42.25,34.71,53.49,26.55,362.42,30867.0,30677.0,1
2026-07-03 08:40:00,Normal,South,7613.0,18536.0,1225.0,30.89,34.61,55.87,26.44,240.1,19607.0,28789.0,1
2026-07-03 08:50:00,Sale,North,11626.0,32428.0,1656.0,44.48,42.62,62.64,33.39,414.85,37695.0,39873.0,1
2026-07-03 09:00:00,Sale,North,12180.0,31616.0,1889.0,45.41,39.41,96.24,28.87,437.73,36219.0,37366.0,1
2026-07-03 09:10:00,Sale,West,11126.0,31074.0,1933.0,44.14,33.63,93.18,30.21,424.34,34258.0,40641.0,1
2026-07-03 09:20:00,Sale,South,11304.0,31502.0,1730.0,45.86,40.36,50.0,32.18,405.6,34360.0,40705.0,1
2026-07-03 09:30:00,Sale,North,12459.0,34446.0,1919.0,47.55,37.12,50.0,33.43,498.52,41972.0,42920.0,1
2026-07-03 09:40:00,Sale,South,11673.0,30913.0,1382.0,38.71,35.01,118.79,28.66,384.7,39964.0,39628.0,1
2026-07-03 09:50:00,Normal,West,7319.0,21064.0,1068.0,27.3,30.19,69.64,30.06,298.47,19303.0,30603.0,1
2026-07-03 10:00:00,Sale,North,12565.0,34465.0,2083.0,45.8,43.63,50.0,33.78,398.39,42842.0,42053.0,1
2026-07-03 10:10:00,Normal,West,8379.0,25125.0,1391.0,41.6,34.29,50.0,26.71,331.16,28190.0,35892.0,1
2026-07-03 10:20:00,Sale,North,11921.0,32990.0,1887.0,44.59,40.55,77.77,32.9,464.6,37730.0,39936.0,1
2026-07-03 10:30:00,Normal,South,7985.0,20971.0,1170.0,40.77,37.08,50.0,27.46,290.57,26322.0,30417.0,1
2026-07-03 10:40:00,Sale,South,12670.0,31626.0,2155.0,44.69,39.55,61.66,32.33,368.06,27025.0,37456.0,1
2026-07-03 10:50:00,Sale,North,11626.0,32193.0,1687.0,50.79,40.16,69.64,34.25,433.73,38679.0,46438.0,1
2026-07-03 11:00:00,Normal,West,8244.0,21199.0,1370.0,40.63,36.56,50.0,29.13,311.72,26461.0,23679.0,0
2026-07-03 11:10:00,Normal,South,7680.0,19638.0,1096.0,38.9,35.29,71.37,32.06,307.15,20643.0,28168.0,1
2026-07-03 11:20:00,Sale,West,12276.0,35539.0,2316.0,43.39,38.16,124.05,35.19,437.96,34850.0,43208.0,1
2026-07-03 11:30:00,Sale,North,12486.0,30967.0,1476.0,44.39,36.29,56.15,34.54,374.49,39761.0,42218.0,1
2026-07-03 11:40:00,Normal,West,8476.0,25887.0,1452.0,44.9,36.75,50.0,31.9,344.28,24447.0,34254.0,1
2026-07-03 11:50:00,Sale,West,12607.0,35662.0,1877.0,49.4,40.1,88.18,36.15,460.49,41435.0,47202.0,1
2026-07-03 12:00:00,Sale,South,12875.0,35948.0,2007.0,50.77,41.87,119.87,34.06,447.67,43940.0,40695.0,1
2026-07-03 12:10:00,Normal,North,8541.0,22325.0,1392.0,31.42,39.12,50.0,24.91,322.95,25889.0,26921.0,1
2026-07-03 12:20:00,Normal,West,7942.0,23331.0,1336.0,45.51,37.2,72.59,27.76,309.88,27447.0,30231.0,1
2026-07-03 12:30:00,Normal,South,8730.0,24439.0,1523.0,35.61,34.12,50.0,29.74,345.02,26724.0,33189.0,1
2026-07-03 12:40:00,Sale,West,13765.0,36841.0,1878.0,41.34,34.35,81.58,32.84,458.34,42967.0,43790.0,1
2026-07-03 12:50:00,Normal,South,8476.0,24038.0,1203.0,37.03,34.11,50.0,31.36,312.73,25219.0,33219.0,1
2026-07-03 13:00:00,Sale,North,13369.0,33383.0,1839.0,36.59,35.65,73.71,29.92,427.33,35456.0,46632.0,1
2026-07-03 13:10:00,Sale,North,13657.0,34219.0,1874.0,42.75,37.79,72.37,38.55,422.52,38447.0,36960.0,1
2026-07-03 13:20:00,Normal,West,7676.0,19945.0,1075.0,45.19,35.71,59.08,29.08,304.88,19268.0,29253.0,1
2026-07-03 13:30:00,Sale,West,13738.0,39332.0,1937.0,49.91,42.02,130.98,33.63,505.15,46322.0,49701.0,1
2026-07-03 13:40:00,Sale,North,15021.0,42050.0,2615.0,48.03,48.29,82.79,32.24,523.04,36665.0,49593.0,1
2026-07-03 13:50:00,Normal,West,8629.0,25791.0,1362.0,40.02,38.48,50.0,27.66,307.03,29821.0,36635.0,1
2026-07-03 14:00:00,Normal,West,8690.0,22894.0,1455.0,33.87,41.74,50.0,29.66,294.82,26687.0,29284.0,1
2026-07-03 14:10:00,Normal,North,9122.0,26485.0,1459.0,43.97,39.42,65.75,30.91,338.93,27559.0,28849.0,1
2026-07-03 14:20:00,Normal,North,9573.0,26607.0,1567.0,37.06,40.57,63.58,30.59,336.16,26517.0,33626.0,1
2026-07-03 14:30:00,Normal,West,9237.0,24297.0,1418.0,39.74,35.43,50.0,35.31,319.4,26221.0,34114.0,1
2026-07-03 14:40:00,Sale,South,12485.0,35823.0,1793.0,43.86,37.31,116.0,32.5,471.36,42413.0,42182.0,1
2026-07-03 14:50:00,Normal,North,9032.0,25181.0,1440.0,49.8,35.47,58.8,30.28,359.28,29074.0,31487.0,1
2026-07-03 15:00:00,Normal,West,9976.0,26804.0,1784.0,42.8,37.35,56.35,33.34,347.44,27041.0,34588.0,1
2026-07-03 15:10:00,Sale,South,13781.0,38692.0,2186.0,50.31,39.66,65.68,33.0,491.71,43744.0,53466.0,1
2026-07-03 15:20:00,Sale,West,12893.0,35799.0,2163.0,47.26,37.53,50.0,34.49,456.21,41033.0,45867.0,1
2026-07-03 15:30:00,Sale,West,13611.0,37734.0,2232.0,47.86,42.46,91.25,29.46,466.52,43091.0,46315.0,1
2026-07-03 15:40:00,Sale,West,12830.0,34970.0,1988.0,44.68,37.22,83.07,28.88,468.41,35717.0,46137.0,1
2026-07-03 15:50:00,Normal,South,9307.0,23873.0,1340.0,35.14,31.76,50.0,30.62,312.2,27109.0,28674.0,1
2026-07-03 16:00:00,Normal,North,8038.0,22613.0,1318.0,43.93,32.55,50.0,29.28,317.45,27402.0,37082.0,1
2026-07-03 16:10:00,Flash Sale,South,20049.0,53239.0,3172.0,61.04,45.93,113.53,34.29,596.12,62487.0,56134.0,0
2026-07-03 16:20:00,Sale,North,12770.0,33411.0,1567.0,37.88,36.72,57.89,32.72,399.04,38795.0,44942.0,1
2026-07-03 16:30:00,Sale,South,12926.0,35632.0,2013.0,43.62,39.79,58.56,33.47,412.3,45762.0,40613.0,0
2026-07-03 16:40:00,Normal,North,9259.0,27147.0,1463.0,44.79,39.3,69.85,28.84,336.83,30861.0,37552.0,1
2026-07-03 16:50:00,Sale,South,13251.0,37545.0,1977.0,48.9,42.86,76.95,31.7,467.53,38889.0,52105.0,1
2026-07-03 17:00:00,Sale,North,12488.0,33774.0,2120.0,46.17,37.84,59.53,33.08,420.17,34994.0,39408.0,1
2026-07-03 17:10:00,Normal,North,7665.0,20673.0,1046.0,40.25,31.32,50.0,26.48,289.99,23518.0,26855.0,1
2026-07-03 17:20:00,Sale,North,11832.0,34484.0,1608.0,44.2,38.34,72.62,30.77,427.36,33665.0,43001.0,1
2026-07-03 17:30:00,Sale,South,12142.0,28760.0,1719.0,44.98,40.03,86.38,32.93,421.92,31317.0,36731.0,1
2026-07-03 17:40:00,Normal,West,8293.0,24412.0,1135.0,36.08,39.21,58.87,30.3,305.69,28474.0,31733.0,1
2026-07-03 17:50:00,Normal,North,8728.0,21493.0,933.0,38.57,36.58,50.0,28.3,273.83,26589.0,31984.0,1
2026-07-03 18:00:00,Sale,West,11926.0,30355.0,1835.0,42.24,42.23,74.49,28.97,372.41,29310.0,39373.0,1
2026-07-03 18:10:00,Normal,West,8660.0,23447.0,1312.0,36.96,41.39,85.69,27.12,322.67,26493.0,28905.0,1
2026-07-03 18:20:00,Normal,South,7516.0,23982.0,1387.0,41.66,34.94,65.02,29.88,342.68,26696.0,29579.0,1
2026-07-03 18:30:00,Normal,South,7756.0,24059.0,1259.0,41.44,40.88,59.43,36.37,346.05,27036.0,28612.0,1
2026-07-03 18:40:00,Normal,South,7335.0,21471.0,1003.0,35.59,34.73,63.2,31.42,328.33,24352.0,29630.0,1
2026-07-03 18:50:00,Sale,North,12702.0,36380.0,1742.0,47.04,43.79,76.09,29.0,451.09,40630.0,46092.0,1
2026-07-03 19:00:00,Sale,South,12601.0,31058.0,1657.0,50.8,41.0,72.93,33.95,390.68,39109.0,33592.0,0
2026-07-03 19:10:00,Normal,North,6572.0,18587.0,880.0,36.16,28.57,50.0,,316.71,23130.0,29187.0,1
2026-07-03 19:20:00,Flash Sale,West,17341.0,46841.0,2663.0,56.25,41.5,64.29,35.29,488.81,62502.0,62223.0,1
2026-07-03 19:30:00,Sale,West,12184.0,32325.0,1688.0,42.86,35.65,79.69,30.34,414.82,36170.0,36542.0,1
2026-07-03 19:40:00,Normal,West,6729.0,19030.0,1068.0,38.28,29.31,50.53,35.25,291.05,20532.0,27986.0,1
2026-07-03 19:50:00,Sale,South,11835.0,32135.0,1797.0,45.78,41.89,63.51,28.67,458.2,32882.0,36622.0,1
2026-07-03 20:00:00,Normal,South,7611.0,22501.0,1290.0,36.47,42.08,75.4,30.89,273.5,24032.0,33068.0,1
2026-07-03 20:10:00,Flash Sale,West,16489.0,40424.0,2344.0,52.82,41.38,70.89,31.84,483.73,48163.0,53066.0,1
2026-07-03 20:20:00,Sale,North,11125.0,31301.0,1657.0,45.96,41.52,50.0,34.1,369.07,37775.0,35327.0,1
2026-07-03 20:30:00,Sale,North,11730.0,30989.0,1739.0,44.11,43.3,50.75,32.7,354.93,36801.0,38963.0,1
2026-07-03 20:40:00,Normal,South,7974.0,21740.0,1226.0,41.29,36.23,50.0,33.55,302.29,22904.0,28594.0,1
2026-07-03 20:50:00,Sale,North,10819.0,30886.0,1249.0,49.29,38.73,76.4,33.95,419.69,32557.0,35035.0,1
2026-07-03 21:00:00,Normal,North,6281.0,16323.0,961.0,34.0,32.98,50.0,26.51,283.38,21476.0,19775.0,1
2026-07-03 21:10:00,Normal,North,6087.0,17224.0,963.0,38.14,35.64,62.51,37.54,248.94,17858.0,23088.0,1
2026-07-03 21:20:00,Normal,South,7036.0,19431.0,1134.0,34.55,37.42,66.84,30.94,300.97,24515.0,26450.0,1
2026-07-03 21:30:00,Sale,North,9462.0,25369.0,1199.0,42.32,38.26,50.0,28.93,338.74,29439.0,30778.0,1
2026-07-03 21:40:00,Normal,North,6421.0,17434.0,926.0,36.84,35.38,50.0,29.45,278.26,18249.0,23304.0,1
2026-07-03 21:50:00,Sale,North,10199.0,28274.0,1370.0,46.11,37.74,75.56,33.11,401.6,28318.0,35318.0,1
2026-07-03 22:00:00,Sale,South,9242.0,24601.0,1463.0,42.57,31.83,78.62,32.19,331.15,25858.0,30534.0,1
2026-07-03 22:10:00,Normal,West,6265.0,17550.0,817.0,35.44,36.84,50.0,30.35,292.42,20389.0,24529.0,1
2026-07-03 22:20:00,Normal,North,7407.0,20369.0,1007.0,43.14,31.28,51.85,32.38,263.37,20961.0,25599.0,1
2026-07-03 22:30:00,Normal,West,6064.0,16313.0,949.0,29.71,35.57,50.0,31.19,269.54,20806.0,22189.0,1
2026-07-03 22:40:00,Sale,West,9276.0,28627.0,1466.0,41.71,40.29,50.0,28.76,402.12,31468.0,36787.0,1
2026-07-03 22:50:00,Sale,North,10001.0,28752.0,1421.0,41.58,34.64,90.59,37.65,400.77,34216.0,32772.0,1
2026-07-03 23:00:00,Normal,West,5882.0,16065.0,971.0,30.18,31.8,110.59,34.44,221.03,18989.0,20834.0,1
2026-07-03 23:10:00,Sale,West,9652.0,27278.0,1655.0,33.23,43.91,54.04,33.4,357.63,34976.0,28412.0,0
2026-07-03 23:20:00,Normal,South,5845.0,15285.0,907.0,36.49,33.11,50.0,28.48,250.41,16450.0,21331.0,1
2026-07-03 23:30:00,Sale,North,8808.0,23969.0,1440.0,34.27,32.73,50.0,30.44,340.77,27100.0,29838.0,1
2026-07-03 23:40:00,Sale,North,8040.0,22049.0,1182.0,37.42,38.12,50.16,28.88,313.39,21605.0,27599.0,1
2026-07-03 23:50:00,Sale,West,8122.0,20919.0,1125.0,30.09,33.0,50.0,29.02,334.92,23645.0,27490.0,1
2026-07-04 00:00:00,Sale,West,6733.0,19322.0,988.0,36.91,29.0,50.0,22.69,250.83,23843.0,23487.0,1
2026-07-04 00:10:00,Sale,West,7840.0,21240.0,1190.0,32.91,36.99,50.0,34.26,296.39,24255.0,22622.0,1
2026-07-04 00:20:00,Normal,West,4255.0,11641.0,603.0,23.35,29.32,50.0,31.09,164.22,15731.0,15400.0,1
2026-07-04 00:30:00,Normal,North,5564.0,15009.0,786.0,31.54,34.22,50.0,23.27,255.62,17590.0,19269.0,1
2026-07-04 00:40:00,Normal,West,4951.0,16500.0,967.0,29.22,31.34,50.0,31.3,268.87,17589.0,19393.0,1
2026-07-04 00:50:00,Normal,South,4814.0,12905.0,801.0,26.67,34.64,50.0,27.82,302.76,15042.0,16108.0,1
2026-07-04 01:00:00,Sale,West,6985.0,16957.0,973.0,33.1,34.49,50.0,28.13,285.23,16510.0,20051.0,1
2026-07-04 01:10:00,Sale,North,7718.0,19388.0,1275.0,37.68,27.02,50.0,30.74,292.16,20165.0,21302.0,1
2026-07-04 01:20:00,Sale,North,7005.0,20570.0,1044.0,32.21,36.35,50.0,24.3,302.08,20535.0,23427.0,1
2026-07-04 01:30:00,Normal,West,4286.0,13032.0,573.0,25.11,31.69,50.0,27.83,212.4,14617.0,17289.0,1
2026-07-04 01:40:00,Sale,West,8001.0,21421.0,1270.0,36.3,39.75,50.0,29.95,307.47,23862.0,22399.0,1
2026-07-04 01:50:00,Normal,South,4956.0,15018.0,756.0,32.92,34.44,50.0,28.55,247.08,18630.0,19213.0,1
2026-07-04 02:00:00,Normal,North,4608.0,13516.0,721.0,35.34,35.0,55.36,23.87,176.04,15004.0,20879.0,1
2026-07-04 02:10:00,Sale,North,7644.0,21144.0,938.0,31.69,33.27,56.93,30.99,306.36,21561.0,28654.0,1
2026-07-04 02:20:00,Flash Sale,West,11108.0,30582.0,1517.0,42.72,36.33,50.0,34.91,398.35,39021.0,38094.0,1
2026-07-04 02:30:00,Sale,South,7515.0,21287.0,979.0,40.8,35.37,50.0,30.91,346.72,17574.0,25446.0,1
2026-07-04 02:40:00,Normal,South,4317.0,12768.0,669.0,36.75,31.39,50.0,27.12,214.39,14349.0,16378.0,1
2026-07-04 02:50:00,Sale,South,8359.0,24003.0,1263.0,34.43,40.42,69.73,38.35,310.89,27405.0,28838.0,1
2026-07-04 03:00:00,Normal,South,4489.0,12022.0,668.0,25.26,31.75,50.0,24.87,216.93,13452.0,19194.0,1
2026-07-04 03:10:00,Sale,South,8185.0,22661.0,1415.0,38.79,32.26,50.0,32.31,318.47,26514.0,31817.0,1
2026-07-04 03:20:00,Sale,South,7312.0,23083.0,1363.0,35.31,33.6,50.0,30.81,317.56,26108.0,26694.0,1
2026-07-04 03:30:00,Normal,West,5182.0,14745.0,667.0,27.5,36.06,50.0,34.28,205.47,17251.0,17407.0,1
2026-07-04 03:40:00,Normal,West,5146.0,15213.0,892.0,31.91,32.82,68.6,29.51,238.23,16123.0,21091.0,1
2026-07-04 03:50:00,Normal,West,5352.0,15506.0,863.0,37.38,32.76,50.67,30.21,230.58,15104.0,24141.0,1
2026-07-04 04:00:00,Flash Sale,South,11179.0,31852.0,1733.0,39.84,42.33,51.39,33.52,403.11,35527.0,44830.0,1
2026-07-04 04:10:00,Normal,South,5474.0,15434.0,847.0,37.11,30.66,50.0,25.22,262.64,15702.0,20798.0,1
2026-07-04 04:20:00,Sale,West,8574.0,25392.0,1428.0,37.28,30.18,80.22,27.98,327.06,26589.0,33105.0,1
2026-07-04 04:30:00,Sale,West,7521.0,22033.0,1120.0,38.11,33.15,50.0,,304.8,27236.0,25880.0,1
2026-07-04 04:40:00,Sale,South,7668.0,21835.0,1177.0,42.92,36.37,86.96,32.68,321.88,27857.0,25962.0,1
2026-07-04 04:50:00,Normal,West,4674.0,12504.0,777.0,29.93,31.63,100.46,28.45,208.31,15434.0,18465.0,1
2026-07-04 05:00:00,Sale,West,7866.0,22569.0,1146.0,35.99,31.22,50.0,29.35,380.92,27439.0,30525.0,1
2026-07-04 05:10:00,Normal,West,6042.0,16845.0,822.0,35.19,36.94,50.0,32.82,264.67,18967.0,23269.0,1
2026-07-04 05:20:00,Sale,West,7537.0,20684.0,1130.0,34.89,35.73,50.0,23.6,265.8,25267.0,23969.0,1
2026-07-04 05:30:00,Sale,North,7568.0,24839.0,1198.0,41.2,37.86,50.0,26.58,317.4,28703.0,31035.0,1
2026-07-04 05:40:00,Sale,South,8844.0,22314.0,997.0,36.15,37.07,80.29,22.42,289.64,29337.0,29608.0,1
2026-07-04 05:50:00,Sale,South,8351.0,24824.0,1314.0,42.54,32.79,50.0,34.09,317.61,25524.0,28685.0,1
2026-07-04 06:00:00,Normal,North,6573.0,17383.0,1107.0,27.2,34.99,60.13,28.53,277.25,20638.0,19926.0,1
2026-07-04 06:10:00,Normal,West,5287.0,14929.0,818.0,26.64,35.95,59.76,31.18,211.63,14833.0,20619.0,1
2026-07-04 06:20:00,Normal,South,5576.0,18190.0,1020.0,27.83,37.79,50.0,28.67,263.62,21606.0,20326.0,1
2026-07-04 06:30:00,Normal,North,5182.0,13612.0,575.0,29.34,34.93,50.0,31.06,254.69,12906.0,17770.0,1
2026-07-04 06:40:00,Normal,West,5584.0,14908.0,859.0,24.55,34.76,76.41,27.9,226.09,14888.0,17779.0,1
2026-07-04 06:50:00,Normal,West,4625.0,12937.0,719.0,26.23,27.32,50.0,29.08,236.15,12830.0,17031.0,1
2026-07-04 07:00:00,Normal,West,6235.0,16507.0,842.0,27.6,33.73,50.0,29.42,212.99,18904.0,21832.0,1
2026-07-04 07:10:00,Normal,South,6054.0,17915.0,1005.0,39.15,31.4,50.0,29.95,259.88,20700.0,22399.0,1
2026-07-04 07:20:00,Normal,West,5864.0,15854.0,888.0,27.51,37.4,50.0,33.54,226.39,21641.0,21764.0,1
2026-07-04 07:30:00,Sale,South,8938.0,26079.0,1269.0,35.02,40.52,95.07,25.86,358.28,28970.0,32515.0,1
2026-07-04 07:40:00,Sale,South,8686.0,22242.0,1268.0,37.9,32.93,66.07,29.69,286.55,26629.0,27008.0,1
2026-07-04 07:50:00,Normal,North,6256.0,15483.0,963.0,37.91,33.28,50.0,29.0,296.57,17590.0,18386.0,1
2026-07-04 08:00:00,Normal,South,5714.0,15765.0,846.0,30.94,34.26,74.4,28.61,206.66,18743.0,18825.0,1
2026-07-04 08:10:00,Normal,West,6556.0,16506.0,822.0,31.87,36.48,71.21,27.44,283.45,18724.0,26687.0,1
2026-07-04 08:20:00,Sale,South,10802.0,33198.0,1791.0,51.38,34.59,81.39,30.7,443.94,40833.0,41170.0,1
2026-07-04 08:30:00,Normal,South,7043.0,17780.0,1069.0,36.63,27.59,108.52,33.5,275.55,18042.0,22235.0,1
2026-07-04 08:40:00,Normal,West,5547.0,14497.0,691.0,32.02,33.19,50.0,27.98,236.33,12688.0,18676.0,1
2026-07-04 08:50:00,Normal,West,6032.0,17338.0,1014.0,30.41,26.47,65.59,36.13,309.75,20142.0,21305.0,1
2026-07-04 09:00:00,Normal,North,6918.0,18641.0,949.0,35.67,35.0,50.0,30.69,338.19,17513.0,24330.0,1
2026-07-04 09:10:00,Normal,West,6672.0,16859.0,952.0,26.89,35.68,59.66,27.84,253.41,21094.0,25264.0,1
2026-07-04 09:20:00,Sale,West,9697.0,30713.0,1585.0,41.61,42.46,61.36,33.41,401.07,32715.0,39999.0,1
2026-07-04 09:30:00,Sale,West,10589.0,27741.0,1431.0,47.31,35.84,72.57,31.43,353.6,28190.0,37236.0,1
2026-07-04 09:40:00,Sale,West,10392.0,28730.0,1843.0,47.63,38.54,122.96,35.35,348.07,39936.0,40154.0,1
2026-07-04 09:50:00,Sale,West,11354.0,31364.0,1460.0,46.41,40.93,92.8,28.4,415.21,35069.0,37616.0,1
2026-07-04 10:00:00,Sale,West,10859.0,31794.0,1841.0,37.31,35.6,81.87,26.59,414.18,34941.0,34816.0,1
2026-07-04 10:10:00,Normal,South,7672.0,22119.0,1446.0,31.97,38.49,50.0,30.95,270.93,26427.0,29441.0,1
2026-07-04 10:20:00,Sale,North,10352.0,27445.0,1622.0,38.61,38.43,65.09,33.55,375.85,32977.0,33328.0,1
2026-07-04 10:30:00,Sale,South,10472.0,28706.0,1350.0,41.71,36.23,50.0,32.17,384.14,35421.0,32258.0,0
2026-07-04 10:40:00,Normal,West,7448.0,20551.0,972.0,30.47,35.62,67.39,31.54,280.48,20278.0,31446.0,1
2026-07-04 10:50:00,Sale,South,11527.0,33831.0,1708.0,45.77,39.42,95.98,34.02,411.65,39704.0,36870.0,1
2026-07-04 11:00:00,Normal,West,6935.0,17960.0,1005.0,40.33,36.63,50.0,24.51,280.19,19588.0,23502.0,1
2026-07-04 11:10:00,Normal,North,7426.0,23490.0,1324.0,39.57,35.14,93.27,31.01,365.12,24145.0,29102.0,1
2026-07-04 11:20:00,Sale,South,10800.0,28765.0,1363.0,43.33,38.75,101.36,35.28,387.61,32356.0,37470.0,1
2026-07-04 11:30:00,Sale,South,11401.0,31904.0,1588.0,41.05,37.3,73.93,32.53,428.55,29954.0,42749.0,1
2026-07-04 11:40:00,Sale,South,11910.0,30860.0,1547.0,37.68,35.99,82.03,27.86,377.8,37412.0,38309.0,1
2026-07-04 11:50:00,Normal,North,7196.0,18468.0,996.0,28.78,34.98,50.0,28.06,264.32,20147.0,26064.0,1
2026-07-04 12:00:00,Normal,North,7539.0,19924.0,1333.0,28.22,32.28,50.0,31.05,304.44,21363.0,28701.0,1
2026-07-04 12:10:00,Sale,West,11314.0,29703.0,1467.0,43.55,40.8,50.0,36.92,353.08,32859.0,38449.0,1
2026-07-04 12:20:00,Normal,South,7340.0,20004.0,983.0,36.54,36.78,50.0,23.53,295.22,22070.0,29430.0,1
2026-07-04 12:30:00,Sale,North,12758.0,33475.0,1614.0,42.59,37.42,71.04,33.45,437.08,41310.0,38902.0,1
2026-07-04 12:40:00,Normal,North,7700.0,22525.0,1325.0,37.74,36.53,50.0,27.16,314.29,22760.0,29010.0,1
2026-07-04 12:50:00,Normal,South,7163.0,19046.0,1043.0,40.07,32.36,56.32,30.71,288.45,20604.0,25556.0,1
2026-07-04 13:00:00,Normal,North,7664.0,20226.0,1004.0,43.02,30.27,70.05,31.21,293.71,22215.0,26721.0,1
2026-07-04 13:10:00,Sale,West,11324.0,30907.0,1633.0,47.35,37.03,67.8,31.1,383.52,31324.0,34780.0,1
2026-07-04 13:20:00,Normal,West,7314.0,21787.0,1095.0,35.82,35.47,50.0,31.69,278.42,24749.0,28900.0,1
2026-07-04 13:30:00,Normal,North,8502.0,24133.0,1370.0,41.47,38.01,50.0,33.73,329.07,25282.0,28588.0,1
2026-07-04 13:40:00,Normal,South,7750.0,21561.0,1533.0,41.73,35.99,50.0,29.25,338.22,21121.0,25636.0,1
2026-07-04 13:50:00,Normal,North,8767.0,22285.0,1299.0,28.91,38.52,50.0,25.89,338.46,26132.0,27838.0,1
2026-07-04 14:00:00,Normal,North,7827.0,20307.0,1106.0,41.19,32.16,80.97,33.74,284.43,25885.0,29952.0,1
2026-07-04 14:10:00,Sale,West,12188.0,31322.0,1598.0,42.45,37.83,50.0,34.38,394.07,35233.0,40056.0,1
2026-07-04 14:20:00,Normal,South,8195.0,24875.0,1168.0,37.0,41.64,50.0,32.16,327.76,27603.0,33672.0,1
2026-07-04 14:30:00,Sale,West,10870.0,31474.0,1870.0,43.33,33.22,89.98,29.85,393.75,34859.0,40706.0,1
2026-07-04 14:40:00,Sale,North,12309.0,32555.0,1923.0,46.95,38.04,54.07,35.12,422.75,34782.0,42906.0,1
2026-07-04 14:50:00,Normal,North,7851.0,21184.0,1106.0,31.56,32.2,50.0,35.79,328.28,26205.0,26252.0,1
2026-07-04 15:00:00,Normal,South,8564.0,22708.0,1414.0,36.16,35.36,100.77,29.63,373.65,25646.0,31217.0,1
2026-07-04 15:10:00,Sale,South,12605.0,33285.0,1835.0,48.39,38.35,82.69,32.61,402.11,30028.0,37437.0,1
2026-07-04 15:20:00,Normal,West,7254.0,20914.0,1247.0,36.65,37.13,69.37,26.41,315.42,25931.0,25353.0,1
2026-07-04 15:30:00,Normal,North,8442.0,23202.0,1317.0,39.24,36.89,63.41,27.95,335.58,28199.0,35577.0,1
2026-07-04 15:40:00,Sale,West,11992.0,38070.0,2053.0,49.06,37.41,87.8,30.15,462.45,44928.0,51987.0,1
2026-07-04 15:50:00,Flash Sale,West,17928.0,54233.0,2672.0,66.87,45.22,150.91,37.32,606.68,45798.0,73033.0,1
2026-07-04 16:00:00,Sale,South,11978.0,36361.0,1968.0,53.13,40.73,127.63,31.98,460.49,40713.0,41296.0,1
2026-07-04 16:10:00,Normal,South,7563.0,22089.0,1327.0,40.76,37.95,50.0,30.98,363.89,26713.0,32684.0,1
2026-07-04 16:20:00,Sale,South,12648.0,34453.0,1790.0,49.0,47.36,74.91,29.9,441.26,39895.0,41407.0,1
2026-07-04 16:30:00,Sale,North,12049.0,35035.0,2019.0,51.54,42.37,76.0,32.21,420.67,39958.0,44338.0,1
2026-07-04 16:40:00,Normal,West,7767.0,21259.0,1031.0,39.55,32.4,50.0,26.82,298.66,25714.0,32300.0,1
2026-07-04 16:50:00,Sale,South,12330.0,38141.0,2276.0,61.13,41.07,108.44,33.95,442.9,43249.0,39280.0,0
2026-07-04 17:00:00,Normal,West,7960.0,22868.0,1301.0,42.31,36.55,56.73,25.13,319.14,28364.0,28705.0,1
2026-07-04 17:10:00,Normal,South,7805.0,22224.0,1062.0,36.54,34.22,97.03,30.34,329.33,25250.0,32536.0,1
2026-07-04 17:20:00,Sale,South,12201.0,34442.0,1848.0,43.63,41.47,103.28,31.74,417.1,38858.0,44578.0,1
2026-07-04 17:30:00,Normal,West,7718.0,24028.0,1456.0,37.38,29.6,86.98,30.83,248.89,29056.0,30579.0,1
2026-07-04 17:40:00,Normal,South,7498.0,19058.0,904.0,32.87,36.33,50.0,24.24,287.5,20585.0,28367.0,1
2026-07-04 17:50:00,Sale,West,12111.0,37918.0,1842.0,52.28,39.84,63.27,35.31,456.64,38307.0,47369.0,1
2026-07-04 18:00:00,Flash Sale,North,16610.0,45952.0,2508.0,54.26,43.75,83.0,34.21,530.75,51484.0,58557.0,1
2026-07-04 18:10:00,Sale,West,11002.0,28022.0,1900.0,46.59,42.2,94.73,31.82,351.23,33038.0,35221.0,1
2026-07-04 18:20:00,Sale,West,11846.0,31566.0,1609.0,39.27,35.26,50.0,26.33,415.67,38275.0,42049.0,1
2026-07-04 18:30:00,Flash Sale,West,17467.0,43716.0,2534.0,48.63,,72.73,30.89,516.97,53032.0,54421.0,1
2026-07-04 18:40:00,Normal,South,7083.0,20667.0,1169.0,35.03,37.62,50.0,28.38,319.93,23005.0,25922.0,1
2026-07-04 18:50:00,Normal,West,6861.0,17928.0,923.0,29.87,34.79,108.27,33.07,293.09,19772.0,26247.0,1
2026-07-04 19:00:00,Normal,North,7439.0,21056.0,1178.0,30.86,30.53,50.0,31.21,293.79,22336.0,27711.0,1
2026-07-04 19:10:00,Normal,West,7108.0,21353.0,1117.0,33.6,39.52,60.22,30.09,290.51,24449.0,28441.0,1
2026-07-04 19:20:00,Sale,North,10555.0,28276.0,1494.0,38.99,37.26,50.0,28.45,375.96,27029.0,32016.0,1
2026-07-04 19:30:00,Normal,North,6547.0,18015.0,811.0,33.35,32.72,63.61,25.64,266.51,20218.0,23882.0,1
2026-07-04 19:40:00,Normal,South,6873.0,17633.0,967.0,30.51,33.24,50.0,29.71,222.52,24774.0,24652.0,1
2026-07-04 19:50:00,Normal,North,6697.0,18283.0,1104.0,31.38,33.25,50.0,31.12,320.68,17727.0,24033.0,1
2026-07-04 20:00:00,Normal,South,5968.0,19475.0,1078.0,34.53,31.25,50.0,29.91,302.61,22117.0,27100.0,1
2026-07-04 20:10:00,Sale,West,9830.0,28899.0,1779.0,46.62,38.61,69.05,36.49,367.4,33459.0,32817.0,1
2026-07-04 20:20:00,Normal,North,6433.0,17705.0,1035.0,38.93,32.41,50.0,26.85,219.14,20726.0,22533.0,1
2026-07-04 20:30:00,Normal,West,6112.0,16441.0,898.0,32.57,35.77,74.27,29.16,249.9,16825.0,23326.0,1
2026-07-04 20:40:00,Normal,North,6752.0,18854.0,966.0,34.93,36.15,54.06,24.07,263.84,22088.0,25336.0,1
2026-07-04 20:50:00,Normal,West,6944.0,19607.0,1021.0,33.93,39.74,50.0,29.95,284.55,20912.0,26685.0,1
2026-07-04 21:00:00,Sale,West,9618.0,26205.0,1210.0,42.2,36.54,82.59,35.17,297.96,25609.0,29393.0,1
2026-07-04 21:10:00,Normal,South,5754.0,16661.0,890.0,33.72,31.42,50.0,25.54,244.8,20246.0,24681.0,1
2026-07-04 21:20:00,Normal,West,6270.0,16481.0,921.0,37.31,29.36,50.0,31.15,244.52,19554.0,19413.0,1
2026-07-04 21:30:00,Normal,West,5931.0,15585.0,1018.0,23.69,40.03,56.68,32.75,241.04,15948.0,19745.0,1
2026-07-04 21:40:00,Sale,West,8515.0,24410.0,1420.0,37.81,38.53,,28.3,328.2,26012.0,30747.0,1
2026-07-04 21:50:00,Sale,South,9470.0,24523.0,1221.0,40.2,34.51,72.32,31.8,336.53,26043.0,29914.0,1
2026-07-04 22:00:00,Sale,South,8617.0,25260.0,1171.0,39.37,41.92,50.0,35.3,380.63,24139.0,34284.0,1
2026-07-04 22:10:00,Sale,West,9841.0,27530.0,1480.0,37.64,41.7,50.0,31.75,352.42,32932.0,35766.0,1
2026-07-04 22:20:00,Sale,North,9273.0,22913.0,1372.0,32.28,31.97,99.36,32.4,296.35,27496.0,24844.0,0
2026-07-04 22:30:00,Normal,West,5868.0,16546.0,888.0,35.29,31.53,50.0,23.32,212.28,17981.0,19136.0,1
2026-07-04 22:40:00,Normal,North,5637.0,14074.0,820.0,26.94,32.53,54.86,29.89,217.96,15723.0,19159.0,1
2026-07-04 22:50:00,Sale,West,8626.0,25230.0,1360.0,32.43,33.62,62.49,32.1,307.27,28547.0,30290.0,1
2026-07-04 23:00:00,Normal,North,4684.0,12907.0,765.0,32.4,32.23,50.0,23.86,243.07,14771.0,18784.0,1
2026-07-04 23:10:00,Sale,North,7169.0,22463.0,1020.0,38.93,38.0,50.0,27.05,312.22,22131.0,26336.0,1
2026-07-04 23:20:00,Normal,West,4750.0,14216.0,919.0,29.62,28.86,50.0,29.94,255.65,16616.0,20020.0,1
2026-07-04 23:30:00,Sale,West,8015.0,20912.0,1011.0,32.12,36.2,84.21,28.69,335.76,20963.0,24658.0,1
2026-07-04 23:40:00,Sale,West,6986.0,17020.0,1017.0,32.01,37.46,60.71,32.08,238.57,20222.0,19544.0,1
2026-07-04 23:50:00,Normal,West,4914.0,13092.0,699.0,33.99,,50.0,28.81,212.23,13269.0,17982.0,1
2026-07-05 00:00:00,Sale,South,7527.0,19421.0,1055.0,28.05,34.57,50.0,29.44,317.5,19227.0,25908.0,1
2026-07-05 00:10:00,Sale,North,7543.0,23600.0,1264.0,31.8,34.26,50.0,29.68,330.73,26365.0,29188.0,1
2026-07-05 00:20:00,Sale,North,7320.0,20482.0,1158.0,32.9,37.66,69.6,30.38,307.86,22837.0,24100.0,1
2026-07-05 00:30:00,Normal,South,4765.0,14143.0,817.0,29.92,29.42,60.58,30.52,257.26,15987.0,18005.0,1
2026-07-05 00:40:00,Normal,North,5798.0,15937.0,978.0,29.56,34.31,50.0,30.11,271.78,16426.0,22709.0,1
2026-07-05 00:50:00,Sale,West,7982.0,22091.0,1402.0,39.35,35.81,50.0,28.59,321.17,25190.0,23333.0,1
2026-07-05 01:00:00,Normal,North,4499.0,12569.0,716.0,33.04,35.78,50.0,31.48,250.6,14451.0,15264.0,1
2026-07-05 01:10:00,Normal,North,4744.0,14230.0,929.0,31.21,31.23,63.89,30.1,230.59,17596.0,19374.0,1
2026-07-05 01:20:00,Sale,North,7393.0,21114.0,1173.0,38.19,33.9,50.79,30.8,314.13,24039.0,26387.0,1
2026-07-05 01:30:00,Sale,North,7023.0,18328.0,1127.0,34.67,30.69,89.82,29.31,268.86,19428.0,19733.0,1
2026-07-05 01:40:00,Normal,North,4394.0,13587.0,782.0,29.59,34.07,50.0,29.49,251.38,13387.0,16954.0,1
2026-07-05 01:50:00,Normal,South,5284.0,14517.0,751.0,25.16,31.81,50.0,22.7,217.65,14037.0,17795.0,1
2026-07-05 02:00:00,Normal,North,4515.0,12272.0,688.0,24.32,29.71,50.0,28.42,170.65,14141.0,14972.0,1
2026-07-05 02:10:00,Normal,South,4178.0,9570.0,555.0,20.73,29.05,50.0,32.03,202.07,11477.0,15182.0,1
2026-07-05 02:20:00,Sale,West,7302.0,21280.0,1166.0,35.49,37.06,62.14,30.34,277.3,21939.0,27955.0,1
2026-07-05 02:30:00,Normal,South,4784.0,13482.0,775.0,30.39,29.41,74.69,28.22,196.84,15444.0,16913.0,1
2026-07-05 02:40:00,Normal,West,3739.0,10535.0,634.0,21.16,28.64,50.0,25.53,226.98,11616.0,13896.0,1
2026-07-05 02:50:00,Sale,South,7303.0,19920.0,1093.0,35.22,37.66,50.0,30.86,313.36,23741.0,24177.0,1
2026-07-05 03:00:00,Normal,North,5213.0,14056.0,525.0,26.45,32.42,50.0,27.51,221.99,16960.0,19354.0,1
2026-07-05 03:10:00,Normal,North,5004.0,13679.0,890.0,25.35,35.65,50.0,31.94,150.65,12221.0,19870.0,1
2026-07-05 03:20:00,Sale,West,8522.0,24572.0,1308.0,36.38,35.52,50.0,27.81,349.05,30056.0,29483.0,1
2026-07-05 03:30:00,Sale,South,8032.0,23415.0,1172.0,33.42,36.19,85.19,28.79,340.71,26815.0,31388.0,1
2026-07-05 03:40:00,Flash Sale,North,11954.0,32975.0,1591.0,48.46,40.01,104.44,30.45,432.67,35180.0,45986.0,1
2026-07-05 03:50:00,Sale,South,8807.0,26164.0,1386.0,39.57,,50.0,36.26,363.41,27986.0,30466.0,1
2026-07-05 04:00:00,Normal,West,5315.0,14807.0,764.0,33.85,37.1,50.0,27.69,233.53,16631.0,18249.0,1
2026-07-05 04:10:00,Sale,South,7732.0,20949.0,1060.0,34.03,38.79,50.0,27.96,289.23,22407.0,25078.0,1
2026-07-05 04:20:00,Sale,South,8138.0,23076.0,1175.0,35.99,34.19,50.0,23.8,293.11,23683.0,28139.0,1
2026-07-05 04:30:00,Sale,West,7371.0,18836.0,1096.0,41.5,31.63,52.39,26.41,260.92,19763.0,24827.0,1
2026-07-05 04:40:00,Sale,West,7705.0,21896.0,1471.0,30.12,37.95,84.69,31.4,316.99,22246.0,25998.0,1
2026-07-05 04:50:00,Sale,South,7327.0,18482.0,1107.0,38.85,38.6,62.95,30.64,283.26,23188.0,24151.0,1
2026-07-05 05:00:00,Sale,North,8238.0,21542.0,1330.0,42.93,39.03,81.07,27.79,325.16,24247.0,24956.0,1
2026-07-05 05:10:00,Normal,North,4860.0,11843.0,625.0,31.13,32.18,50.0,25.82,173.27,15932.0,16567.0,1
2026-07-05 05:20:00,Sale,West,7695.0,21304.0,1185.0,34.79,37.64,50.0,35.27,261.56,24651.0,25689.0,1
2026-07-05 05:30:00,Normal,South,5393.0,16663.0,959.0,37.87,36.07,50.0,36.76,247.14,19644.0,23460.0,1
2026-07-05 05:40:00,Sale,South,7970.0,22148.0,1130.0,35.54,36.2,54.71,33.32,285.98,22454.0,25389.0,1
2026-07-05 05:50:00,Sale,South,7075.0,20630.0,1082.0,32.71,35.8,53.62,34.22,300.95,22655.0,31665.0,1
2026-07-05 06:00:00,Flash Sale,North,12227.0,39411.0,2370.0,49.95,42.09,110.7,38.98,451.37,44427.0,47162.0,1
2026-07-05 06:10:00,Flash Sale,West,12381.0,35567.0,2189.0,45.95,38.08,111.08,39.47,475.17,37568.0,41981.0,1
2026-07-05 06:20:00,Normal,North,5071.0,13500.0,748.0,25.69,30.67,50.0,27.06,204.45,14493.0,18329.0,1
2026-07-05 06:30:00,Sale,West,8752.0,23516.0,1125.0,42.43,34.13,50.0,27.54,364.98,27326.0,32536.0,1
2026-07-05 06:40:00,Sale,South,8654.0,24232.0,1290.0,35.5,31.68,50.0,35.83,345.43,28205.0,25821.0,0
2026-07-05 06:50:00,Normal,North,6045.0,16238.0,753.0,31.68,34.11,50.0,25.68,226.0,16015.0,20309.0,1
2026-07-05 07:00:00,Normal,North,6269.0,16923.0,938.0,26.61,33.8,74.74,25.64,311.6,19434.0,22446.0,1
2026-07-05 07:10:00,Normal,West,6428.0,19139.0,1082.0,34.39,36.98,50.0,26.19,288.03,22494.0,27758.0,1
2026-07-05 07:20:00,Sale,North,9437.0,28168.0,1503.0,37.32,41.64,50.0,30.8,375.83,29885.0,36314.0,1
2026-07-05 07:30:00,Normal,North,5997.0,15014.0,848.0,26.04,37.23,85.15,22.35,238.51,15777.0,24555.0,1
2026-07-05 07:40:00,Flash Sale,West,14397.0,38191.0,2196.0,50.02,45.62,96.25,29.1,483.57,44459.0,52431.0,1
2026-07-05 07:50:00,Normal,South,6352.0,17255.0,976.0,36.89,31.77,50.0,26.93,275.69,14886.0,28708.0,1
2026-07-05 08:00:00,Flash Sale,South,14993.0,43597.0,2084.0,56.82,38.96,66.71,31.0,504.35,48838.0,56625.0,1
2026-07-05 08:10:00,Normal,North,6936.0,20847.0,1115.0,37.76,38.09,50.0,32.77,293.13,26755.0,28460.0,1
2026-07-05 08:20:00,Sale,West,8592.0,28237.0,1622.0,41.48,42.03,79.29,31.23,375.26,24294.0,30414.0,1
2026-07-05 08:30:00,Normal,North,6155.0,16717.0,1078.0,30.87,38.52,50.0,30.41,271.74,20099.0,23797.0,1
2026-07-05 08:40:00,Sale,North,9612.0,26195.0,1398.0,43.43,38.62,50.0,32.17,366.94,30764.0,34679.0,1
2026-07-05 08:50:00,Sale,North,10341.0,30051.0,1752.0,41.29,32.53,64.69,30.99,394.63,29336.0,35945.0,1
2026-07-05 09:00:00,Sale,North,11183.0,29938.0,1804.0,46.78,39.58,50.46,34.55,375.62,35089.0,38105.0,1
2026-07-05 09:10:00,Sale,North,9672.0,26836.0,1444.0,45.75,39.06,100.64,32.26,343.32,32743.0,29378.0,0
2026-07-05 09:20:00,Normal,North,7413.0,20203.0,1250.0,31.81,38.83,66.82,28.49,262.24,20250.0,23307.0,1
2026-07-05 09:30:00,Normal,North,6122.0,14252.0,887.0,27.34,37.28,50.0,23.08,247.34,14955.0,19846.0,1
2026-07-05 09:40:00,Normal,South,6137.0,17320.0,1096.0,30.54,36.79,50.0,30.37,247.8,19443.0,21701.0,1
2026-07-05 09:50:00,Normal,West,6590.0,18237.0,1053.0,27.63,32.62,50.0,25.23,267.58,22208.0,24904.0,1
2026-07-05 10:00:00,Sale,North,10827.0,32792.0,2268.0,44.0,36.39,59.82,33.36,423.86,34952.0,36863.0,1
2026-07-05 10:10:00,Sale,North,10206.0,28588.0,1467.0,47.51,39.61,52.44,31.53,375.98,31898.0,37282.0,1
2026-07-05 10:20:00,Sale,West,11311.0,29115.0,1972.0,38.57,35.81,50.0,27.32,381.01,30673.0,39165.0,1
2026-07-05 10:30:00,Sale,West,11325.0,31185.0,1859.0,49.81,43.34,50.0,32.64,379.22,35004.0,38477.0,1
2026-07-05 10:40:00,Sale,West,11513.0,27902.0,1759.0,39.98,32.65,65.45,31.71,375.74,34171.0,33886.0,1
2026-07-05 10:50:00,Sale,North,10769.0,27806.0,1476.0,50.09,39.43,54.5,31.7,360.24,31437.0,29895.0,1
2026-07-05 11:00:00,Normal,South,7394.0,21549.0,1294.0,33.59,36.5,109.82,30.18,303.33,23364.0,26587.0,1
2026-07-05 11:10:00,Normal,North,7398.0,20386.0,1296.0,34.75,34.51,59.71,27.53,322.81,22766.0,29614.0,1
2026-07-05 11:20:00,Sale,North,12335.0,36587.0,1774.0,45.46,38.03,51.7,34.82,468.5,38048.0,42645.0,1
2026-07-05 11:30:00,Sale,South,10074.0,24641.0,1331.0,36.19,30.44,50.0,28.36,322.14,25147.0,32488.0,1
2026-07-05 11:40:00,Normal,South,6935.0,19116.0,806.0,39.6,33.1,52.01,25.98,277.44,23710.0,21615.0,0
2026-07-05 11:50:00,Normal,South,7416.0,20131.0,1086.0,37.01,33.5,50.0,31.45,331.3,25844.0,26991.0,1
2026-07-05 12:00:00,Sale,South,11336.0,33692.0,1688.0,50.75,43.13,107.41,35.22,419.24,31699.0,40681.0,1
2026-07-05 12:10:00,Normal,North,7535.0,22010.0,1182.0,31.45,33.35,55.47,31.66,311.1,25932.0,28241.0,1
2026-07-05 12:20:00,Normal,South,7601.0,22161.0,1608.0,39.46,37.11,50.0,29.25,328.22,26724.0,31650.0,1
2026-07-05 12:30:00,Sale,West,11550.0,35546.0,2321.0,44.33,36.56,52.71,27.0,450.84,35504.0,44164.0,1
2026-07-05 12:40:00,Sale,West,11911.0,32563.0,1510.0,40.33,40.84,54.76,36.61,406.31,34934.0,40383.0,1
2026-07-05 12:50:00,Normal,North,7978.0,24256.0,1415.0,39.57,29.78,64.41,24.47,313.97,25767.0,30827.0,1
2026-07-05 13:00:00,Sale,South,12005.0,31357.0,1875.0,45.57,45.26,50.0,33.66,403.32,41081.0,35880.0,0
2026-07-05 13:10:00,Normal,North,7595.0,19788.0,1048.0,35.03,34.5,50.0,35.68,304.33,25432.0,29438.0,1
2026-07-05 13:20:00,Sale,North,12040.0,35344.0,1982.0,50.91,31.99,50.0,33.22,476.46,36329.0,41738.0,1
2026-07-05 13:30:00,Normal,West,7818.0,19772.0,1120.0,38.3,32.77,50.0,30.22,251.09,19259.0,29453.0,1
2026-07-05 13:40:00,Sale,North,11253.0,32668.0,1533.0,51.65,36.81,81.12,33.32,460.75,39114.0,37409.0,1
2026-07-05 13:50:00,Normal,South,8052.0,22693.0,1108.0,32.53,33.98,86.46,30.59,309.72,26650.0,28993.0,1
2026-07-05 14:00:00,Normal,South,7649.0,22894.0,1283.0,43.47,34.92,56.51,37.09,342.07,28490.0,34361.0,1
2026-07-05 14:10:00,Sale,North,12837.0,35806.0,1991.0,55.96,38.54,58.36,30.35,429.62,36311.0,41988.0,1
2026-07-05 14:20:00,Normal,North,8171.0,22960.0,1165.0,36.05,33.59,87.84,27.14,279.33,27376.0,30207.0,1
2026-07-05 14:30:00,Normal,South,8460.0,24464.0,1229.0,32.12,33.09,,29.4,301.81,25609.0,29144.0,1
2026-07-05 14:40:00,Normal,West,7369.0,19756.0,1076.0,29.26,37.38,62.8,34.57,279.28,23357.0,27158.0,1
2026-07-05 14:50:00,Sale,South,12021.0,32130.0,1938.0,43.46,42.85,55.36,30.34,424.4,35866.0,38874.0,1
2026-07-05 15:00:00,Sale,South,11502.0,33187.0,1810.0,54.27,38.85,75.28,33.59,422.65,43478.0,45061.0,1
2026-07-05 15:10:00,Flash Sale,North,18028.0,50382.0,3262.0,60.89,45.58,90.81,39.3,587.56,58682.0,62051.0,1
2026-07-05 15:20:00,Normal,South,8447.0,23033.0,1171.0,35.11,32.68,58.73,32.4,348.28,25074.0,28434.0,1
2026-07-05 15:30:00,Normal,North,8565.0,23855.0,1340.0,35.53,36.56,72.58,33.3,328.6,27046.0,29025.0,1
2026-07-05 15:40:00,Normal,South,7247.0,22372.0,1183.0,31.73,36.52,50.0,34.18,320.72,24832.0,31743.0,1
2026-07-05 15:50:00,Sale,West,11894.0,32355.0,1894.0,49.0,38.67,57.4,33.04,491.32,32502.0,49185.0,1
2026-07-05 16:00:00,Flash Sale,South,17972.0,48795.0,2455.0,59.11,46.27,116.27,34.36,577.75,64043.0,61432.0,1
2026-07-05 16:10:00,Sale,North,12172.0,30341.0,2020.0,52.19,39.55,50.0,32.12,376.01,38832.0,40316.0,1
2026-07-05 16:20:00,Sale,North,10999.0,30714.0,1378.0,46.62,35.59,50.0,,409.17,33858.0,37205.0,1
2026-07-05 16:30:00,Normal,North,6862.0,20026.0,1308.0,38.34,38.59,52.89,36.97,308.62,23831.0,28455.0,1
2026-07-05 16:40:00,Sale,South,12124.0,35772.0,1987.0,47.44,39.9,76.01,31.27,455.25,47403.0,44558.0,1
2026-07-05 16:50:00,Normal,West,6689.0,18861.0,1100.0,29.67,39.63,50.0,30.6,282.53,23457.0,24221.0,1
2026-07-05 17:00:00,Normal,North,7190.0,21370.0,1346.0,32.67,36.74,60.04,25.2,340.75,23277.0,26939.0,1
2026-07-05 17:10:00,Normal,South,7495.0,21972.0,1322.0,31.2,41.6,64.86,30.23,343.65,24415.0,26946.0,1
2026-07-05 17:20:00,Normal,West,7622.0,22867.0,1158.0,41.08,39.53,50.0,29.17,315.74,21684.0,28229.0,1
2026-07-05 17:30:00,Normal,North,7343.0,21861.0,1281.0,35.04,36.33,50.0,31.84,292.52,26178.0,25348.0,1
2026-07-05 17:40:00,Normal,North,7231.0,22290.0,1476.0,40.76,33.63,50.0,32.01,323.63,27735.0,27420.0,1
2026-07-05 17:50:00,Normal,North,7836.0,21701.0,1078.0,36.99,33.49,62.37,34.03,290.78,27018.0,27790.0,1
2026-07-05 18:00:00,Sale,West,11128.0,28501.0,1930.0,41.05,39.57,66.11,35.28,397.14,33919.0,33104.0,1
2026-07-05 18:10:00,Normal,South,6764.0,19747.0,1132.0,30.11,35.34,50.0,29.15,298.07,22813.0,22345.0,1
2026-07-05 18:20:00,Normal,West,7106.0,20896.0,1095.0,36.97,,50.0,26.76,365.71,21319.0,30464.0,1
2026-07-05 18:30:00,Sale,West,11177.0,34455.0,1710.0,46.41,42.56,91.25,30.1,471.38,39691.0,44984.0,1
2026-07-05 18:40:00,Sale,West,11845.0,35897.0,1926.0,52.12,40.68,73.43,33.81,422.0,37937.0,48905.0,1
2026-07-05 18:50:00,Sale,West,11379.0,35845.0,1551.0,45.61,43.06,97.68,33.36,435.48,42029.0,46348.0,1
2026-07-05 19:00:00,Normal,West,7315.0,21298.0,1118.0,38.57,32.53,68.84,30.46,255.13,22227.0,29066.0,1
2026-07-05 19:10:00,Sale,West,10092.0,28672.0,1532.0,48.93,41.03,55.26,29.7,323.28,33600.0,35131.0,1
2026-07-05 19:20:00,Normal,West,6446.0,16441.0,798.0,33.06,35.26,59.91,32.93,257.25,20589.0,22077.0,1
2026-07-05 19:30:00,Normal,West,6590.0,18817.0,1119.0,37.14,38.18,50.0,24.72,248.36,21785.0,24862.0,1
2026-07-05 19:40:00,Sale,West,10325.0,27883.0,1497.0,43.99,40.69,68.04,29.36,409.86,32145.0,34313.0,1
2026-07-05 19:50:00,Sale,West,9893.0,28077.0,1437.0,49.46,37.57,50.0,27.95,399.71,34009.0,37701.0,1
2026-07-05 20:00:00,Sale,South,10398.0,29216.0,1550.0,44.32,37.73,50.0,30.8,375.38,37895.0,46549.0,1
2026-07-05 20:10:00,Sale,South,10207.0,29445.0,1682.0,45.83,43.65,50.0,35.22,376.25,32663.0,39434.0,1
2026-07-05 20:20:00,Sale,South,9612.0,26746.0,1483.0,40.59,36.49,50.87,30.02,394.59,31349.0,32867.0,1
2026-07-05 20:30:00,Normal,West,6621.0,19653.0,998.0,31.61,37.12,50.0,29.63,329.39,24981.0,24152.0,1
2026-07-05 20:40:00,Normal,South,6411.0,14809.0,826.0,25.76,32.04,50.0,30.25,214.78,17578.0,20065.0,1
2026-07-05 20:50:00,Normal,West,6660.0,18876.0,1032.0,39.11,29.02,50.0,,252.23,17361.0,23173.0,1
2026-07-05 21:00:00,Normal,West,5220.0,15746.0,758.0,27.35,29.83,50.0,29.61,239.94,16509.0,24618.0,1
2026-07-05 21:10:00,Sale,West,9060.0,28419.0,1514.0,45.14,39.16,79.81,32.0,384.97,33963.0,33167.0,1
2026-07-05 21:20:00,Normal,North,5863.0,17190.0,1005.0,34.28,36.12,83.05,25.39,249.06,18565.0,24075.0,1
2026-07-05 21:30:00,Sale,West,9445.0,29310.0,1713.0,46.58,39.49,55.65,30.06,394.41,37049.0,36713.0,1
2026-07-05 21:40:00,Sale,West,8819.0,24961.0,1338.0,37.16,40.17,50.0,31.56,388.37,32594.0,32332.0,1
2026-07-05 21:50:00,Sale,West,7883.0,22077.0,1304.0,33.6,,50.0,33.7,275.62,23423.0,25590.0,1
2026-07-05 22:00:00,Normal,West,4972.0,14394.0,707.0,31.75,30.71,50.0,32.01,222.8,14635.0,18894.0,1
2026-07-05 22:10:00,Normal,South,5482.0,15346.0,757.0,29.88,35.15,50.0,34.66,208.79,16634.0,25596.0,1
2026-07-05 22:20:00,Flash Sale,South,12986.0,34533.0,1847.0,42.43,40.6,50.0,34.05,414.41,37230.0,46374.0,1
2026-07-05 22:30:00,Sale,North,9386.0,25411.0,1626.0,47.35,35.17,50.0,29.35,336.74,32364.0,30409.0,1
2026-07-05 22:40:00,Sale,West,8836.0,22971.0,1286.0,34.36,37.46,76.04,,301.53,23350.0,28667.0,1
2026-07-05 22:50:00,Sale,North,8585.0,24855.0,1326.0,35.15,36.94,86.73,30.13,351.55,29683.0,30470.0,1
2026-07-05 23:00:00,Sale,West,8023.0,22480.0,1445.0,36.14,34.05,89.45,28.72,318.57,28297.0,29330.0,1
2026-07-05 23:10:00,Normal,West,5738.0,15695.0,836.0,36.35,32.96,50.0,29.6,254.43,18865.0,21310.0,1
2026-07-05 23:20:00,Sale,South,7744.0,20893.0,1429.0,27.09,39.55,50.0,30.88,291.26,24312.0,26122.0,1
2026-07-05 23:30:00,Normal,North,5116.0,14790.0,768.0,35.25,37.32,50.0,24.73,232.54,16325.0,20558.0,1
2026-07-05 23:40:00,Sale,North,7494.0,22036.0,1078.0,33.09,36.28,50.0,33.11,301.6,28755.0,27762.0,1
2026-07-05 23:50:00,Sale,West,8748.0,22715.0,1227.0,38.37,36.12,50.0,24.49,310.93,24884.0,25193.0,1
2026-07-06 00:00:00,Normal,South,5681.0,14589.0,781.0,27.7,28.81,50.0,27.54,246.37,17723.0,18639.0,1
2026-07-06 00:10:00,Normal,North,5131.0,15247.0,765.0,38.93,38.49,50.0,31.8,194.39,16835.0,18668.0,1
2026-07-06 00:20:00,Normal,West,5427.0,13853.0,978.0,30.27,35.96,79.44,29.87,235.73,12964.0,21546.0,1
2026-07-06 00:30:00,Sale,North,8756.0,25379.0,1444.0,36.74,39.14,53.76,29.51,322.07,27740.0,30039.0,1
2026-07-06 00:40:00,Normal,West,5359.0,16565.0,957.0,30.88,26.97,50.0,34.55,247.18,18294.0,20510.0,1
2026-07-06 00:50:00,Normal,North,5217.0,16129.0,842.0,32.07,33.77,50.0,27.23,212.25,17833.0,20769.0,1
2026-07-06 01:00:00,Normal,North,4982.0,14613.0,753.0,31.13,32.73,50.0,22.21,227.16,15401.0,19382.0,1
2026-07-06 01:10:00,Normal,North,5479.0,16041.0,981.0,33.39,35.66,50.0,29.89,257.35,18969.0,22204.0,1
2026-07-06 01:20:00,Normal,South,5131.0,16445.0,739.0,31.97,32.4,50.0,23.28,265.88,19631.0,18384.0,1
2026-07-06 01:30:00,Normal,South,5083.0,12096.0,582.0,22.77,31.54,50.0,25.17,181.3,13178.0,16586.0,1
2026-07-06 01:40:00,Normal,West,4642.0,12609.0,675.0,27.36,34.27,50.0,29.64,226.31,13725.0,14860.0,1
2026-07-06 01:50:00,Normal,South,5348.0,15793.0,997.0,33.85,31.21,51.03,27.09,276.42,16028.0,20678.0,1
2026-07-06 02:00:00,Normal,South,5159.0,14133.0,746.0,27.33,31.22,66.59,29.85,218.99,16189.0,18539.0,1
2026-07-06 02:10:00,Normal,North,5089.0,15385.0,885.0,33.77,33.96,50.0,24.91,243.88,19352.0,17926.0,1
2026-07-06 02:20:00,Normal,North,5349.0,14940.0,824.0,30.83,37.24,58.95,30.86,187.69,18793.0,19654.0,1
2026-07-06 02:30:00,Sale,West,8512.0,24034.0,1509.0,37.56,38.84,50.0,25.21,307.91,25478.0,29489.0,1
2026-07-06 02:40:00,Normal,North,5601.0,15405.0,701.0,35.87,36.62,50.0,32.35,250.82,20321.0,17526.0,0
2026-07-06 02:50:00,Normal,West,5526.0,14954.0,889.0,23.76,33.42,,26.86,263.43,16207.0,19095.0,1
2026-07-06 03:00:00,Normal,North,5189.0,14019.0,754.0,27.21,,50.0,32.68,215.21,14277.0,18158.0,1
2026-07-06 03:10:00,Normal,North,5026.0,14318.0,867.0,35.1,27.79,50.0,25.63,299.92,14087.0,17866.0,1
2026-07-06 03:20:00,Normal,North,4788.0,12738.0,638.0,36.15,38.53,56.23,33.58,225.23,12896.0,16577.0,1
2026-07-06 03:30:00,Normal,North,5013.0,14897.0,821.0,39.81,39.67,50.0,25.4,207.13,17181.0,20016.0,1
2026-07-06 03:40:00,Sale,West,8240.0,24040.0,1307.0,38.64,37.78,50.0,24.91,362.58,26306.0,27618.0,1
2026-07-06 03:50:00,Normal,South,4916.0,14739.0,722.0,32.36,35.66,50.0,28.37,206.07,15576.0,18516.0,1
2026-07-06 04:00:00,Normal,North,5532.0,14367.0,680.0,33.48,32.91,50.0,31.86,241.88,14873.0,17560.0,1
2026-07-06 04:10:00,Normal,South,5002.0,12475.0,643.0,33.7,31.74,54.6,30.12,191.52,12617.0,16402.0,1
2026-07-06 04:20:00,Normal,South,4654.0,13028.0,727.0,30.33,30.73,51.77,31.35,186.34,13432.0,18782.0,1
2026-07-06 04:30:00,Normal,West,5894.0,19579.0,988.0,38.35,34.71,50.0,31.74,309.85,23917.0,27765.0,1
2026-07-06 04:40:00,Sale,West,8264.0,25022.0,1327.0,41.11,38.43,82.36,28.04,333.72,32537.0,31589.0,1
2026-07-06 04:50:00,Sale,West,8082.0,21824.0,953.0,38.64,36.9,56.56,32.1,351.38,28513.0,24817.0,0
2026-07-06 05:00:00,Normal,West,5216.0,15002.0,792.0,27.08,39.21,54.48,28.58,214.57,17833.0,18323.0,1
2026-07-06 05:10:00,Normal,West,5974.0,17510.0,1071.0,31.57,34.43,50.0,26.72,226.11,18749.0,23017.0,1
2026-07-06 05:20:00,Normal,South,6450.0,16471.0,976.0,29.91,29.3,79.7,29.16,242.72,17348.0,20684.0,1
2026-07-06 05:30:00,Normal,West,5561.0,16942.0,923.0,27.64,38.86,50.0,28.56,331.68,20256.0,24172.0,1
2026-07-06 05:40:00,Sale,North,8824.0,24442.0,1380.0,32.17,32.89,50.0,34.63,355.27,26773.0,29600.0,1
2026-07-06 05:50:00,Normal,West,6298.0,17533.0,877.0,31.21,32.46,80.06,27.31,279.17,20359.0,21339.0,1
2026-07-06 06:00:00,Normal,West,5220.0,14638.0,948.0,29.39,33.94,50.0,26.54,251.05,19220.0,22797.0,1
2026-07-06 06:10:00,Sale,North,10477.0,31495.0,2123.0,45.19,40.27,59.4,29.83,392.82,35957.0,39714.0,1
2026-07-06 06:20:00,Normal,West,7347.0,19573.0,1096.0,36.86,30.51,50.0,35.0,353.96,26380.0,24029.0,0
2026-07-06 06:30:00,Normal,West,4772.0,11895.0,839.0,28.86,29.92,50.0,25.69,220.4,11982.0,18639.0,1
2026-07-06 06:40:00,Sale,North,9445.0,26995.0,1375.0,39.92,33.01,50.0,34.83,369.06,31442.0,33418.0,1
2026-07-06 06:50:00,Normal,South,5766.0,14023.0,666.0,26.26,34.77,50.0,24.99,254.85,16145.0,16576.0,1
2026-07-06 07:00:00,Normal,West,6415.0,17613.0,894.0,36.48,37.71,50.0,30.39,234.3,17994.0,21844.0,1
2026-07-06 07:10:00,Normal,West,6338.0,19100.0,1025.0,33.83,31.02,50.0,29.99,259.02,22923.0,26355.0,1
2026-07-06 07:20:00,Sale,North,10554.0,30651.0,2111.0,42.32,41.71,54.55,35.44,390.37,39021.0,39259.0,1
2026-07-06 07:30:00,Normal,South,6491.0,19392.0,1034.0,33.74,37.58,63.98,32.53,308.7,25990.0,25029.0,1
2026-07-06 07:40:00,Normal,West,6092.0,17737.0,884.0,30.15,32.23,50.0,29.15,234.92,20595.0,21355.0,1
2026-07-06 07:50:00,Normal,North,6461.0,20894.0,1037.0,33.64,29.37,55.79,27.99,297.26,19431.0,25440.0,1
2026-07-06 08:00:00,Normal,North,7257.0,19552.0,1209.0,32.37,31.63,58.28,34.18,280.3,22831.0,25697.0,1
2026-07-06 08:10:00,Sale,North,10258.0,29458.0,1796.0,41.89,36.52,62.48,29.57,345.22,35179.0,33951.0,1
2026-07-06 08:20:00,Normal,North,6177.0,16808.0,875.0,34.91,38.51,50.0,21.89,245.36,18430.0,27235.0,1
2026-07-06 08:30:00,Sale,South,11846.0,35210.0,1540.0,49.56,39.97,122.59,27.17,455.66,40193.0,45423.0,1
2026-07-06 08:40:00,Sale,South,10529.0,29364.0,1416.0,49.15,35.26,87.79,26.61,346.56,31468.0,38847.0,1
2026-07-06 08:50:00,Sale,South,10781.0,33523.0,2190.0,51.34,40.18,114.07,34.16,460.52,37098.0,37979.0,1
2026-07-06 09:00:00,Normal,West,7254.0,19618.0,1160.0,42.5,30.98,69.02,35.96,297.88,23969.0,28918.0,1
2026-07-06 09:10:00,Sale,South,11826.0,36108.0,2000.0,50.93,42.18,67.93,26.82,459.73,45457.0,47722.0,1
2026-07-06 09:20:00,Sale,North,12438.0,36156.0,2394.0,50.9,37.72,50.0,30.61,451.76,35900.0,48006.0,1
2026-07-06 09:30:00,Normal,North,7743.0,21635.0,1444.0,34.44,33.07,50.0,30.03,279.04,23125.0,28037.0,1
2026-07-06 09:40:00,Sale,North,10793.0,31274.0,1713.0,47.89,40.07,84.72,36.52,386.5,30059.0,43191.0,1
2026-07-06 09:50:00,Sale,North,10860.0,30919.0,1697.0,41.66,44.07,65.48,29.44,408.23,40313.0,37790.0,1
2026-07-06 10:00:00,Normal,North,7676.0,21983.0,1132.0,30.8,42.29,50.0,31.61,293.54,26535.0,31989.0,1
2026-07-06 10:10:00,Sale,North,12072.0,33352.0,1777.0,52.45,36.55,50.0,31.59,428.24,30681.0,38741.0,1
2026-07-06 10:20:00,Normal,North,7014.0,18753.0,864.0,28.94,32.77,50.0,36.95,255.06,20883.0,29652.0,1
2026-07-06 10:30:00,Sale,South,12616.0,34564.0,1592.0,49.13,41.64,50.0,33.04,446.92,37732.0,47568.0,1
2026-07-06 10:40:00,Flash Sale,South,17963.0,44854.0,2003.0,52.6,47.21,80.57,35.94,551.7,46846.0,55877.0,1
2026-07-06 10:50:00,Normal,West,8622.0,25447.0,1565.0,44.14,30.41,77.24,30.85,303.78,31138.0,34978.0,1
2026-07-06 11:00:00,Sale,West,13678.0,35258.0,1609.0,53.02,40.6,51.84,31.51,444.27,43062.0,44046.0,1
2026-07-06 11:10:00,Normal,South,8113.0,22399.0,1494.0,39.16,34.38,50.0,32.78,275.95,25691.0,32231.0,1
2026-07-06 11:20:00,Sale,North,12988.0,37880.0,1917.0,55.18,35.49,87.98,29.86,422.27,39995.0,41115.0,1
2026-07-06 11:30:00,Sale,South,12152.0,35862.0,2346.0,48.51,36.54,100.71,26.88,433.77,37894.0,41851.0,1
2026-07-06 11:40:00,Normal,North,8549.0,21207.0,1120.0,44.96,33.72,50.0,29.21,371.99,23845.0,27253.0,1
2026-07-06 11:50:00,Normal,South,7988.0,22235.0,1014.0,39.88,35.96,85.6,32.34,331.74,23887.0,27297.0,1
2026-07-06 12:00:00,Normal,South,7972.0,22981.0,1441.0,33.93,39.07,50.0,28.31,354.61,25725.0,28022.0,1
2026-07-06 12:10:00,Normal,South,8371.0,23517.0,1491.0,38.27,37.29,50.0,30.73,340.38,27651.0,32329.0,1
2026-07-06 12:20:00,Normal,North,8283.0,25195.0,1249.0,38.81,39.66,50.0,26.88,347.09,24355.0,26255.0,1
2026-07-06 12:30:00,Normal,West,8353.0,22153.0,1174.0,35.83,35.83,50.0,33.06,333.91,23131.0,28642.0,1
2026-07-06 12:40:00,Normal,West,8990.0,21857.0,1083.0,29.95,33.54,56.5,31.76,292.58,24406.0,28526.0,1
2026-07-06 12:50:00,Normal,West,8123.0,23929.0,1299.0,39.89,35.82,50.0,30.32,341.05,30546.0,37911.0,1
2026-07-06 13:00:00,Sale,South,14338.0,38759.0,2157.0,45.4,43.65,50.02,34.03,507.02,46687.0,46984.0,1
2026-07-06 13:10:00,Sale,South,12808.0,31807.0,1682.0,34.93,42.23,79.47,27.82,425.56,35613.0,43513.0,1
2026-07-06 13:20:00,Sale,North,14278.0,39570.0,1745.0,50.26,41.41,107.65,29.66,516.77,45911.0,46591.0,1
2026-07-06 13:30:00,Normal,West,8182.0,24722.0,1274.0,35.99,33.87,80.66,30.07,341.79,27438.0,33957.0,1
2026-07-06 13:40:00,Sale,South,13470.0,34652.0,2052.0,44.01,41.14,98.12,34.16,478.82,42543.0,50428.0,1
2026-07-06 13:50:00,Sale,North,13225.0,42591.0,2289.0,41.79,44.34,70.75,36.06,510.7,49549.0,45778.0,1
2026-07-06 14:00:00,Normal,North,8578.0,22725.0,1205.0,33.91,39.65,56.9,28.91,370.19,28358.0,28923.0,1
2026-07-06 14:10:00,Normal,West,9151.0,25765.0,1273.0,39.21,34.98,69.11,32.9,361.99,25365.0,36937.0,1
2026-07-06 14:20:00,Sale,South,14312.0,36934.0,1896.0,46.86,38.92,69.38,37.39,449.74,38388.0,44687.0,1
2026-07-06 14:30:00,Normal,South,9345.0,26237.0,1665.0,41.85,39.45,61.84,30.51,322.89,30106.0,32552.0,1
2026-07-06 14:40:00,Normal,South,8548.0,23727.0,1143.0,43.74,35.08,50.0,31.15,307.07,27746.0,37633.0,1
2026-07-06 14:50:00,Flash Sale,South,20655.0,52295.0,3102.0,64.52,44.95,99.36,35.88,588.97,71123.0,68652.0,1
2026-07-06 15:00:00,Normal,South,8299.0,27460.0,1518.0,45.45,41.37,69.71,30.66,362.38,25791.0,35096.0,1
2026-07-06 15:10:00,Normal,North,8195.0,22214.0,1254.0,41.32,31.66,86.56,30.4,280.29,24806.0,34897.0,1
2026-07-06 15:20:00,Flash Sale,South,19849.0,53811.0,2723.0,59.66,53.0,147.17,41.95,660.43,59849.0,73464.0,1
2026-07-06 15:30:00,Sale,West,13251.0,39415.0,2085.0,53.26,39.96,103.23,36.42,486.92,45082.0,46958.0,1
2026-07-06 15:40:00,Normal,North,8815.0,27561.0,1515.0,45.41,40.25,62.63,33.54,367.37,35646.0,38356.0,1
2026-07-06 15:50:00,Sale,West,12514.0,37577.0,1949.0,48.2,40.83,80.79,31.91,436.64,45379.0,45855.0,1
2026-07-06 16:00:00,Sale,North,13176.0,34044.0,1940.0,43.77,40.73,50.0,29.8,411.21,32668.0,41428.0,1
2026-07-06 16:10:00,Sale,West,13957.0,39617.0,2288.0,53.8,41.08,66.27,34.88,430.66,50448.0,50294.0,1
2026-07-06 16:20:00,Sale,South,13760.0,33868.0,2304.0,40.86,42.42,54.44,36.18,469.13,43033.0,41986.0,1
2026-07-06 16:30:00,Normal,South,8223.0,24359.0,1380.0,34.35,35.48,67.96,35.53,298.15,27923.0,32695.0,1
2026-07-06 16:40:00,Normal,South,7817.0,19587.0,853.0,31.98,33.14,66.72,21.95,252.32,18769.0,27455.0,1
2026-07-06 16:50:00,Sale,West,13429.0,35660.0,2210.0,50.11,45.92,96.87,40.18,481.93,39398.0,41326.0,1
2026-07-06 17:00:00,Normal,South,7079.0,19816.0,1066.0,35.72,35.02,73.16,30.61,297.85,23123.0,30048.0,1
2026-07-06 17:10:00,Sale,West,13323.0,38372.0,2574.0,54.75,39.4,86.22,36.17,476.74,46800.0,46798.0,1
2026-07-06 17:20:00,Sale,West,12661.0,34857.0,2225.0,43.94,35.73,52.11,27.45,447.07,32868.0,38382.0,1
2026-07-06 17:30:00,Normal,North,9153.0,28131.0,1462.0,38.01,43.44,60.64,30.48,395.16,29344.0,35158.0,1
2026-07-06 17:40:00,Sale,North,11905.0,34882.0,2070.0,49.75,38.55,58.62,35.14,441.32,42899.0,42553.0,1
2026-07-06 17:50:00,Normal,South,8697.0,25359.0,1304.0,36.36,43.06,72.24,27.05,305.01,32211.0,32586.0,1
2026-07-06 18:00:00,Sale,North,12156.0,31347.0,1725.0,42.23,40.17,59.99,23.23,421.8,36458.0,36421.0,1
2026-07-06 18:10:00,Normal,South,7709.0,23945.0,1414.0,30.93,36.81,50.22,31.27,340.01,29568.0,34891.0,1
2026-07-06 18:20:00,Sale,South,11521.0,30594.0,1887.0,45.17,39.22,84.65,31.58,425.23,35659.0,45241.0,1
2026-07-06 18:30:00,Sale,South,12504.0,38922.0,2350.0,57.25,48.27,67.1,37.89,448.0,47342.0,45978.0,1
2026-07-06 18:40:00,Normal,North,8213.0,25986.0,1441.0,35.97,30.52,81.27,30.24,331.63,29482.0,31938.0,1
2026-07-06 18:50:00,Sale,West,13099.0,37885.0,2648.0,54.29,41.9,50.0,33.07,478.66,44250.0,48652.0,1
2026-07-06 19:00:00,Sale,South,12056.0,35997.0,1901.0,48.36,39.8,86.86,35.01,426.35,35918.0,37733.0,1
2026-07-06 19:10:00,Sale,West,11255.0,25269.0,1146.0,32.42,36.2,53.32,33.66,283.86,30125.0,31823.0,1
2026-07-06 19:20:00,Sale,North,11050.0,30552.0,1421.0,40.39,39.14,87.9,29.6,400.46,30393.0,45328.0,1
2026-07-06 19:30:00,Flash Sale,South,16830.0,50463.0,3222.0,57.07,44.86,76.66,38.94,617.01,60157.0,52290.0,0
2026-07-06 19:40:00,Normal,North,8190.0,24294.0,1325.0,37.38,37.07,50.0,28.78,329.71,26142.0,28401.0,1
2026-07-06 19:50:00,Normal,West,7064.0,18228.0,1020.0,35.17,34.31,58.85,29.06,285.98,21090.0,21557.0,1
2026-07-06 20:00:00,Normal,South,7740.0,21263.0,1100.0,43.47,31.5,50.0,31.69,312.72,21789.0,27789.0,1
2026-07-06 20:10:00,Sale,West,11113.0,26042.0,1362.0,34.41,38.26,55.02,33.26,350.68,27855.0,34446.0,1
2026-07-06 20:20:00,Normal,North,7165.0,20594.0,1035.0,33.57,37.36,50.0,30.49,299.34,23824.0,23926.0,1
2026-07-06 20:30:00,Normal,South,6847.0,16849.0,974.0,28.74,32.27,59.89,25.47,292.22,20142.0,22494.0,1
2026-07-06 20:40:00,Normal,North,7330.0,22017.0,1198.0,31.64,41.31,55.92,24.23,286.06,27067.0,28961.0,1
2026-07-06 20:50:00,Sale,South,10842.0,32667.0,1882.0,46.15,43.44,77.88,31.62,435.99,32830.0,35366.0,1
2026-07-06 21:00:00,Normal,South,6362.0,17272.0,985.0,32.69,36.58,50.0,31.71,233.19,16752.0,24355.0,1
2026-07-06 21:10:00,Sale,South,10496.0,30374.0,1593.0,36.56,41.13,79.36,33.03,373.87,31056.0,37190.0,1
2026-07-06 21:20:00,Normal,North,6475.0,17877.0,827.0,33.27,34.35,50.0,29.66,298.67,18117.0,22395.0,1
2026-07-06 21:30:00,Sale,North,9749.0,27721.0,1268.0,36.74,41.13,50.0,31.08,336.97,35391.0,31485.0,0
2026-07-06 21:40:00,Normal,North,6847.0,17758.0,1299.0,33.14,38.93,50.0,29.83,261.54,22268.0,23480.0,1
2026-07-06 21:50:00,Normal,West,6515.0,18972.0,1212.0,39.2,37.06,50.0,26.19,338.76,19358.0,26625.0,1
2026-07-06 22:00:00,Sale,South,9738.0,24390.0,1538.0,40.58,34.83,80.27,32.71,359.54,31488.0,31173.0,1
2026-07-06 22:10:00,Sale,North,9267.0,22895.0,1167.0,38.17,35.89,56.04,32.58,300.52,28574.0,27343.0,1
2026-07-06 22:20:00,Normal,West,5520.0,15336.0,844.0,28.92,35.09,50.0,27.31,229.22,14677.0,19211.0,1
2026-07-06 22:30:00,Normal,North,6993.0,19313.0,968.0,34.68,37.27,50.0,30.56,278.88,19641.0,27995.0,1
2026-07-06 22:40:00,Sale,South,10267.0,29251.0,1379.0,45.12,38.01,66.94,26.29,415.31,27908.0,34958.0,1
2026-07-06 22:50:00,Sale,West,9936.0,26658.0,1372.0,42.52,35.63,60.3,31.4,331.54,29626.0,29680.0,1
2026-07-06 23:00:00,Normal,West,5569.0,17482.0,1101.0,32.46,38.87,50.0,28.45,238.27,19611.0,23597.0,1
2026-07-06 23:10:00,Normal,West,5612.0,15877.0,953.0,32.36,30.34,50.0,32.27,266.6,17807.0,22916.0,1
2026-07-06 23:20:00,Sale,South,9623.0,27348.0,1345.0,35.98,34.75,62.83,30.42,321.45,25087.0,34488.0,1
2026-07-06 23:30:00,Sale,West,8755.0,24825.0,1318.0,36.16,32.71,50.0,33.07,315.47,24261.0,31979.0,1
2026-07-06 23:40:00,Sale,North,8616.0,25679.0,1528.0,42.66,34.16,70.89,29.48,344.67,29429.0,32260.0,1
2026-07-06 23:50:00,Sale,West,9868.0,28654.0,1478.0,45.72,41.77,50.0,24.45,375.69,33875.0,30060.0,0
2026-07-07 00:00:00,Normal,West,5461.0,15724.0,872.0,31.74,37.35,64.03,27.78,213.13,14435.0,23398.0,1
2026-07-07 00:10:00,Sale,West,9385.0,27522.0,1580.0,47.31,37.41,50.0,31.65,374.06,27298.0,32806.0,1
2026-07-07 00:20:00,Sale,North,7802.0,19282.0,1106.0,36.42,36.24,84.28,29.69,296.67,23568.0,24458.0,1
2026-07-07 00:30:00,Sale,North,8760.0,21710.0,1227.0,35.52,35.57,50.0,30.27,290.54,21658.0,24855.0,1
2026-07-07 00:40:00,Normal,South,6520.0,18167.0,928.0,28.56,30.78,50.0,27.48,313.19,20320.0,21317.0,1
2026-07-07 00:50:00,Normal,South,5499.0,15202.0,786.0,36.68,39.98,50.0,27.37,250.51,15021.0,20096.0,1
2026-07-07 01:00:00,Sale,South,8098.0,23519.0,1134.0,41.07,40.36,67.21,26.8,300.07,28297.0,26581.0,1
2026-07-07 01:10:00,Normal,West,4726.0,13249.0,605.0,36.46,33.7,50.0,21.92,263.01,12167.0,22780.0,1
2026-07-07 01:20:00,Flash Sale,South,13019.0,37816.0,2054.0,58.81,38.67,105.51,33.0,455.08,41203.0,44235.0,1
2026-07-07 01:30:00,Normal,North,4925.0,12685.0,760.0,23.63,31.76,50.0,25.56,221.32,15400.0,18896.0,1
2026-07-07 01:40:00,Sale,South,8183.0,22895.0,1070.0,32.32,33.94,50.0,33.28,306.78,27039.0,29536.0,1
2026-07-07 01:50:00,Sale,North,7613.0,19478.0,1103.0,23.1,35.11,50.0,22.74,300.38,20911.0,23483.0,1
2026-07-07 02:00:00,Normal,North,6028.0,17299.0,1033.0,36.38,34.98,50.0,29.68,250.96,18167.0,22173.0,1
2026-07-07 02:10:00,Normal,North,5827.0,14347.0,631.0,32.82,32.0,50.0,34.52,222.94,15734.0,20203.0,1
2026-07-07 02:20:00,Sale,West,8122.0,23250.0,1241.0,38.15,31.77,50.53,29.57,318.5,23042.0,31137.0,1
2026-07-07 02:30:00,Sale,West,7560.0,19170.0,1244.0,29.39,41.11,50.0,29.21,269.15,21279.0,22742.0,1
2026-07-07 02:40:00,Normal,South,6018.0,16435.0,958.0,31.61,34.46,63.11,29.89,281.14,18271.0,21080.0,1
2026-07-07 02:50:00,Sale,South,7955.0,23554.0,1031.0,38.76,37.61,50.0,31.7,294.1,25396.0,30515.0,1
2026-07-07 03:00:00,Sale,South,7677.0,21811.0,1286.0,39.67,34.37,50.0,,307.18,26610.0,25375.0,1
2026-07-07 03:10:00,Normal,West,4429.0,11088.0,560.0,28.52,27.19,54.48,24.41,203.12,11232.0,14872.0,1
2026-07-07 03:20:00,Normal,West,4987.0,13359.0,790.0,32.01,32.43,50.0,29.9,220.47,12685.0,17105.0,1
2026-07-07 03:30:00,Normal,South,4582.0,11592.0,590.0,27.36,31.09,50.0,21.83,230.13,12374.0,16696.0,1
2026-07-07 03:40:00,Normal,West,4998.0,12470.0,682.0,33.33,34.49,50.0,30.24,177.1,14121.0,15994.0,1
2026-07-07 03:50:00,Normal,South,5682.0,16029.0,830.0,34.15,36.33,50.0,27.35,264.49,17782.0,21735.0,1
2026-07-07 04:00:00,Normal,South,5297.0,15365.0,845.0,26.31,35.67,79.33,28.39,212.53,16977.0,21309.0,1
2026-07-07 04:10:00,Sale,West,8679.0,24989.0,1289.0,44.8,39.71,57.26,28.92,327.17,25173.0,29715.0,1
2026-07-07 04:20:00,Normal,South,5123.0,14899.0,799.0,35.57,38.63,50.0,32.57,205.3,15223.0,22251.0,1
2026-07-07 04:30:00,Sale,South,8533.0,23875.0,1145.0,40.16,37.53,68.5,31.0,320.45,25575.0,29998.0,1
2026-07-07 04:40:00,Normal,North,6445.0,17729.0,1027.0,34.19,37.5,50.0,27.94,252.83,18850.0,21777.0,1
2026-07-07 04:50:00,Normal,South,5310.0,13843.0,776.0,36.4,34.33,50.0,27.0,269.39,17024.0,17596.0,1
2026-07-07 05:00:00,Sale,South,9124.0,24825.0,1125.0,32.57,30.99,63.87,30.02,344.28,28459.0,30019.0,1
2026-07-07 05:10:00,Sale,South,8149.0,20880.0,1273.0,40.71,34.84,50.0,36.78,309.79,22273.0,26109.0,1
2026-07-07 05:20:00,Normal,South,6523.0,17271.0,932.0,30.78,31.44,50.0,24.85,235.02,21235.0,20823.0,1
2026-07-07 05:30:00,Normal,North,5524.0,15556.0,871.0,35.6,34.14,50.0,31.67,264.06,18116.0,18995.0,1
2026-07-07 05:40:00,Normal,West,6288.0,17473.0,1041.0,33.33,31.74,50.0,30.55,305.68,17197.0,24559.0,1
2026-07-07 05:50:00,Normal,South,5701.0,19108.0,1089.0,29.27,36.5,66.37,33.82,302.82,15207.0,23823.0,1
2026-07-07 06:00:00,Normal,West,6431.0,16448.0,1020.0,30.0,36.7,50.0,30.51,221.68,16241.0,20770.0,1
2026-07-07 06:10:00,Normal,North,6461.0,17944.0,955.0,37.34,37.89,50.0,28.96,257.84,21165.0,20357.0,1
2026-07-07 06:20:00,Normal,South,5899.0,15005.0,918.0,29.91,38.11,80.66,31.36,242.76,18143.0,20832.0,1
2026-07-07 06:30:00,Normal,South,6671.0,18213.0,1015.0,31.0,29.35,50.0,29.7,257.7,17375.0,22990.0,1
2026-07-07 06:40:00,Sale,West,9114.0,24950.0,1448.0,36.7,33.14,54.22,32.75,402.83,29588.0,33370.0,1
2026-07-07 06:50:00,Sale,North,9883.0,29175.0,1675.0,45.37,46.99,110.47,35.7,369.69,34486.0,37716.0,1
2026-07-07 07:00:00,Normal,West,6352.0,17271.0,1079.0,39.68,37.07,50.0,29.08,261.63,21753.0,22227.0,1
2026-07-07 07:10:00,Normal,South,6722.0,18590.0,1103.0,25.24,35.18,74.57,27.82,260.89,22587.0,23114.0,1
2026-07-07 07:20:00,Normal,South,6316.0,17196.0,900.0,43.82,34.11,54.14,26.85,267.75,21584.0,22060.0,1
2026-07-07 07:30:00,Normal,South,6572.0,16744.0,857.0,33.05,33.69,50.0,30.04,292.0,19571.0,21407.0,1
2026-07-07 07:40:00,Sale,North,9611.0,25782.0,1410.0,42.24,31.22,53.45,28.04,350.69,30048.0,31218.0,1
2026-07-07 07:50:00,Sale,South,10272.0,28055.0,1415.0,40.1,35.5,50.0,30.12,365.07,30475.0,34980.0,1
2026-07-07 08:00:00,Sale,North,10872.0,30586.0,1489.0,43.98,38.37,59.31,28.83,369.02,36766.0,41650.0,1
2026-07-07 08:10:00,Flash Sale,South,16180.0,46932.0,1982.0,58.66,42.28,109.06,36.85,589.54,46310.0,64005.0,1
2026-07-07 08:20:00,Flash Sale,South,16422.0,45289.0,2070.0,52.3,42.1,105.43,32.71,539.3,50096.0,57040.0,1
2026-07-07 08:30:00,Sale,South,10917.0,30072.0,2012.0,40.34,46.2,127.81,27.76,386.05,35304.0,35274.0,1
2026-07-07 08:40:00,Normal,North,6692.0,16664.0,851.0,36.9,33.08,50.0,25.33,198.17,21011.0,19455.0,1
2026-07-07 08:50:00,Normal,North,6936.0,20094.0,1335.0,28.87,35.87,59.96,27.71,287.76,21544.0,25330.0,1
2026-07-07 09:00:00,Normal,North,6950.0,18590.0,1067.0,35.57,35.23,70.02,27.65,265.87,22617.0,29588.0,1
2026-07-07 09:10:00,Sale,North,12725.0,37341.0,2043.0,48.26,42.84,95.66,33.97,417.76,41086.0,45921.0,1
2026-07-07 09:20:00,Normal,South,7982.0,24243.0,1115.0,34.76,35.05,51.18,29.85,357.17,29544.0,31705.0,1
2026-07-07 09:30:00,Sale,North,11689.0,32333.0,1779.0,53.37,43.06,69.1,33.22,399.95,33622.0,39868.0,1
2026-07-07 09:40:00,Sale,West,12138.0,31751.0,2107.0,41.17,40.44,61.09,33.34,454.9,37866.0,38879.0,1
2026-07-07 09:50:00,Sale,North,10562.0,29543.0,1901.0,38.59,34.48,76.1,33.72,420.79,32807.0,36962.0,1
2026-07-07 10:00:00,Normal,North,6596.0,18883.0,1070.0,33.3,34.29,50.0,23.43,260.84,18911.0,23466.0,1
2026-07-07 10:10:00,Normal,West,7675.0,21055.0,1013.0,32.82,34.85,61.94,26.25,334.78,23259.0,27470.0,1
2026-07-07 10:20:00,Normal,North,7186.0,19390.0,955.0,34.51,34.13,50.0,30.93,324.17,24280.0,29585.0,1
2026-07-07 10:30:00,Sale,South,12088.0,35072.0,1750.0,48.43,41.8,80.83,33.35,426.75,35706.0,39334.0,1
2026-07-07 10:40:00,Sale,West,12309.0,35568.0,2229.0,49.17,42.35,117.05,35.76,419.86,34557.0,45257.0,1
2026-07-07 10:50:00,Sale,West,12666.0,34677.0,2247.0,46.98,41.69,70.67,28.0,382.88,40220.0,38175.0,1
2026-07-07 11:00:00,Normal,West,7668.0,19188.0,1078.0,31.5,35.73,88.29,27.8,291.39,18271.0,23604.0,1
2026-07-07 11:10:00,Normal,North,8437.0,24317.0,1293.0,41.24,36.77,57.59,29.46,308.84,31037.0,31180.0,1
2026-07-07 11:20:00,Normal,South,8245.0,21946.0,1411.0,36.21,29.23,50.0,30.33,319.72,27955.0,32829.0,1
2026-07-07 11:30:00,Sale,West,12942.0,36736.0,1805.0,47.24,43.19,83.74,33.19,443.17,44959.0,46938.0,1
2026-07-07 11:40:00,Sale,West,12508.0,35363.0,1956.0,53.98,41.84,70.01,34.19,424.14,39567.0,38593.0,1
2026-07-07 11:50:00,Normal,North,8929.0,21965.0,1269.0,36.19,32.73,50.0,29.49,295.62,28258.0,31216.0,1
2026-07-07 12:00:00,Sale,South,13147.0,37004.0,1844.0,53.82,41.79,103.41,37.26,427.55,46424.0,41369.0,0
2026-07-07 12:10:00,Normal,North,9403.0,27198.0,1392.0,46.03,39.46,114.65,36.06,347.93,29013.0,37046.0,1
2026-07-07 12:20:00,Sale,North,12804.0,37319.0,1893.0,54.87,44.58,94.11,29.86,444.78,47167.0,42700.0,0
2026-07-07 12:30:00,Normal,West,8887.0,25071.0,1592.0,42.08,38.31,68.69,30.65,340.36,25794.0,32655.0,1
2026-07-07 12:40:00,Normal,North,8486.0,20740.0,1379.0,35.63,36.22,50.0,31.96,300.01,22820.0,30764.0,1
2026-07-07 12:50:00,Sale,South,13035.0,39495.0,2199.0,51.31,44.66,,35.44,458.17,37151.0,47470.0,1
2026-07-07 13:00:00,Normal,North,9007.0,25885.0,1382.0,39.03,36.14,55.96,29.47,376.37,29368.0,32181.0,1
2026-07-07 13:10:00,Normal,South,8541.0,22064.0,1134.0,28.09,36.96,55.22,30.62,306.65,24062.0,27506.0,1
2026-07-07 13:20:00,Normal,North,7359.0,19563.0,1076.0,37.5,32.98,50.0,24.55,323.19,21026.0,25589.0,1
2026-07-07 13:30:00,Normal,South,7159.0,20343.0,1052.0,36.27,38.45,50.0,29.42,299.46,22447.0,32162.0,1
2026-07-07 13:40:00,Sale,North,14106.0,41224.0,2243.0,56.34,37.6,99.88,29.69,503.96,43781.0,48485.0,1
2026-07-07 13:50:00,Sale,West,14085.0,38201.0,2196.0,50.0,43.82,106.72,34.93,459.74,42945.0,51214.0,1
2026-07-07 14:00:00,Sale,North,14506.0,42773.0,2248.0,57.02,43.02,117.47,31.06,533.1,53396.0,50891.0,1
2026-07-07 14:10:00,Normal,South,8741.0,21655.0,1166.0,30.9,38.48,50.0,30.25,307.39,21954.0,31559.0,1
2026-07-07 14:20:00,Sale,North,12916.0,33742.0,1818.0,42.0,37.47,50.0,33.38,448.88,40701.0,38476.0,1
2026-07-07 14:30:00,Normal,North,8540.0,20739.0,1101.0,25.72,35.53,60.23,29.79,337.51,23674.0,27539.0,1
2026-07-07 14:40:00,Normal,North,8756.0,23102.0,1209.0,37.1,36.27,50.0,28.19,302.85,26738.0,29957.0,1
2026-07-07 14:50:00,Normal,North,8246.0,25329.0,1509.0,36.44,38.17,78.09,29.94,358.62,28290.0,37035.0,1
2026-07-07 15:00:00,Sale,North,14294.0,45319.0,2011.0,52.91,40.72,58.95,38.51,557.82,47506.0,52803.0,1
2026-07-07 15:10:00,Sale,South,14590.0,41468.0,2672.0,54.59,44.42,88.77,32.85,516.13,48288.0,55461.0,1
2026-07-07 15:20:00,Sale,South,13709.0,36810.0,2055.0,47.59,35.35,80.13,33.16,447.27,43137.0,48315.0,1
2026-07-07 15:30:00,Normal,North,8685.0,23971.0,1406.0,32.64,34.39,64.75,28.6,319.39,24929.0,29577.0,1
2026-07-07 15:40:00,Normal,South,8043.0,23205.0,1377.0,47.9,31.43,50.0,33.17,307.46,22884.0,33867.0,1
2026-07-07 15:50:00,Sale,,14243.0,35874.0,1821.0,48.34,43.04,50.0,33.13,433.65,40485.0,48199.0,1
2026-07-07 16:00:00,Sale,North,13237.0,35700.0,1768.0,44.01,41.7,82.82,30.56,426.0,42679.0,40819.0,1
2026-07-07 16:10:00,Normal,South,8371.0,25601.0,1249.0,37.08,38.33,69.48,30.65,343.4,31246.0,28336.0,0
2026-07-07 16:20:00,Normal,North,8756.0,22869.0,1224.0,36.75,40.42,75.5,29.31,299.74,28365.0,31253.0,1
2026-07-07 16:30:00,Normal,North,8223.0,21915.0,1297.0,35.93,34.72,50.0,34.0,320.04,25359.0,31281.0,1
2026-07-07 16:40:00,Sale,South,13273.0,37195.0,1915.0,54.82,42.85,101.22,33.05,463.37,40679.0,41619.0,1
2026-07-07 16:50:00,Normal,West,7794.0,22221.0,1303.0,36.57,35.98,61.03,25.74,316.44,24883.0,31330.0,1
2026-07-07 17:00:00,Sale,,13312.0,35775.0,1459.0,55.83,40.26,111.76,34.37,440.91,35620.0,41414.0,1
2026-07-07 17:10:00,Normal,West,8185.0,23032.0,1213.0,35.85,39.98,50.0,35.43,322.04,24224.0,37143.0,1
2026-07-07 17:20:00,Sale,South,13347.0,38833.0,2408.0,52.71,47.84,50.0,37.13,472.15,43287.0,44772.0,1
2026-07-07 17:30:00,Normal,North,8137.0,25656.0,1385.0,43.9,35.69,54.75,27.34,366.05,28051.0,32462.0,1
2026-07-07 17:40:00,Normal,North,8169.0,22689.0,1135.0,42.07,38.44,52.13,29.19,305.83,25620.0,31102.0,1
2026-07-07 17:50:00,Normal,North,7631.0,21311.0,1088.0,41.36,36.42,59.84,29.6,312.5,20938.0,30319.0,1
2026-07-07 18:00:00,Normal,North,8255.0,25383.0,935.0,38.49,37.88,50.0,30.53,311.17,25506.0,35460.0,1
2026-07-07 18:10:00,Sale,North,11768.0,31788.0,1555.0,45.0,39.87,62.13,33.14,425.68,38068.0,35603.0,1
2026-07-07 18:20:00,Normal,South,7632.0,19550.0,1199.0,24.7,33.84,64.71,28.27,271.52,20267.0,28045.0,1
2026-07-07 18:30:00,Sale,North,12207.0,34729.0,1789.0,46.74,29.4,73.8,29.89,414.48,36548.0,36698.0,1
2026-07-07 18:40:00,Normal,North,7936.0,23757.0,1240.0,42.56,40.92,50.0,33.08,299.1,26834.0,29270.0,1
2026-07-07 18:50:00,Normal,West,7022.0,20118.0,825.0,38.69,32.96,91.92,26.06,260.73,20659.0,28791.0,1
2026-07-07 19:00:00,Sale,South,11437.0,31823.0,1439.0,44.7,38.41,50.0,29.59,396.19,39162.0,38812.0,1
2026-07-07 19:10:00,Normal,West,7851.0,19935.0,1239.0,41.74,34.32,74.69,26.0,326.81,19822.0,35139.0,1
2026-07-07 19:20:00,Flash Sale,North,17325.0,48329.0,2837.0,57.54,42.56,131.85,37.47,557.2,54135.0,64091.0,1
2026-07-07 19:30:00,Sale,South,11440.0,34570.0,1632.0,44.52,40.82,70.43,32.92,380.47,36131.0,45771.0,1
2026-07-07 19:40:00,Sale,North,11633.0,29989.0,1536.0,41.62,38.36,65.15,34.25,399.03,34056.0,35124.0,1
2026-07-07 19:50:00,Normal,South,7390.0,20366.0,1117.0,30.82,32.98,50.0,27.13,265.81,21797.0,26142.0,1
2026-07-07 20:00:00,Normal,North,6485.0,17705.0,847.0,35.54,34.64,50.0,25.14,287.42,19788.0,26333.0,1
2026-07-07 20:10:00,Sale,North,10832.0,28969.0,1245.0,43.78,38.04,50.0,30.04,369.16,35983.0,37253.0,1
2026-07-07 20:20:00,Normal,South,7497.0,21326.0,1153.0,38.57,38.25,50.0,29.14,296.41,22419.0,27663.0,1
2026-07-07 20:30:00,Normal,North,6474.0,18645.0,1090.0,32.19,30.5,50.0,29.73,306.38,19585.0,23591.0,1
2026-07-07 20:40:00,Normal,North,6813.0,19606.0,1148.0,34.43,32.45,50.0,24.27,301.51,21340.0,24829.0,1
2026-07-07 20:50:00,Sale,West,10159.0,26659.0,1606.0,31.95,39.51,50.88,32.3,325.44,33788.0,36278.0,1
2026-07-07 21:00:00,Sale,North,10619.0,26586.0,1214.0,42.1,35.39,50.0,28.17,328.38,29538.0,34922.0,1
2026-07-07 21:10:00,Sale,,10102.0,28762.0,1592.0,42.84,35.36,65.72,29.39,333.03,35763.0,37737.0,1
2026-07-07 21:20:00,Sale,South,9723.0,26339.0,1406.0,35.99,35.45,50.0,34.32,418.47,29033.0,33131.0,1
2026-07-07 21:30:00,Normal,North,6593.0,20643.0,1125.0,35.13,34.92,50.0,22.99,274.86,25575.0,29486.0,1
2026-07-07 21:40:00,Sale,South,9546.0,29967.0,1610.0,42.44,38.2,57.18,32.56,418.92,34784.0,37082.0,1
2026-07-07 21:50:00,Normal,North,6030.0,19046.0,972.0,41.25,34.04,50.0,30.15,267.15,22387.0,24040.0,1
2026-07-07 22:00:00,Sale,West,8764.0,23055.0,851.0,33.35,32.98,82.6,27.62,293.56,22512.0,29088.0,1
2026-07-07 22:10:00,Normal,North,5592.0,16230.0,1006.0,33.12,36.0,50.0,27.23,252.83,15606.0,26849.0,1
2026-07-07 22:20:00,Flash Sale,North,15072.0,44566.0,2539.0,51.52,47.58,114.74,38.47,527.49,54683.0,59485.0,1
2026-07-07 22:30:00,Normal,North,5758.0,16910.0,779.0,30.14,28.19,71.77,34.61,279.14,20728.0,21520.0,1
2026-07-07 22:40:00,Normal,West,6358.0,17397.0,1006.0,33.89,29.43,50.0,32.02,284.33,23697.0,21013.0,0
2026-07-07 22:50:00,Normal,West,5707.0,17293.0,905.0,31.85,37.06,50.0,34.46,248.18,16799.0,22589.0,1
2026-07-07 23:00:00,Normal,West,6142.0,17199.0,903.0,32.6,38.73,81.06,26.71,225.99,20098.0,21238.0,1
2026-07-07 23:10:00,Normal,South,5250.0,14820.0,747.0,31.93,26.8,50.0,23.52,208.27,15081.0,20729.0,1
2026-07-07 23:20:00,Sale,South,8952.0,22587.0,1315.0,35.22,38.35,59.03,29.81,258.8,23624.0,28068.0,1
2026-07-07 23:30:00,Normal,South,5789.0,16881.0,847.0,35.89,38.82,50.0,31.13,251.95,18059.0,24767.0,1
2026-07-07 23:40:00,Sale,West,10096.0,27795.0,1346.0,40.4,35.14,78.33,25.55,367.66,32193.0,28964.0,0
2026-07-07 23:50:00,Normal,South,6078.0,17526.0,1083.0,32.51,38.87,50.0,26.08,236.69,18466.0,23620.0,1
2026-07-08 00:00:00,Sale,South,8204.0,23320.0,1258.0,39.27,35.63,50.0,27.68,291.61,26197.0,26778.0,1
2026-07-08 00:10:00,Normal,South,5827.0,16505.0,893.0,32.94,34.72,50.0,29.7,254.65,19859.0,23628.0,1
2026-07-08 00:20:00,Sale,South,9570.0,26717.0,1580.0,43.29,35.19,50.0,31.56,341.37,32937.0,30781.0,1
2026-07-08 00:30:00,Sale,North,7686.0,22609.0,1153.0,38.49,38.92,52.55,27.65,310.77,26888.0,26703.0,1
2026-07-08 00:40:00,Normal,South,5063.0,13996.0,730.0,31.77,35.4,50.0,28.62,220.78,16308.0,19177.0,1
2026-07-08 00:50:00,Sale,North,8382.0,21275.0,1209.0,34.78,40.62,58.76,26.25,308.97,23527.0,27416.0,1
2026-07-08 01:00:00,Normal,West,5101.0,14805.0,677.0,26.31,37.5,50.0,26.98,223.92,15740.0,16857.0,1
2026-07-08 01:10:00,Normal,South,5143.0,13652.0,769.0,23.89,32.75,50.0,24.21,214.3,16026.0,18171.0,1
2026-07-08 01:20:00,Sale,West,7578.0,19412.0,980.0,27.82,44.12,50.0,28.82,237.07,19701.0,23894.0,1
2026-07-08 01:30:00,Sale,South,8932.0,23366.0,1405.0,44.91,40.23,66.92,27.74,322.4,26448.0,28066.0,1
2026-07-08 01:40:00,Normal,West,4598.0,13110.0,764.0,20.29,34.21,57.54,29.96,223.32,13273.0,17741.0,1
2026-07-08 01:50:00,Normal,North,5210.0,14496.0,833.0,35.1,30.08,50.0,28.11,230.52,16176.0,20636.0,1
2026-07-08 02:00:00,Sale,West,8660.0,20925.0,949.0,32.5,30.73,50.0,28.92,347.04,21231.0,24753.0,1
2026-07-08 02:10:00,Sale,South,8122.0,22182.0,1206.0,41.6,31.43,97.57,35.18,315.89,23955.0,30801.0,1
2026-07-08 02:20:00,Flash Sale,North,11848.0,35667.0,1710.0,39.51,37.68,78.22,34.0,442.76,37536.0,45097.0,1
2026-07-08 02:30:00,Sale,North,7463.0,20291.0,1111.0,34.31,39.23,50.0,28.36,305.38,21109.0,26984.0,1
2026-07-08 02:40:00,Sale,North,8023.0,22224.0,914.0,42.71,37.24,50.0,28.14,365.06,24697.0,25939.0,1
2026-07-08 02:50:00,Normal,South,4871.0,14555.0,666.0,33.22,31.25,50.0,24.66,241.87,12774.0,19572.0,1
2026-07-08 03:00:00,Sale,,8333.0,24524.0,1524.0,37.5,36.18,96.83,30.2,279.66,23047.0,30339.0,1
2026-07-08 03:10:00,Normal,West,4609.0,13753.0,787.0,21.92,32.04,50.0,28.95,238.33,16508.0,20570.0,1
2026-07-08 03:20:00,Sale,South,8636.0,19872.0,1051.0,29.6,37.36,70.34,23.63,266.74,22550.0,24094.0,1
2026-07-08 03:30:00,Normal,South,5367.0,16704.0,828.0,37.75,31.21,50.0,24.58,208.97,17500.0,23205.0,1
2026-07-08 03:40:00,Sale,South,8325.0,24263.0,1177.0,37.23,37.54,50.0,28.79,375.07,29538.0,29617.0,1
2026-07-08 03:50:00,Sale,West,8950.0,29027.0,1631.0,42.39,39.06,50.0,28.09,417.31,30655.0,29241.0,1
2026-07-08 04:00:00,Normal,West,5266.0,14002.0,741.0,31.04,30.35,50.0,28.21,207.39,14871.0,16965.0,1
2026-07-08 04:10:00,Sale,,8138.0,20203.0,1299.0,29.96,39.84,50.0,29.99,269.57,21045.0,24480.0,1
2026-07-08 04:20:00,Normal,West,5211.0,14596.0,787.0,32.04,32.22,62.71,27.84,239.97,19131.0,19809.0,1
2026-07-08 04:30:00,Sale,South,8405.0,23116.0,1280.0,35.97,33.11,54.88,31.74,299.03,26434.0,28673.0,1
2026-07-08 04:40:00,Normal,West,5439.0,15869.0,741.0,32.66,36.11,50.0,26.74,245.31,18084.0,20256.0,1
2026-07-08 04:50:00,Normal,West,5069.0,15174.0,802.0,28.59,33.47,50.0,28.2,223.91,17703.0,19969.0,1
2026-07-08 05:00:00,Normal,West,4751.0,13228.0,742.0,22.95,33.86,50.0,24.9,212.27,12365.0,17032.0,1
2026-07-08 05:10:00,Normal,North,5482.0,15112.0,797.0,29.14,29.74,50.0,29.18,206.01,16028.0,18571.0,1
2026-07-08 05:20:00,Normal,South,5942.0,17198.0,896.0,35.18,36.46,50.0,29.01,282.65,20044.0,22783.0,1
2026-07-08 05:30:00,Sale,North,9000.0,24785.0,1412.0,40.64,43.19,77.03,26.86,367.95,27749.0,27378.0,1
2026-07-08 05:40:00,Sale,West,9532.0,26106.0,1673.0,40.31,33.35,50.49,30.28,348.55,34996.0,36921.0,1
2026-07-08 05:50:00,Sale,North,9910.0,29597.0,1654.0,46.75,39.42,57.68,31.4,385.07,31565.0,33602.0,1
2026-07-08 06:00:00,Normal,West,6505.0,19688.0,1218.0,33.92,32.53,50.0,30.17,302.61,23908.0,23634.0,1
2026-07-08 06:10:00,Normal,West,6816.0,20415.0,1199.0,35.58,43.21,63.06,30.45,294.2,24511.0,25407.0,1
2026-07-08 06:20:00,Normal,North,6508.0,18026.0,1109.0,31.4,38.03,50.0,26.8,313.5,20447.0,22955.0,1
2026-07-08 06:30:00,Sale,South,10349.0,24990.0,1283.0,43.07,37.59,50.0,32.79,307.0,28800.0,33034.0,1
2026-07-08 06:40:00,Sale,South,10419.0,28896.0,1553.0,43.73,34.43,50.0,32.93,400.48,31525.0,32526.0,1
2026-07-08 06:50:00,Normal,South,6601.0,17581.0,946.0,30.72,31.2,50.0,26.69,262.96,16222.0,26694.0,1
2026-07-08 07:00:00,Sale,North,10501.0,29158.0,1699.0,36.83,40.44,71.7,27.99,353.55,33675.0,36391.0,1
2026-07-08 07:10:00,Normal,North,6444.0,17266.0,1032.0,37.1,29.96,50.0,26.85,318.84,20078.0,23817.0,1
2026-07-08 07:20:00,Normal,South,6526.0,18250.0,1017.0,30.54,30.39,50.0,24.6,332.13,21508.0,22818.0,1
2026-07-08 07:30:00,Normal,South,6378.0,16666.0,1004.0,32.45,33.86,50.0,29.29,251.46,18771.0,20736.0,1
2026-07-08 07:40:00,Normal,South,6858.0,17621.0,910.0,42.39,34.57,50.0,32.43,277.32,21445.0,24668.0,1
2026-07-08 07:50:00,Sale,North,9788.0,29560.0,1783.0,46.33,39.49,50.0,35.77,373.82,30547.0,36637.0,1
2026-07-08 08:00:00,Sale,South,10754.0,28235.0,1725.0,48.44,36.56,89.79,27.94,364.6,35770.0,37280.0,1
2026-07-08 08:10:00,Normal,South,5822.0,16303.0,963.0,29.71,36.47,50.0,30.95,224.72,16649.0,24330.0,1
2026-07-08 08:20:00,Sale,North,11712.0,34805.0,1942.0,51.87,37.6,79.8,32.91,406.04,38606.0,44032.0,1
2026-07-08 08:30:00,Sale,West,10740.0,31839.0,1887.0,45.17,41.02,50.0,24.82,454.49,37827.0,44301.0,1
2026-07-08 08:40:00,Sale,North,11078.0,32603.0,1618.0,47.18,40.05,66.35,31.18,415.06,34836.0,42566.0,1
2026-07-08 08:50:00,Sale,South,11579.0,33052.0,1857.0,54.18,41.37,50.0,30.94,421.79,39494.0,37783.0,1
2026-07-08 09:00:00,Normal,West,7603.0,22279.0,1266.0,35.82,39.34,50.0,33.53,292.53,24189.0,33913.0,1
2026-07-08 09:10:00,Sale,South,12274.0,37401.0,1759.0,49.87,39.72,142.84,30.62,468.76,42331.0,41118.0,1
2026-07-08 09:20:00,Normal,South,6832.0,19652.0,1137.0,31.09,32.9,50.0,31.01,248.93,21655.0,32247.0,1
2026-07-08 09:30:00,Flash Sale,North,18713.0,46208.0,2195.0,60.83,39.11,132.31,34.84,532.74,49088.0,52576.0,1
2026-07-08 09:40:00,Normal,North,7996.0,21629.0,1134.0,34.14,29.51,68.97,25.42,276.3,29094.0,30245.0,1
2026-07-08 09:50:00,Sale,North,11657.0,34100.0,1884.0,51.08,39.41,99.6,30.85,463.32,35328.0,41689.0,1
2026-07-08 10:00:00,Normal,West,8588.0,23076.0,1168.0,31.01,35.75,50.0,34.67,279.46,20569.0,31357.0,1
2026-07-08 10:10:00,Normal,West,7291.0,22540.0,1251.0,39.35,32.63,89.75,29.44,285.92,23433.0,31090.0,1
2026-07-08 10:20:00,Sale,North,12062.0,33636.0,1863.0,44.02,37.16,95.17,35.12,375.17,38114.0,46876.0,1
2026-07-08 10:30:00,Sale,North,12928.0,36398.0,1823.0,51.86,45.31,81.11,35.56,431.73,39394.0,40747.0,1
2026-07-08 10:40:00,Normal,North,6941.0,20841.0,1217.0,35.66,37.92,52.43,28.24,286.93,25465.0,32116.0,1
2026-07-08 10:50:00,Sale,South,12486.0,34551.0,1742.0,45.23,36.31,72.59,28.75,459.96,42091.0,42489.0,1
2026-07-08 11:00:00,Sale,South,13034.0,36909.0,2537.0,47.83,39.59,82.51,29.66,453.54,40163.0,43587.0,1
2026-07-08 11:10:00,Normal,West,9222.0,27314.0,1484.0,37.82,38.78,59.0,,352.88,25997.0,38488.0,1
2026-07-08 11:20:00,Sale,West,11977.0,30360.0,1456.0,47.16,36.75,76.33,32.13,401.1,30108.0,40198.0,1
2026-07-08 11:30:00,Normal,North,9042.0,24854.0,1220.0,34.93,34.27,98.18,25.27,327.47,27756.0,36257.0,1
2026-07-08 11:40:00,Sale,South,12488.0,36831.0,2279.0,48.24,39.88,50.9,35.6,518.56,35489.0,40229.0,1
2026-07-08 11:50:00,Normal,South,8014.0,22534.0,1184.0,38.53,39.16,78.13,24.6,300.56,24409.0,29717.0,1
2026-07-08 12:00:00,Normal,North,7905.0,24220.0,1134.0,45.04,40.02,50.0,27.85,342.55,30569.0,33438.0,1
2026-07-08 12:10:00,Sale,West,12655.0,31845.0,1915.0,45.03,36.94,101.8,32.25,429.11,36758.0,38570.0,1
2026-07-08 12:20:00,Sale,North,13401.0,33446.0,1756.0,45.46,41.09,65.24,39.92,408.97,37612.0,45061.0,1
2026-07-08 12:30:00,Sale,West,12643.0,37152.0,2189.0,50.67,40.98,92.05,35.62,465.65,37743.0,51374.0,1
2026-07-08 12:40:00,Flash Sale,West,20382.0,60245.0,3652.0,60.91,46.06,128.57,36.81,679.93,68569.0,73781.0,1
2026-07-08 12:50:00,Sale,West,12868.0,35582.0,2016.0,43.45,39.56,50.0,32.91,452.67,38932.0,40884.0,1
2026-07-08 13:00:00,Sale,South,12864.0,36945.0,2563.0,47.9,37.14,124.75,35.89,461.97,42260.0,52189.0,1
2026-07-08 13:10:00,Sale,North,13206.0,38749.0,1730.0,48.08,45.05,61.68,37.79,473.98,46216.0,43743.0,1
2026-07-08 13:20:00,Normal,West,8859.0,23507.0,1178.0,31.58,40.88,53.81,29.43,296.18,28439.0,28976.0,1
2026-07-08 13:30:00,Normal,West,8552.0,22857.0,1222.0,40.86,34.77,50.0,29.37,365.16,25894.0,27387.0,1
2026-07-08 13:40:00,Normal,South,8707.0,24678.0,1692.0,40.02,34.69,50.0,27.94,351.44,28903.0,38127.0,1
2026-07-08 13:50:00,Sale,West,13818.0,40940.0,2693.0,53.36,,84.94,36.0,459.68,43756.0,43630.0,1
2026-07-08 14:00:00,Normal,North,9291.0,24065.0,1510.0,35.68,40.07,50.0,33.37,320.14,29679.0,28863.0,1
2026-07-08 14:10:00,Normal,South,8595.0,23760.0,1194.0,38.51,32.97,50.0,24.41,288.36,24503.0,32588.0,1
2026-07-08 14:20:00,Sale,West,13040.0,35940.0,1831.0,50.61,40.13,78.18,31.72,468.45,39507.0,42705.0,1
2026-07-08 14:30:00,Normal,North,8788.0,25268.0,1264.0,38.42,36.67,50.0,26.92,342.13,31424.0,33410.0,1
2026-07-08 14:40:00,Normal,South,8985.0,25145.0,1265.0,41.15,34.49,58.46,30.98,341.55,26951.0,32642.0,1
2026-07-08 14:50:00,Sale,West,12832.0,34669.0,2217.0,44.28,41.29,73.09,28.91,415.63,34181.0,49769.0,1
2026-07-08 15:00:00,Sale,West,13025.0,39397.0,2109.0,51.88,39.69,50.0,29.71,476.08,42506.0,44053.0,1
2026-07-08 15:10:00,Normal,West,8331.0,22518.0,1223.0,41.71,34.26,50.0,33.32,334.85,28353.0,27021.0,1
2026-07-08 15:20:00,Normal,South,8586.0,23591.0,1407.0,42.98,35.95,63.61,29.69,352.3,21065.0,27282.0,1
2026-07-08 15:30:00,Normal,West,8310.0,20887.0,940.0,41.06,30.84,50.0,29.42,320.03,23607.0,29414.0,1
2026-07-08 15:40:00,Sale,North,13824.0,36930.0,2043.0,50.53,34.76,94.04,34.42,420.5,39021.0,44258.0,1
2026-07-08 15:50:00,Sale,South,12668.0,36646.0,1774.0,49.28,43.58,91.44,35.97,451.8,40429.0,44422.0,1
2026-07-08 16:00:00,Normal,South,7726.0,22078.0,1175.0,34.97,33.51,50.0,28.6,317.11,23958.0,30281.0,1
2026-07-08 16:10:00,Sale,West,13032.0,37896.0,1951.0,42.98,47.67,83.06,32.15,450.59,46084.0,44388.0,1
2026-07-08 16:20:00,Normal,West,8428.0,24433.0,1250.0,33.39,42.47,74.38,29.2,292.86,27497.0,30039.0,1
2026-07-08 16:30:00,Normal,West,7788.0,24734.0,1394.0,38.35,35.14,50.0,33.69,305.17,30201.0,36777.0,1
2026-07-08 16:40:00,Flash Sale,South,19708.0,52530.0,2959.0,62.22,53.4,110.42,36.35,652.79,65579.0,66917.0,1
2026-07-08 16:50:00,Normal,South,8315.0,20858.0,1120.0,41.38,38.11,74.64,28.72,268.8,23424.0,28878.0,1
2026-07-08 17:00:00,Normal,South,8041.0,20994.0,1201.0,41.1,33.41,50.0,30.79,301.13,22758.0,29479.0,1
2026-07-08 17:10:00,Normal,South,8313.0,22225.0,1107.0,34.14,28.03,60.37,35.38,308.34,25730.0,29111.0,1
2026-07-08 17:20:00,Sale,North,12437.0,32643.0,1929.0,49.02,41.49,50.0,32.4,412.59,38421.0,40076.0,1
2026-07-08 17:30:00,Sale,South,13507.0,38047.0,2046.0,48.43,41.41,79.68,32.56,462.48,38225.0,59253.0,1
2026-07-08 17:40:00,Flash Sale,West,19602.0,59306.0,3090.0,71.14,50.05,141.64,43.88,705.29,67822.0,65997.0,1
2026-07-08 17:50:00,Normal,West,7834.0,24106.0,1211.0,41.71,35.75,50.0,34.29,331.95,26387.0,28816.0,1
2026-07-08 18:00:00,Normal,West,7922.0,22901.0,1226.0,42.43,32.58,50.0,33.59,303.37,24687.0,34754.0,1
2026-07-08 18:10:00,Sale,South,12268.0,39080.0,2588.0,49.25,40.4,96.71,32.1,482.08,41069.0,46099.0,1
2026-07-08 18:20:00,Normal,South,8482.0,23206.0,1268.0,41.78,38.24,56.7,28.31,290.13,24539.0,32360.0,1
2026-07-08 18:30:00,Sale,North,11906.0,29838.0,1436.0,35.87,37.38,52.58,26.06,400.28,37166.0,34553.0,1
2026-07-08 18:40:00,Sale,South,12590.0,37638.0,2278.0,55.18,40.09,55.19,36.18,449.36,40785.0,42382.0,1
2026-07-08 18:50:00,Normal,South,7896.0,19495.0,1017.0,34.47,30.27,58.6,29.52,269.37,24065.0,29462.0,1
2026-07-08 19:00:00,Sale,North,12298.0,32763.0,1858.0,45.83,39.74,64.02,26.81,430.45,37123.0,37757.0,1
2026-07-08 19:10:00,Normal,North,8098.0,23434.0,1204.0,29.77,32.87,65.19,33.76,314.15,23591.0,31162.0,1
2026-07-08 19:20:00,Normal,West,7551.0,21005.0,1317.0,34.3,38.11,55.72,28.61,291.27,23926.0,28057.0,1
2026-07-08 19:30:00,Sale,South,11421.0,31586.0,1625.0,50.27,36.85,58.3,31.31,435.05,31624.0,36581.0,1
2026-07-08 19:40:00,Normal,South,7706.0,19940.0,1264.0,33.24,34.09,70.68,24.85,265.07,23543.0,30081.0,1
2026-07-08 19:50:00,Sale,North,11462.0,32071.0,1562.0,48.11,45.72,55.7,33.53,423.17,35253.0,38576.0,1
2026-07-08 20:00:00,Sale,South,11690.0,34844.0,1855.0,47.76,39.28,106.42,34.17,462.18,42006.0,48096.0,1
2026-07-08 20:10:00,Flash Sale,South,16489.0,46229.0,2931.0,61.55,42.86,134.74,35.03,581.46,58404.0,67091.0,1
2026-07-08 20:20:00,Flash Sale,South,16247.0,43064.0,2412.0,55.37,44.83,120.99,33.22,575.05,40759.0,57241.0,1
2026-07-08 20:30:00,Normal,South,6770.0,17436.0,1197.0,29.09,28.75,50.0,36.72,248.31,18725.0,22133.0,1
2026-07-08 20:40:00,Normal,North,6393.0,16970.0,906.0,32.65,37.69,101.01,25.12,238.0,16954.0,24370.0,1
2026-07-08 20:50:00,Sale,West,11128.0,31945.0,1806.0,51.56,42.16,74.08,29.86,429.88,42673.0,43505.0,1
2026-07-08 21:00:00,Flash Sale,North,14976.0,42858.0,2847.0,56.42,44.57,100.31,36.55,542.09,46114.0,54467.0,1
2026-07-08 21:10:00,Normal,South,7096.0,18847.0,865.0,33.55,24.47,50.0,26.1,258.7,18630.0,20304.0,1
2026-07-08 21:20:00,Normal,North,5901.0,14174.0,640.0,39.07,32.18,50.0,24.85,243.86,19050.0,20199.0,1
2026-07-08 21:30:00,Normal,South,6611.0,19010.0,955.0,38.8,30.83,74.2,32.58,348.2,19911.0,23231.0,1
2026-07-08 21:40:00,Normal,North,7122.0,18791.0,1125.0,37.24,37.95,50.0,30.95,280.53,17999.0,24050.0,1
2026-07-08 21:50:00,Sale,West,9072.0,26526.0,1203.0,41.82,40.44,81.35,32.29,378.35,26637.0,30712.0,1
2026-07-08 22:00:00,Normal,South,7134.0,19005.0,1113.0,37.08,35.82,70.8,29.73,319.46,21557.0,23806.0,1
2026-07-08 22:10:00,Sale,South,9281.0,24337.0,1415.0,41.74,32.91,68.62,28.28,395.96,27368.0,32305.0,1
2026-07-08 22:20:00,Sale,North,9564.0,27044.0,1814.0,32.26,41.95,50.0,30.19,366.58,28028.0,32744.0,1
2026-07-08 22:30:00,Sale,North,9779.0,31533.0,1932.0,46.38,38.25,60.85,31.7,436.65,33787.0,37967.0,1
2026-07-08 22:40:00,Normal,South,6488.0,19041.0,1089.0,33.54,40.08,50.0,31.73,260.7,21427.0,26136.0,1
2026-07-08 22:50:00,Normal,South,6262.0,17687.0,1117.0,31.03,34.99,50.0,30.17,267.49,22151.0,24945.0,1
2026-07-08 23:00:00,Sale,South,9431.0,27015.0,1573.0,40.18,38.98,79.5,28.16,348.99,31157.0,30171.0,1
2026-07-08 23:10:00,Sale,West,9192.0,22839.0,1193.0,31.19,34.61,50.0,32.39,271.26,24294.0,26514.0,1
2026-07-08 23:20:00,Normal,West,6643.0,17258.0,831.0,25.45,38.26,50.0,23.76,222.51,18935.0,22665.0,1
2026-07-08 23:30:00,Sale,West,9193.0,21586.0,1113.0,41.33,37.38,50.0,28.79,316.61,25838.0,25076.0,1
2026-07-08 23:40:00,Normal,North,6745.0,20986.0,1149.0,37.69,39.67,76.55,26.19,311.1,27030.0,26934.0,1
2026-07-08 23:50:00,Sale,West,9383.0,28851.0,1617.0,32.87,38.63,62.11,28.78,352.46,29126.0,29274.0,1
2026-07-09 00:00:00,Normal,South,4582.0,13152.0,555.0,26.87,32.46,75.38,33.67,260.46,16196.0,17679.0,1
2026-07-09 00:10:00,Normal,South,6790.0,19177.0,1029.0,37.82,36.5,50.0,24.81,254.02,20879.0,27121.0,1
2026-07-09 00:20:00,Sale,West,8214.0,20704.0,1142.0,34.48,39.57,50.98,27.1,303.48,19826.0,23569.0,1
2026-07-09 00:30:00,Normal,South,6232.0,17204.0,1003.0,37.6,37.07,50.0,30.32,251.66,16134.0,23675.0,1
2026-07-09 00:40:00,Normal,West,5498.0,17168.0,1112.0,36.79,34.42,89.63,27.37,264.35,21518.0,21184.0,1
2026-07-09 00:50:00,Normal,West,6015.0,16984.0,953.0,27.01,28.37,50.0,29.2,282.31,21491.0,19260.0,0
2026-07-09 01:00:00,Normal,North,4965.0,13398.0,664.0,28.82,35.12,82.68,32.24,242.92,14244.0,20611.0,1
2026-07-09 01:10:00,Sale,West,8543.0,21216.0,935.0,34.24,31.11,50.0,31.63,319.86,23312.0,29862.0,1
2026-07-09 01:20:00,Normal,South,5183.0,15800.0,934.0,25.87,33.64,72.95,27.07,262.51,14880.0,22658.0,1
2026-07-09 01:30:00,Sale,West,9019.0,25141.0,1252.0,33.55,36.45,58.26,30.13,309.59,30073.0,32232.0,1
2026-07-09 01:40:00,Sale,West,8449.0,20986.0,1263.0,32.61,31.09,67.09,31.21,328.22,23445.0,25122.0,1
2026-07-09 01:50:00,Normal,North,5778.0,15216.0,964.0,28.37,34.44,50.0,30.25,215.65,14680.0,17724.0,1
2026-07-09 02:00:00,Normal,North,4168.0,10712.0,490.0,28.24,38.21,50.0,27.42,194.47,12217.0,16764.0,1
2026-07-09 02:10:00,Sale,North,8095.0,22473.0,1311.0,41.28,34.93,50.0,31.03,305.95,22048.0,29866.0,1
2026-07-09 02:20:00,Sale,South,8343.0,23671.0,1485.0,40.18,38.58,58.5,31.29,335.46,27831.0,32741.0,1
2026-07-09 02:30:00,Sale,North,8249.0,22351.0,1366.0,40.0,42.89,50.0,29.64,301.39,22613.0,27268.0,1
2026-07-09 02:40:00,Sale,West,8618.0,25336.0,1075.0,38.47,39.46,53.39,28.76,339.4,29230.0,29700.0,1
2026-07-09 02:50:00,Normal,South,5067.0,14260.0,711.0,32.53,31.06,58.76,30.36,273.07,15040.0,18176.0,1
2026-07-09 03:00:00,Normal,West,5334.0,15955.0,755.0,30.97,34.3,50.0,29.39,217.17,14095.0,23125.0,1
2026-07-09 03:10:00,Sale,North,8821.0,24130.0,1403.0,36.74,37.89,50.0,24.07,331.24,29430.0,31575.0,1
2026-07-09 03:20:00,Normal,South,4170.0,13963.0,803.0,37.46,37.19,50.0,25.59,201.77,17106.0,20863.0,1
2026-07-09 03:30:00,Sale,North,8525.0,23003.0,893.0,28.23,39.69,63.03,28.62,336.89,24563.0,27906.0,1
2026-07-09 03:40:00,Normal,West,5143.0,13563.0,722.0,22.04,24.44,69.37,27.38,207.47,15563.0,19587.0,1
2026-07-09 03:50:00,Sale,North,7774.0,20330.0,1216.0,36.81,32.55,50.0,33.08,294.27,23661.0,25707.0,1
2026-07-09 04:00:00,Normal,North,5653.0,15613.0,873.0,30.21,33.25,86.78,38.04,213.01,18221.0,22405.0,1
2026-07-09 04:10:00,Normal,North,6098.0,15187.0,849.0,25.16,30.27,50.0,20.96,274.16,19631.0,17626.0,0
2026-07-09 04:20:00,Normal,West,6004.0,17130.0,905.0,28.34,22.9,50.0,29.68,263.12,19899.0,20783.0,1
2026-07-09 04:30:00,Normal,North,5417.0,13310.0,647.0,25.62,30.48,50.0,28.14,226.54,14431.0,17246.0,1
2026-07-09 04:40:00,Sale,South,8939.0,25289.0,1388.0,43.06,36.84,74.88,30.02,363.61,29405.0,30913.0,1
2026-07-09 04:50:00,Normal,West,5918.0,15132.0,837.0,35.71,31.72,50.0,29.96,210.04,16298.0,19942.0,1
2026-07-09 05:00:00,Normal,West,5719.0,15620.0,917.0,37.84,30.48,71.42,28.89,230.83,15830.0,19021.0,1
2026-07-09 05:10:00,Normal,North,5416.0,15754.0,932.0,25.04,33.64,50.0,27.38,251.79,19566.0,16849.0,0
2026-07-09 05:20:00,Normal,North,5445.0,17504.0,972.0,27.41,35.16,50.0,28.94,220.99,20539.0,23529.0,1
2026-07-09 05:30:00,Sale,South,9351.0,24368.0,1500.0,32.97,35.12,53.78,32.03,292.32,22756.0,28439.0,1
2026-07-09 05:40:00,Normal,North,5741.0,15921.0,840.0,36.69,37.69,50.0,29.89,228.68,16743.0,25370.0,1
2026-07-09 05:50:00,Flash Sale,West,13019.0,34757.0,1610.0,49.21,40.34,66.9,33.21,409.04,41561.0,37283.0,0
2026-07-09 06:00:00,Normal,South,5283.0,13964.0,808.0,30.19,30.27,50.0,26.32,221.04,13456.0,20623.0,1
2026-07-09 06:10:00,Sale,South,9910.0,26472.0,1476.0,41.42,33.89,62.6,39.28,367.78,27655.0,30953.0,1
2026-07-09 06:20:00,Normal,North,5852.0,17252.0,1000.0,32.44,33.4,50.0,29.87,281.27,23915.0,21478.0,0
2026-07-09 06:30:00,Normal,South,6290.0,17060.0,809.0,28.02,37.31,50.0,31.04,305.83,18542.0,26654.0,1
2026-07-09 06:40:00,Sale,North,10114.0,32413.0,2131.0,47.6,36.87,101.46,30.61,413.56,39812.0,42387.0,1
2026-07-09 06:50:00,Flash Sale,West,13739.0,39499.0,2341.0,50.83,43.61,56.87,34.26,488.85,50165.0,46289.0,1
2026-07-09 07:00:00,Sale,North,10125.0,26510.0,1412.0,35.73,37.56,50.0,31.38,354.48,27283.0,31708.0,1
2026-07-09 07:10:00,Normal,West,6462.0,17666.0,872.0,35.31,40.16,64.29,23.15,274.67,20257.0,23051.0,1
2026-07-09 07:20:00,Normal,West,6737.0,17891.0,1100.0,31.5,35.43,50.0,26.79,278.87,23721.0,28363.0,1
2026-07-09 07:30:00,Sale,North,10768.0,31700.0,1534.0,45.85,37.0,60.25,29.77,430.05,36960.0,38076.0,1
2026-07-09 07:40:00,Normal,North,5882.0,14735.0,1010.0,30.03,35.37,50.0,26.44,260.31,19989.0,20620.0,1
2026-07-09 07:50:00,Sale,North,10433.0,26694.0,1370.0,44.26,39.65,50.0,27.66,369.92,28197.0,38154.0,1
2026-07-09 08:00:00,Sale,North,11366.0,30614.0,2000.0,44.9,37.52,50.0,31.87,433.89,39789.0,36065.0,0
2026-07-09 08:10:00,Sale,North,10757.0,31441.0,1694.0,41.19,35.51,54.93,36.11,405.08,35267.0,40200.0,1
2026-07-09 08:20:00,Sale,West,10781.0,32580.0,2101.0,46.98,41.01,87.91,32.56,400.52,35423.0,43283.0,1
2026-07-09 08:30:00,Sale,South,11059.0,33714.0,1706.0,48.08,39.99,74.07,28.87,415.94,39918.0,42972.0,1
2026-07-09 08:40:00,Normal,North,7172.0,20767.0,1145.0,37.7,30.72,58.3,26.48,295.02,23027.0,28391.0,1
2026-07-09 08:50:00,Normal,South,7291.0,20307.0,1215.0,39.4,35.87,50.0,28.34,265.97,22572.0,30779.0,1
2026-07-09 09:00:00,Sale,North,11833.0,34824.0,2054.0,45.14,38.28,99.18,28.41,422.91,40692.0,40803.0,1
2026-07-09 09:10:00,Normal,West,6962.0,18059.0,1113.0,36.02,29.77,50.0,29.89,242.1,16962.0,23314.0,1
2026-07-09 09:20:00,Normal,North,7948.0,19616.0,1021.0,27.77,33.81,50.0,33.37,294.75,20403.0,26222.0,1
2026-07-09 09:30:00,Normal,West,8036.0,23133.0,1284.0,37.18,39.95,58.81,28.36,330.18,27581.0,30226.0,1
2026-07-09 09:40:00,Sale,West,11645.0,30498.0,1906.0,42.82,42.3,86.28,31.94,350.76,37182.0,38849.0,1
2026-07-09 09:50:00,Sale,North,10805.0,30127.0,1529.0,49.4,41.38,52.3,30.34,374.92,34818.0,43255.0,1
2026-07-09 10:00:00,Sale,North,12149.0,34278.0,2003.0,46.51,40.81,105.39,30.65,478.41,39338.0,43035.0,1
2026-07-09 10:10:00,Normal,South,7972.0,22678.0,1217.0,39.71,37.72,50.0,30.56,332.53,26312.0,31929.0,1
2026-07-09 10:20:00,Normal,West,7303.0,21680.0,1219.0,29.38,35.88,64.46,27.78,318.16,26358.0,26752.0,1
2026-07-09 10:30:00,Normal,South,7695.0,22698.0,1260.0,35.89,32.63,93.56,27.57,300.38,22185.0,28096.0,1
2026-07-09 10:40:00,Normal,South,7170.0,20329.0,1022.0,31.89,,50.0,24.61,300.47,21732.0,30528.0,1
2026-07-09 10:50:00,Sale,West,12510.0,34032.0,1819.0,56.83,38.09,69.21,32.68,429.96,37863.0,45551.0,1
2026-07-09 11:00:00,Sale,West,12851.0,36232.0,2024.0,46.13,44.89,77.07,36.17,432.4,41289.0,41831.0,1
2026-07-09 11:10:00,Normal,South,7415.0,19965.0,1086.0,35.26,38.22,84.63,31.51,277.31,18149.0,27132.0,1
2026-07-09 11:20:00,Normal,South,8413.0,23259.0,1499.0,38.28,32.9,61.24,34.59,310.81,23126.0,31801.0,1
2026-07-09 11:30:00,Normal,West,8209.0,26854.0,1640.0,34.47,37.56,112.68,28.88,321.33,30032.0,34104.0,1
2026-07-09 11:40:00,Sale,North,13026.0,36901.0,2094.0,47.26,39.71,88.16,35.67,425.92,45067.0,47705.0,1
2026-07-09 11:50:00,Sale,West,12572.0,36221.0,1826.0,50.41,40.21,63.34,29.66,447.23,39050.0,45025.0,1
2026-07-09 12:00:00,Normal,North,8115.0,21691.0,1086.0,36.78,33.98,50.0,31.9,285.71,22847.0,32533.0,1
2026-07-09 12:10:00,Sale,North,12814.0,38231.0,2555.0,41.29,45.6,85.65,38.34,464.79,44840.0,39519.0,0
2026-07-09 12:20:00,Normal,West,8246.0,24219.0,1185.0,36.32,36.42,50.0,31.82,292.04,26330.0,30052.0,1
2026-07-09 12:30:00,Normal,South,8525.0,25047.0,1395.0,43.37,37.42,50.0,35.5,360.51,30259.0,36256.0,1
2026-07-09 12:40:00,Sale,North,13273.0,37678.0,2154.0,52.38,41.86,71.57,31.49,518.79,41365.0,43039.0,1
2026-07-09 12:50:00,Normal,North,8420.0,25144.0,1336.0,44.24,33.72,61.31,30.13,367.12,25357.0,33404.0,1
2026-07-09 13:00:00,Normal,South,8479.0,25681.0,1258.0,35.89,37.31,105.04,27.9,375.08,32411.0,37060.0,1
2026-07-09 13:10:00,Sale,West,13294.0,37902.0,1906.0,55.34,44.45,84.75,33.44,484.67,47139.0,45891.0,1
2026-07-09 13:20:00,Normal,North,9944.0,27639.0,1430.0,41.32,42.09,50.0,31.89,373.03,28315.0,38441.0,1
2026-07-09 13:30:00,Sale,North,13085.0,38744.0,1966.0,57.3,38.12,62.39,33.6,479.6,44927.0,45348.0,1
2026-07-09 13:40:00,Normal,South,8411.0,22183.0,1397.0,36.87,31.21,55.36,28.46,288.97,24120.0,29352.0,1
2026-07-09 13:50:00,Normal,West,10337.0,27609.0,1517.0,33.28,37.85,63.06,,383.34,32631.0,32531.0,1
2026-07-09 14:00:00,Normal,North,8961.0,25003.0,1297.0,42.65,40.08,95.62,31.54,355.8,25814.0,29310.0,1
2026-07-09 14:10:00,Normal,West,8060.0,20042.0,1115.0,33.26,36.09,68.09,28.93,278.84,24194.0,27082.0,1
2026-07-09 14:20:00,Normal,West,9171.0,27046.0,1596.0,39.48,39.51,82.75,27.49,373.61,33523.0,35779.0,1
2026-07-09 14:30:00,Normal,North,8295.0,21788.0,1153.0,30.71,31.55,50.0,24.1,290.53,22339.0,33480.0,1
2026-07-09 14:40:00,Sale,West,14017.0,38058.0,2299.0,56.84,39.6,111.21,31.59,454.82,42883.0,48173.0,1
2026-07-09 14:50:00,Normal,West,8645.0,23873.0,1131.0,36.21,29.77,50.0,26.11,348.11,29640.0,27627.0,1
2026-07-09 15:00:00,Normal,South,8470.0,23777.0,1475.0,44.51,35.89,76.52,27.72,338.54,24250.0,30426.0,1
2026-07-09 15:10:00,Normal,South,9495.0,25999.0,1429.0,38.37,30.61,50.14,29.45,344.19,27380.0,36883.0,1
2026-07-09 15:20:00,Normal,West,8974.0,25017.0,1369.0,35.55,40.75,50.0,30.07,331.48,29675.0,30711.0,1
2026-07-09 15:30:00,Normal,West,9177.0,25597.0,1301.0,45.04,41.62,71.14,28.63,350.34,28257.0,33995.0,1
2026-07-09 15:40:00,Sale,West,13688.0,37224.0,1773.0,49.35,41.45,116.83,39.76,416.35,35827.0,42952.0,1
2026-07-09 15:50:00,Normal,West,8468.0,22532.0,1014.0,36.9,31.35,50.0,26.17,296.38,24515.0,35598.0,1
2026-07-09 16:00:00,Sale,South,13505.0,40442.0,2039.0,47.25,43.28,128.04,37.52,462.79,52358.0,47751.0,0
2026-07-09 16:10:00,Sale,West,13804.0,33422.0,1956.0,44.58,45.27,50.0,31.87,424.51,44327.0,41990.0,1
2026-07-09 16:20:00,Normal,West,8583.0,23714.0,1168.0,39.87,37.73,50.0,28.24,354.36,25049.0,30638.0,1
2026-07-09 16:30:00,Normal,North,9416.0,25571.0,1169.0,34.54,40.5,52.59,32.39,357.64,26304.0,28705.0,1
2026-07-09 16:40:00,Normal,North,8941.0,25708.0,1274.0,37.7,35.54,50.0,29.3,334.29,27616.0,34458.0,1
2026-07-09 16:50:00,Sale,South,13305.0,33771.0,1779.0,45.02,37.21,57.62,30.01,410.05,43909.0,38656.0,0
2026-07-09 17:00:00,Normal,West,8363.0,22665.0,1200.0,37.53,35.72,53.2,35.36,297.8,27293.0,33949.0,1
2026-07-09 17:10:00,Sale,North,12837.0,35706.0,1936.0,54.27,34.72,65.34,26.27,497.05,45219.0,49432.0,1
2026-07-09 17:20:00,Sale,West,12142.0,36338.0,2224.0,47.69,47.51,70.97,32.26,455.08,44327.0,44775.0,1
2026-07-09 17:30:00,Sale,North,12723.0,36385.0,2274.0,46.17,41.15,87.01,33.57,458.85,35951.0,44911.0,1
2026-07-09 17:40:00,Sale,South,12879.0,33317.0,2233.0,57.3,42.26,56.61,36.55,370.39,34153.0,52549.0,1
2026-07-09 17:50:00,Flash Sale,South,19150.0,51939.0,2350.0,60.42,44.79,111.62,35.23,579.87,54556.0,60483.0,1
2026-07-09 18:00:00,Normal,North,8044.0,23806.0,1187.0,37.47,31.7,50.0,38.22,326.95,25420.0,27049.0,1
2026-07-09 18:10:00,Normal,West,7886.0,20375.0,1206.0,33.89,39.41,50.0,31.76,281.3,21438.0,28708.0,1
2026-07-09 18:20:00,Normal,North,8262.0,23016.0,1203.0,36.46,32.68,69.73,22.96,323.49,24485.0,31461.0,1
2026-07-09 18:30:00,Sale,West,12538.0,35085.0,2111.0,48.13,41.33,119.88,28.36,443.85,41543.0,45077.0,1
2026-07-09 18:40:00,Sale,North,12290.0,33558.0,1887.0,50.21,41.07,100.44,33.09,440.59,38041.0,49033.0,1
2026-07-09 18:50:00,Sale,West,11523.0,37855.0,2441.0,51.79,41.47,91.57,29.9,421.82,47015.0,40468.0,0
2026-07-09 19:00:00,Normal,South,8348.0,22755.0,1394.0,41.65,33.61,50.0,31.65,289.92,26059.0,34908.0,1
2026-07-09 19:10:00,Flash Sale,North,17443.0,50254.0,3084.0,64.89,45.14,103.39,34.69,590.05,52886.0,62642.0,1
2026-07-09 19:20:00,Normal,North,7412.0,19733.0,1037.0,35.61,32.06,69.84,25.75,271.14,22472.0,26186.0,1
2026-07-09 19:30:00,Normal,North,7282.0,21080.0,1147.0,37.42,37.81,50.0,26.74,293.05,20424.0,33213.0,1
2026-07-09 19:40:00,Flash Sale,South,17270.0,51063.0,2715.0,65.84,47.59,103.26,38.79,603.36,45386.0,60596.0,1
2026-07-09 19:50:00,Normal,West,8225.0,22159.0,1019.0,32.39,35.69,67.1,23.81,292.97,26244.0,29462.0,1
2026-07-09 20:00:00,Normal,South,7693.0,21465.0,1370.0,46.24,33.81,50.0,32.86,309.45,26226.0,29984.0,1
2026-07-09 20:10:00,Sale,South,11072.0,29218.0,1738.0,40.78,44.55,74.86,34.65,395.78,32935.0,32170.0,1
2026-07-09 20:20:00,Normal,South,6946.0,18019.0,954.0,31.91,30.4,50.0,27.97,271.81,19476.0,22439.0,1
2026-07-09 20:30:00,Normal,South,7310.0,21831.0,1372.0,31.71,31.01,50.0,25.59,326.33,21521.0,27226.0,1
2026-07-09 20:40:00,Normal,West,7037.0,19002.0,973.0,29.42,34.4,50.0,30.85,225.69,23499.0,21230.0,0
2026-07-09 20:50:00,Normal,South,6905.0,16334.0,718.0,35.78,32.94,50.0,27.13,238.69,19098.0,24366.0,1
2026-07-09 21:00:00,Sale,West,10317.0,32166.0,1964.0,54.42,42.55,81.17,27.53,433.97,36962.0,42347.0,1
2026-07-09 21:10:00,Sale,West,9927.0,26363.0,1248.0,38.14,39.17,74.74,36.53,332.02,29514.0,33223.0,1
2026-07-09 21:20:00,Normal,South,6673.0,18389.0,990.0,35.02,34.52,50.43,26.39,248.89,19732.0,23118.0,1
2026-07-09 21:30:00,Normal,North,6649.0,20582.0,1157.0,36.38,36.7,50.0,25.11,292.66,20760.0,25857.0,1
2026-07-09 21:40:00,Normal,North,6849.0,19001.0,1089.0,38.15,36.1,50.0,30.04,279.58,21761.0,24208.0,1
2026-07-09 21:50:00,Sale,South,9838.0,27258.0,1638.0,50.04,43.85,50.0,30.79,349.21,29061.0,34399.0,1
2026-07-09 22:00:00,Sale,South,9849.0,25399.0,1485.0,45.67,37.65,55.11,35.05,390.08,27370.0,30434.0,1
2026-07-09 22:10:00,Sale,West,9041.0,22653.0,1321.0,36.3,33.89,50.0,28.84,323.7,29263.0,25093.0,0
2026-07-09 22:20:00,Normal,South,5839.0,16174.0,813.0,33.86,34.26,61.37,27.45,229.16,18037.0,22091.0,1
2026-07-09 22:30:00,Normal,South,5861.0,16792.0,953.0,34.79,26.02,54.02,29.7,221.93,14688.0,18327.0,1
2026-07-09 22:40:00,Normal,West,5589.0,15956.0,733.0,31.48,33.49,52.11,29.11,259.7,17017.0,21375.0,1
2026-07-09 22:50:00,Sale,North,10002.0,27138.0,1747.0,36.68,40.78,102.54,31.66,338.22,27677.0,29487.0,1
2026-07-09 23:00:00,Normal,West,5278.0,14798.0,689.0,27.38,34.99,50.0,29.07,291.79,16367.0,19670.0,1
2026-07-09 23:10:00,Sale,North,8583.0,21193.0,1122.0,40.61,36.31,50.0,30.16,312.63,20717.0,30474.0,1
2026-07-09 23:20:00,Sale,South,9560.0,27559.0,1298.0,46.43,39.59,51.79,29.81,379.59,32061.0,33827.0,1
2026-07-09 23:30:00,Normal,West,5477.0,15495.0,784.0,30.34,36.73,,30.91,251.17,16896.0,19695.0,1
2026-07-09 23:40:00,Normal,West,5668.0,17886.0,985.0,34.25,38.54,50.0,27.86,296.89,19181.0,22337.0,1
2026-07-09 23:50:00,Normal,West,5257.0,14725.0,763.0,35.31,34.5,50.0,30.65,177.37,16713.0,18626.0,1
2026-07-10 00:00:00,Normal,South,5901.0,15521.0,960.0,24.38,32.48,50.0,32.58,215.13,17265.0,21315.0,1
2026-07-10 00:10:00,Normal,West,5908.0,16488.0,929.0,30.23,26.83,50.0,26.59,280.73,18244.0,21665.0,1
2026-07-10 00:20:00,Sale,South,8870.0,24314.0,1270.0,46.74,39.44,50.95,37.56,370.65,26686.0,29622.0,1
2026-07-10 00:30:00,Normal,South,5753.0,16559.0,897.0,33.27,35.34,50.0,,224.71,18513.0,20439.0,1
2026-07-10 00:40:00,Normal,North,5521.0,15486.0,965.0,26.65,33.88,56.21,26.29,199.4,17876.0,22149.0,1
2026-07-10 00:50:00,Sale,North,8239.0,21200.0,1282.0,36.49,33.36,50.0,31.28,306.19,24206.0,26970.0,1
2026-07-10 01:00:00,Sale,South,7822.0,19600.0,944.0,38.75,37.76,50.0,30.64,298.13,24160.0,24936.0,1
2026-07-10 01:10:00,Normal,North,5955.0,16955.0,863.0,22.23,33.16,61.59,28.95,263.23,18062.0,25572.0,1
2026-07-10 01:20:00,Sale,West,8612.0,26259.0,1519.0,41.02,37.09,75.99,33.23,351.1,30035.0,29500.0,1
2026-07-10 01:30:00,Sale,West,7883.0,22186.0,1267.0,35.37,35.6,50.0,30.64,265.56,30275.0,30298.0,1
2026-07-10 01:40:00,Sale,West,8250.0,24307.0,1184.0,32.09,37.86,59.78,36.54,323.7,27125.0,31111.0,1
2026-07-10 01:50:00,Sale,North,8080.0,24097.0,1434.0,38.81,32.99,50.0,30.14,325.32,26983.0,26974.0,1
2026-07-10 02:00:00,Normal,West,4686.0,13346.0,663.0,28.8,34.36,50.0,,209.75,13261.0,21387.0,1
2026-07-10 02:10:00,Sale,North,8226.0,21828.0,1371.0,36.46,33.48,94.76,28.15,260.31,22890.0,27541.0,1
2026-07-10 02:20:00,Normal,South,5042.0,14296.0,832.0,28.76,30.95,50.0,29.56,247.57,15859.0,20137.0,1
2026-07-10 02:30:00,Sale,West,7661.0,23116.0,1114.0,33.56,38.75,50.0,31.54,342.8,27123.0,30719.0,1
2026-07-10 02:40:00,Sale,North,7398.0,21420.0,1110.0,30.39,32.51,50.0,30.33,284.33,25381.0,24790.0,1
2026-07-10 02:50:00,Normal,North,4468.0,13112.0,678.0,26.38,35.24,50.7,25.34,216.48,15114.0,15277.0,1
2026-07-10 03:00:00,Normal,North,5124.0,13920.0,779.0,33.27,33.18,50.0,31.39,216.78,16710.0,19528.0,1
2026-07-10 03:10:00,Sale,South,8187.0,22626.0,1217.0,38.16,30.97,50.0,35.79,304.08,23080.0,29333.0,1
2026-07-10 03:20:00,Sale,West,7792.0,21652.0,1042.0,36.13,39.67,64.05,29.85,318.85,25309.0,25195.0,1
2026-07-10 03:30:00,Normal,North,5635.0,15726.0,733.0,27.21,34.43,50.0,33.89,260.19,17634.0,22790.0,1
2026-07-10 03:40:00,Sale,North,8197.0,24675.0,1438.0,37.48,37.82,79.06,33.03,363.62,27945.0,31517.0,1
2026-07-10 03:50:00,Sale,South,8518.0,20252.0,1149.0,38.16,38.11,50.0,36.11,318.87,21949.0,24830.0,1
2026-07-10 04:00:00,Normal,North,5393.0,15130.0,842.0,32.88,37.79,50.0,29.75,237.01,15504.0,21734.0,1
2026-07-10 04:10:00,Normal,West,5091.0,14182.0,803.0,28.15,33.57,50.0,28.53,302.87,14160.0,18315.0,1
2026-07-10 04:20:00,Normal,West,5542.0,14148.0,726.0,19.58,34.8,50.0,30.64,270.23,16300.0,22118.0,1
2026-07-10 04:30:00,Sale,West,7870.0,22986.0,1290.0,34.84,37.16,83.01,28.76,303.41,26889.0,29464.0,1
2026-07-10 04:40:00,Normal,West,5754.0,15361.0,1079.0,29.13,32.35,59.91,29.6,246.78,17006.0,22253.0,1
2026-07-10 04:50:00,Sale,South,8032.0,21974.0,1363.0,33.05,30.94,77.13,33.83,260.1,24579.0,30644.0,1
2026-07-10 05:00:00,Normal,West,6222.0,19491.0,1038.0,32.91,35.47,50.0,31.75,285.59,20426.0,23726.0,1
2026-07-10 05:10:00,Sale,North,8763.0,26129.0,1355.0,43.48,41.28,50.0,30.66,393.13,30579.0,31206.0,1
2026-07-10 05:20:00,Normal,North,6294.0,18274.0,691.0,33.38,36.15,50.0,29.62,342.27,20577.0,22097.0,1
2026-07-10 05:30:00,Normal,South,5201.0,14920.0,916.0,34.64,30.02,50.71,30.56,236.17,16165.0,22076.0,1
2026-07-10 05:40:00,Sale,North,8593.0,23806.0,1422.0,32.2,39.62,50.0,32.41,336.43,28724.0,28078.0,1
2026-07-10 05:50:00,Normal,West,5953.0,18811.0,973.0,32.77,33.66,50.0,31.39,293.24,22282.0,25099.0,1
2026-07-10 06:00:00,Sale,West,10079.0,29677.0,1377.0,35.47,32.11,50.0,32.55,436.26,28680.0,37481.0,1
2026-07-10 06:10:00,Flash Sale,West,15227.0,40581.0,1951.0,50.79,45.26,130.74,31.45,471.24,45651.0,47047.0,1
2026-07-10 06:20:00,Sale,North,9514.0,24243.0,1398.0,34.42,33.65,50.0,28.34,398.81,24829.0,33525.0,1
2026-07-10 06:30:00,Sale,South,10413.0,30218.0,1646.0,48.81,43.92,67.26,33.03,384.25,34265.0,33029.0,1
2026-07-10 06:40:00,Normal,West,5980.0,16684.0,987.0,33.82,37.28,50.0,31.16,227.59,13428.0,22386.0,1
2026-07-10 06:50:00,Sale,North,10043.0,25538.0,1418.0,43.77,36.25,83.82,32.72,337.49,29106.0,31836.0,1
2026-07-10 07:00:00,Sale,South,9677.0,27842.0,1693.0,39.95,39.12,50.0,29.1,348.18,33165.0,31460.0,1
2026-07-10 07:10:00,Normal,South,6757.0,18593.0,1064.0,29.73,41.78,70.11,28.64,286.41,20618.0,22349.0,1
2026-07-10 07:20:00,Normal,West,5376.0,15567.0,934.0,27.03,36.45,50.0,24.9,204.36,15622.0,23446.0,1
2026-07-10 07:30:00,Sale,West,9587.0,27606.0,1172.0,42.53,38.38,89.88,26.9,369.6,36320.0,35561.0,1
2026-07-10 07:40:00,Normal,North,6780.0,18243.0,868.0,40.75,43.05,50.0,29.26,289.03,22541.0,23647.0,1
2026-07-10 07:50:00,Sale,South,9492.0,27658.0,1461.0,43.16,38.03,58.23,35.16,403.65,29508.0,39389.0,1
2026-07-10 08:00:00,Flash Sale,South,16663.0,45164.0,2777.0,54.89,45.55,140.0,35.24,558.66,49405.0,65621.0,1
2026-07-10 08:10:00,Sale,North,11303.0,30768.0,2039.0,43.4,35.96,85.12,37.49,433.21,28365.0,33650.0,1
2026-07-10 08:20:00,Normal,South,6749.0,18252.0,986.0,33.39,29.36,50.68,28.52,257.37,21306.0,24852.0,1
2026-07-10 08:30:00,Normal,North,6516.0,19570.0,1005.0,42.74,33.99,50.0,29.4,295.55,19239.0,23463.0,1
2026-07-10 08:40:00,Normal,North,6763.0,18595.0,805.0,38.74,34.62,50.0,26.12,220.22,22065.0,24881.0,1
2026-07-10 08:50:00,Normal,,6517.0,19858.0,1195.0,35.92,35.94,77.3,28.33,285.73,24278.0,29426.0,1
2026-07-10 09:00:00,Sale,North,11501.0,35896.0,1856.0,48.95,36.3,90.78,29.33,458.63,39952.0,45733.0,1
2026-07-10 09:10:00,Sale,South,11603.0,30946.0,2251.0,45.5,40.81,90.34,27.17,411.39,31365.0,39654.0,1
2026-07-10 09:20:00,Normal,North,7300.0,16602.0,839.0,34.09,31.32,50.0,25.13,216.66,20667.0,23399.0,1
2026-07-10 09:30:00,Normal,West,8290.0,24771.0,1675.0,37.4,38.5,50.0,30.71,327.96,27749.0,34676.0,1
2026-07-10 09:40:00,Sale,North,11192.0,30650.0,1823.0,40.68,41.53,86.6,,390.23,34613.0,36969.0,1
2026-07-10 09:50:00,Normal,West,8149.0,21546.0,1052.0,40.44,34.35,53.88,28.24,294.73,22124.0,25353.0,1
2026-07-10 10:00:00,Normal,North,7354.0,19813.0,1117.0,34.93,32.04,50.0,30.59,306.25,22573.0,24684.0,1
2026-07-10 10:10:00,Normal,South,7911.0,21561.0,1286.0,40.12,40.18,50.0,25.1,300.19,23711.0,31919.0,1
2026-07-10 10:20:00,Sale,North,12798.0,38822.0,2083.0,57.58,44.21,109.26,33.78,480.7,38323.0,41582.0,1
2026-07-10 10:30:00,Normal,North,8441.0,23877.0,1433.0,40.38,36.81,63.53,32.8,316.53,29942.0,33445.0,1
2026-07-10 10:40:00,Sale,South,11996.0,36361.0,2178.0,50.34,45.13,64.84,35.8,480.23,47120.0,45206.0,1
2026-07-10 10:50:00,Normal,West,8153.0,23552.0,1380.0,50.82,36.49,81.3,31.73,354.0,28777.0,34310.0,1
2026-07-10 11:00:00,Sale,West,12979.0,35618.0,1955.0,49.1,38.6,84.45,32.68,438.47,42986.0,45768.0,1
2026-07-10 11:10:00,Normal,North,7967.0,21749.0,1043.0,32.12,32.61,54.43,27.91,378.76,28198.0,29716.0,1
2026-07-10 11:20:00,Normal,North,8545.0,24791.0,1352.0,37.95,36.35,76.64,30.21,318.75,25169.0,30640.0,1
2026-07-10 11:30:00,Normal,West,9169.0,27026.0,1515.0,47.18,39.77,76.18,35.91,385.44,27406.0,33341.0,1
2026-07-10 11:40:00,Normal,South,8473.0,25246.0,1104.0,34.28,41.01,62.88,31.37,318.68,27229.0,33335.0,1
2026-07-10 11:50:00,Normal,North,8521.0,23457.0,1314.0,34.93,36.28,50.0,29.84,343.89,26970.0,30706.0,1
2026-07-10 12:00:00,Normal,West,8852.0,25064.0,1364.0,43.73,40.41,104.73,32.21,358.01,27338.0,31779.0,1
2026-07-10 12:10:00,Normal,South,7785.0,22617.0,1068.0,36.14,35.27,50.0,30.12,290.87,23024.0,28080.0,1
2026-07-10 12:20:00,Normal,South,8746.0,23883.0,1266.0,37.86,34.01,71.19,30.93,325.57,26763.0,31963.0,1
2026-07-10 12:30:00,Sale,South,12691.0,32941.0,1750.0,50.29,35.61,70.37,31.51,466.11,36583.0,39901.0,1
2026-07-10 12:40:00,Normal,South,8221.0,21825.0,1453.0,33.68,34.12,59.38,28.56,287.89,26280.0,28559.0,1
2026-07-10 12:50:00,Sale,North,14280.0,39365.0,2217.0,45.59,37.97,117.44,36.65,493.69,44264.0,49055.0,1
2026-07-10 13:00:00,Flash Sale,West,20296.0,59247.0,3627.0,62.8,54.77,122.55,32.18,690.86,55073.0,74159.0,1
2026-07-10 13:10:00,Normal,North,8320.0,25182.0,1367.0,41.73,38.13,70.45,31.98,340.77,29175.0,33680.0,1
2026-07-10 13:20:00,Sale,West,14046.0,35901.0,1571.0,49.55,40.28,85.62,31.47,405.73,45888.0,46611.0,1
2026-07-10 13:30:00,Sale,West,12996.0,34992.0,2066.0,44.97,45.41,60.95,26.98,460.64,39292.0,48393.0,1
2026-07-10 13:40:00,Sale,West,13246.0,36237.0,1850.0,44.17,36.78,111.17,30.05,452.66,44161.0,41229.0,1
2026-07-10 13:50:00,Normal,North,9315.0,27414.0,1453.0,40.22,37.18,78.09,30.92,391.74,29319.0,30879.0,1
2026-07-10 14:00:00,Normal,North,8771.0,23726.0,1155.0,42.63,42.3,50.0,30.52,333.05,27915.0,28902.0,1
2026-07-10 14:10:00,Normal,South,7969.0,21697.0,1203.0,33.1,35.16,75.32,31.99,308.59,22685.0,30293.0,1
2026-07-10 14:20:00,Sale,South,13834.0,35220.0,2162.0,45.29,47.67,56.7,35.17,451.52,38579.0,50822.0,1
2026-07-10 14:30:00,Flash Sale,West,20364.0,58792.0,3563.0,63.21,50.93,128.62,33.29,653.23,64444.0,76787.0,1
2026-07-10 14:40:00,Sale,South,14332.0,39714.0,2562.0,50.29,45.82,76.64,34.87,526.1,46373.0,46709.0,1
2026-07-10 14:50:00,Normal,West,8447.0,22657.0,1481.0,38.61,39.93,68.63,32.17,307.18,23508.0,32776.0,1
2026-07-10 15:00:00,Sale,North,13996.0,38534.0,1646.0,59.21,41.49,72.78,34.13,466.28,37513.0,50299.0,1
2026-07-10 15:10:00,Normal,South,9578.0,28762.0,1376.0,43.32,36.6,82.24,32.83,409.93,33566.0,38888.0,1
2026-07-10 15:20:00,Sale,North,13045.0,34165.0,1508.0,46.83,39.61,90.03,26.72,437.84,39743.0,40794.0,1
2026-07-10 15:30:00,Normal,West,8594.0,22761.0,1338.0,40.8,33.01,50.0,27.04,311.69,25748.0,33773.0,1
2026-07-10 15:40:00,Sale,North,13664.0,41340.0,2102.0,55.92,42.27,136.69,38.19,513.75,50158.0,46480.0,1
2026-07-10 15:50:00,Sale,North,13041.0,36694.0,1910.0,46.88,40.83,62.1,32.23,472.59,40353.0,46232.0,1
2026-07-10 16:00:00,Normal,West,8651.0,25265.0,1357.0,48.68,41.91,50.0,37.23,339.69,29007.0,32271.0,1
2026-07-10 16:10:00,Normal,South,8403.0,24136.0,1383.0,38.42,38.23,74.5,26.47,354.42,26188.0,31748.0,1
2026-07-10 16:20:00,Sale,North,13077.0,36531.0,1684.0,50.0,47.87,50.0,37.73,423.55,39970.0,42630.0,1
2026-07-10 16:30:00,Normal,North,8540.0,23377.0,1109.0,40.08,29.7,88.72,28.31,330.31,26977.0,35152.0,1
2026-07-10 16:40:00,Sale,South,13235.0,39038.0,2147.0,52.57,38.01,88.43,36.18,500.39,52571.0,47688.0,0
2026-07-10 16:50:00,Sale,North,13281.0,39966.0,2486.0,58.07,40.92,52.25,32.91,505.2,47728.0,51102.0,1
2026-07-10 17:00:00,Sale,North,12469.0,37345.0,2048.0,47.38,45.55,58.45,33.56,407.43,43876.0,46449.0,1
2026-07-10 17:10:00,Normal,South,7960.0,20589.0,1035.0,38.63,34.88,50.0,31.32,292.73,24652.0,26737.0,1
2026-07-10 17:20:00,Normal,North,8178.0,24820.0,1045.0,39.76,32.28,64.18,28.62,307.85,21971.0,29204.0,1
2026-07-10 17:30:00,Normal,South,8215.0,22473.0,1364.0,41.03,35.13,50.0,32.35,346.87,25887.0,35128.0,1
2026-07-10 17:40:00,Flash Sale,South,19139.0,50987.0,2579.0,60.48,42.25,124.72,35.42,590.1,61748.0,60546.0,1
2026-07-10 17:50:00,Normal,North,8399.0,23262.0,1119.0,36.37,31.96,50.0,30.65,351.99,26250.0,27556.0,1
2026-07-10 18:00:00,Normal,North,6968.0,20552.0,919.0,38.4,41.19,50.0,21.59,265.09,22929.0,25629.0,1
2026-07-10 18:10:00,Normal,North,7510.0,21758.0,1009.0,37.93,,60.6,28.77,317.35,22324.0,34803.0,1
2026-07-10 18:20:00,Flash Sale,North,18366.0,50581.0,2490.0,57.71,46.22,126.87,39.92,596.01,54459.0,49641.0,0
2026-07-10 18:30:00,Normal,North,7447.0,21974.0,1177.0,42.06,35.41,76.99,31.92,378.84,22780.0,31947.0,1
2026-07-10 18:40:00,Sale,West,13021.0,36786.0,1756.0,52.2,40.12,65.09,35.75,487.31,44877.0,48666.0,1
2026-07-10 18:50:00,Sale,West,12216.0,32944.0,1849.0,45.71,37.01,71.73,32.41,447.29,41844.0,44192.0,1
2026-07-10 19:00:00,Sale,South,11640.0,31110.0,1665.0,42.57,37.96,52.56,36.87,451.79,40863.0,41468.0,1
2026-07-10 19:10:00,Flash Sale,South,17273.0,49639.0,3392.0,61.65,46.39,113.28,36.79,593.49,51377.0,66194.0,1
2026-07-10 19:20:00,Sale,South,11544.0,32152.0,1440.0,47.97,43.51,51.28,30.09,409.03,33861.0,41328.0,1
2026-07-10 19:30:00,Sale,West,10944.0,27935.0,1563.0,35.37,40.62,50.85,33.71,364.01,29193.0,34862.0,1
2026-07-10 19:40:00,Normal,North,7368.0,21754.0,1219.0,37.99,31.96,50.0,32.55,315.74,22149.0,29141.0,1
2026-07-10 19:50:00,Sale,North,11084.0,30076.0,1468.0,46.17,41.49,73.5,33.51,321.5,30670.0,37918.0,1
2026-07-10 20:00:00,Sale,North,10711.0,33061.0,1837.0,36.69,41.0,72.81,31.06,420.67,35324.0,39105.0,1
2026-07-10 20:10:00,Sale,North,9570.0,24379.0,1453.0,39.51,34.66,66.29,31.21,339.46,29437.0,28641.0,1
2026-07-10 20:20:00,Sale,North,10286.0,28466.0,1582.0,44.97,38.51,59.95,35.44,370.77,29839.0,42257.0,1
2026-07-10 20:30:00,Flash Sale,West,17182.0,45945.0,2909.0,59.38,45.8,86.58,36.54,511.17,56296.0,57859.0,1
2026-07-10 20:40:00,Sale,West,11265.0,29565.0,1240.0,46.34,38.49,69.82,27.07,381.9,37155.0,34306.0,1
2026-07-10 20:50:00,Normal,North,7660.0,20776.0,1038.0,34.35,36.71,50.0,27.68,259.41,23861.0,24100.0,1
2026-07-10 21:00:00,Normal,South,7241.0,22582.0,1442.0,33.04,33.31,63.91,27.94,360.17,28068.0,29874.0,1
2026-07-10 21:10:00,Normal,South,6884.0,19452.0,1176.0,27.33,40.79,50.0,27.02,278.08,19138.0,23815.0,1
2026-07-10 21:20:00,Normal,South,6321.0,16797.0,978.0,36.65,28.09,50.0,22.36,206.4,17875.0,21884.0,1
2026-07-10 21:30:00,Normal,South,6028.0,14895.0,929.0,33.47,34.95,50.0,33.95,233.79,16965.0,18271.0,1
2026-07-10 21:40:00,Normal,North,7120.0,17731.0,771.0,37.75,35.31,79.05,26.27,289.69,20255.0,20734.0,1
2026-07-10 21:50:00,Normal,West,6579.0,17787.0,1063.0,30.22,36.15,50.0,26.5,272.27,22463.0,25527.0,1
2026-07-10 22:00:00,Sale,West,10741.0,28849.0,1771.0,45.74,35.97,65.3,25.52,355.64,29429.0,36288.0,1
2026-07-10 22:10:00,Normal,South,5942.0,16399.0,837.0,25.93,37.25,50.0,31.21,237.04,17487.0,21378.0,1
2026-07-10 22:20:00,Sale,South,10480.0,25058.0,1774.0,35.82,36.45,75.19,30.24,333.41,27852.0,31617.0,1
2026-07-10 22:30:00,Sale,South,9415.0,26208.0,1472.0,40.78,33.61,50.9,29.71,341.08,27993.0,28780.0,1
2026-07-10 22:40:00,Normal,North,6793.0,20277.0,848.0,37.89,31.81,50.0,28.57,261.28,20596.0,25031.0,1
2026-07-10 22:50:00,Normal,North,6973.0,21562.0,1235.0,43.04,35.92,50.0,31.51,303.93,23122.0,25051.0,1
2026-07-10 23:00:00,Normal,South,5251.0,12912.0,654.0,28.02,27.73,50.0,26.4,185.78,14145.0,22861.0,1
2026-07-10 23:10:00,Flash Sale,North,13300.0,35320.0,2189.0,44.56,45.76,57.24,26.8,466.93,44671.0,38417.0,0
2026-07-10 23:20:00,Normal,West,5246.0,13882.0,809.0,26.13,36.01,50.0,24.18,255.6,14132.0,20174.0,1
2026-07-10 23:30:00,Normal,South,5148.0,14548.0,748.0,27.61,38.57,50.0,24.17,210.4,17480.0,19881.0,1
2026-07-10 23:40:00,Sale,South,9266.0,23909.0,1531.0,47.21,41.53,51.2,31.09,311.17,29820.0,37086.0,1
2026-07-10 23:50:00,Flash Sale,North,13444.0,41713.0,2529.0,56.48,41.54,122.64,36.97,496.56,44581.0,54301.0,1
2026-07-11 00:00:00,Normal,West,4962.0,13933.0,697.0,34.29,30.27,50.0,32.46,228.54,15967.0,19568.0,1
2026-07-11 00:10:00,Normal,North,5214.0,14484.0,783.0,29.36,25.04,82.71,23.28,241.26,17056.0,19993.0,1
2026-07-11 00:20:00,Normal,North,4007.0,12369.0,719.0,28.51,31.11,50.0,29.58,225.27,14362.0,14928.0,1
2026-07-11 00:30:00,Normal,North,5579.0,15606.0,824.0,34.06,38.76,50.0,26.59,257.05,17607.0,19680.0,1
2026-07-11 00:40:00,Normal,South,4761.0,13675.0,725.0,27.6,30.3,50.0,36.78,265.6,14388.0,18395.0,1
2026-07-11 00:50:00,Sale,West,7917.0,21098.0,1165.0,34.77,34.75,50.0,33.79,302.49,25027.0,26636.0,1
2026-07-11 01:00:00,Sale,North,7717.0,19705.0,958.0,32.05,33.23,50.0,34.44,254.48,21331.0,26209.0,1
2026-07-11 01:10:00,Sale,West,8092.0,21769.0,906.0,34.71,36.74,50.0,32.2,267.47,24444.0,29942.0,1
2026-07-11 01:20:00,Sale,North,7355.0,23488.0,1326.0,38.16,40.08,76.52,31.31,365.77,26719.0,25915.0,1
2026-07-11 01:30:00,Normal,South,3717.0,10831.0,466.0,23.92,27.17,50.0,26.18,211.05,13057.0,15128.0,1
2026-07-11 01:40:00,Sale,North,7435.0,21187.0,1039.0,37.15,31.37,50.0,27.86,307.03,27814.0,26799.0,1
2026-07-11 01:50:00,Sale,South,7507.0,19701.0,874.0,35.88,39.36,50.0,26.93,298.24,20612.0,24032.0,1
2026-07-11 02:00:00,Sale,South,6807.0,20175.0,910.0,34.43,37.26,56.21,31.29,295.76,22702.0,24961.0,1
2026-07-11 02:10:00,Sale,South,7397.0,18905.0,1088.0,30.76,33.84,52.66,33.84,289.88,18367.0,23045.0,1
2026-07-11 02:20:00,Normal,North,4544.0,11443.0,614.0,28.15,37.13,50.0,26.45,195.11,14511.0,15068.0,1
2026-07-11 02:30:00,Normal,West,4054.0,10942.0,585.0,25.28,27.73,50.0,25.24,225.8,12303.0,15244.0,1
2026-07-11 02:40:00,Normal,West,5061.0,15950.0,751.0,31.74,36.38,50.0,24.06,236.38,17387.0,20010.0,1
2026-07-11 02:50:00,Normal,South,4443.0,13959.0,713.0,34.26,32.68,66.54,28.8,207.0,15707.0,19770.0,1
2026-07-11 03:00:00,Sale,South,7204.0,19585.0,1121.0,29.64,36.67,50.0,33.0,243.58,22137.0,23448.0,1
2026-07-11 03:10:00,Normal,West,4547.0,12181.0,666.0,37.05,25.1,50.0,31.52,205.86,12751.0,17325.0,1
2026-07-11 03:20:00,Sale,North,8025.0,20100.0,1205.0,34.79,34.25,50.0,33.56,322.68,24899.0,24213.0,1
2026-07-11 03:30:00,Sale,West,7386.0,20786.0,1264.0,37.32,37.49,55.58,30.82,286.43,24620.0,21911.0,0
2026-07-11 03:40:00,Normal,North,4818.0,13632.0,729.0,26.58,32.58,50.0,28.27,191.85,16336.0,14802.0,0
2026-07-11 03:50:00,Normal,West,4558.0,13411.0,589.0,33.97,36.46,64.68,31.8,231.23,14109.0,19464.0,1
2026-07-11 04:00:00,Sale,North,7882.0,23362.0,1179.0,37.36,39.84,74.52,26.81,307.35,24451.0,28435.0,1
2026-07-11 04:10:00,Sale,North,8325.0,23015.0,1252.0,35.99,33.18,55.24,28.74,358.86,25516.0,25504.0,1
2026-07-11 04:20:00,Normal,South,5260.0,15254.0,768.0,28.66,35.81,50.0,33.49,269.41,18305.0,18630.0,1
2026-07-11 04:30:00,Normal,South,5279.0,14117.0,687.0,28.93,29.96,50.0,24.88,199.39,16519.0,19338.0,1
2026-07-11 04:40:00,Sale,West,7954.0,23040.0,1277.0,39.26,36.23,50.0,29.97,316.05,24013.0,26903.0,1
2026-07-11 04:50:00,Normal,West,4246.0,11501.0,800.0,28.47,33.99,50.0,29.42,186.13,13649.0,17158.0,1
2026-07-11 05:00:00,Sale,North,7601.0,21911.0,1141.0,36.46,33.16,52.97,30.07,280.09,22410.0,26400.0,1
2026-07-11 05:10:00,Normal,North,5084.0,14581.0,802.0,27.55,35.46,50.0,31.66,234.41,15366.0,17736.0,1
2026-07-11 05:20:00,Normal,South,4823.0,13565.0,639.0,26.45,31.23,50.0,32.56,246.11,15407.0,17288.0,1
2026-07-11 05:30:00,Normal,South,4654.0,13697.0,856.0,27.8,31.05,50.25,29.45,224.93,13736.0,16910.0,1
2026-07-11 05:40:00,Normal,South,4250.0,10699.0,645.0,28.94,33.86,50.0,31.52,184.09,10952.0,14055.0,1
2026-07-11 05:50:00,Normal,West,4513.0,11771.0,704.0,30.65,29.61,50.0,24.8,152.56,15011.0,16251.0,1
2026-07-11 06:00:00,Normal,West,5384.0,14814.0,936.0,33.78,30.52,51.21,27.79,221.5,18616.0,24460.0,1
2026-07-11 06:10:00,Flash Sale,North,12920.0,32819.0,1721.0,45.89,42.61,53.03,39.44,431.98,44271.0,39789.0,0
2026-07-11 06:20:00,Normal,South,5116.0,13950.0,742.0,31.39,33.21,62.16,33.9,195.95,16253.0,17568.0,1
2026-07-11 06:30:00,Normal,South,5552.0,15171.0,990.0,30.22,28.95,50.0,,273.78,17970.0,18900.0,1
2026-07-11 06:40:00,Normal,South,5296.0,16076.0,945.0,24.7,36.19,73.18,28.5,236.17,17756.0,18263.0,1
2026-07-11 06:50:00,Normal,North,6058.0,17117.0,714.0,31.69,32.77,50.0,29.17,266.02,18571.0,25938.0,1
2026-07-11 07:00:00,Sale,South,9052.0,27024.0,1560.0,39.47,33.25,95.41,32.19,350.26,32623.0,29918.0,0
2026-07-11 07:10:00,Normal,South,6241.0,17812.0,918.0,28.98,26.71,50.0,32.74,238.72,22376.0,25973.0,1
2026-07-11 07:20:00,Sale,North,9235.0,24967.0,1508.0,36.95,39.45,118.65,36.01,350.68,29927.0,29283.0,1
2026-07-11 07:30:00,Normal,West,5191.0,14661.0,842.0,31.0,30.55,50.0,28.34,221.66,15189.0,26321.0,1
2026-07-11 07:40:00,Flash Sale,North,13802.0,40457.0,1803.0,47.86,38.43,115.42,37.27,473.74,46896.0,52495.0,1
2026-07-11 07:50:00,Normal,South,5275.0,15902.0,900.0,28.67,35.48,50.0,30.44,189.61,16585.0,23566.0,1
2026-07-11 08:00:00,Sale,South,9711.0,26959.0,1517.0,47.11,39.85,77.19,30.87,392.16,29320.0,29357.0,1
2026-07-11 08:10:00,Normal,West,5927.0,14839.0,849.0,24.2,30.83,50.0,23.17,238.54,19048.0,17446.0,0
2026-07-11 08:20:00,Normal,North,6491.0,16168.0,945.0,31.01,36.4,50.0,31.61,279.34,16168.0,22037.0,1
2026-07-11 08:30:00,Sale,North,9094.0,24928.0,1595.0,34.52,42.89,50.0,32.3,354.79,33326.0,27285.0,0
2026-07-11 08:40:00,Sale,North,9772.0,23250.0,1336.0,34.76,40.18,113.84,31.28,350.16,27318.0,30071.0,1
2026-07-11 08:50:00,Sale,South,10051.0,31391.0,1731.0,43.89,42.56,70.89,28.96,389.81,33695.0,35161.0,1
2026-07-11 09:00:00,Normal,North,7161.0,20822.0,1289.0,31.75,36.23,50.0,35.46,263.9,23462.0,26160.0,1
2026-07-11 09:10:00,Sale,West,10015.0,26895.0,1841.0,43.16,36.08,66.74,31.37,378.02,28281.0,35301.0,1
2026-07-11 09:20:00,Sale,North,10406.0,27058.0,1637.0,46.4,37.3,76.77,27.53,363.83,28825.0,36933.0,1
2026-07-11 09:30:00,Sale,North,10489.0,31310.0,1761.0,47.98,40.28,51.01,27.98,391.44,35297.0,36826.0,1
2026-07-11 09:40:00,Normal,South,7481.0,19448.0,1120.0,38.63,31.03,50.0,31.31,303.05,21142.0,26456.0,1
2026-07-11 09:50:00,Sale,West,9656.0,25268.0,1429.0,33.96,34.54,55.09,32.68,350.38,25942.0,31694.0,1
2026-07-11 10:00:00,Sale,West,10530.0,28032.0,1545.0,40.86,33.53,91.74,29.78,386.3,30776.0,42171.0,1
2026-07-11 10:10:00,Sale,West,12388.0,34940.0,2376.0,49.57,40.93,79.37,34.07,413.84,34540.0,42385.0,1
2026-07-11 10:20:00,Normal,South,6951.0,20239.0,1022.0,38.69,35.33,81.11,31.46,316.83,20094.0,24623.0,1
2026-07-11 10:30:00,Normal,West,6142.0,18516.0,1147.0,40.75,32.52,69.02,29.49,275.05,18364.0,28311.0,1
2026-07-11 10:40:00,Sale,West,10694.0,31956.0,1733.0,49.44,41.65,64.58,29.93,436.68,41131.0,40381.0,1
2026-07-11 10:50:00,Normal,North,5703.0,15969.0,736.0,35.16,30.46,50.0,31.4,273.9,18533.0,24210.0,1
2026-07-11 11:00:00,Sale,South,11612.0,34646.0,1866.0,57.98,38.06,70.55,35.13,453.61,40868.0,37652.0,1
2026-07-11 11:10:00,Normal,West,7819.0,20948.0,1083.0,36.19,37.67,59.25,31.31,296.7,23485.0,24092.0,1
2026-07-11 11:20:00,Normal,North,6958.0,17202.0,1006.0,31.47,36.81,50.0,26.28,279.75,20137.0,24486.0,1
2026-07-11 11:30:00,Sale,South,11256.0,30157.0,1675.0,44.34,36.17,82.21,27.64,419.34,37321.0,35439.0,1
2026-07-11 11:40:00,Normal,South,7876.0,20909.0,1022.0,32.11,36.01,67.58,29.83,314.25,24270.0,22825.0,1
2026-07-11 11:50:00,Normal,South,6539.0,17564.0,1121.0,33.2,31.81,51.91,31.65,270.71,22553.0,24539.0,1
2026-07-11 12:00:00,Sale,North,11218.0,29474.0,1814.0,36.15,37.72,57.96,34.61,402.54,32902.0,38023.0,1
2026-07-11 12:10:00,Sale,South,11765.0,31966.0,2062.0,43.05,39.62,83.32,33.79,396.52,37716.0,42081.0,1
2026-07-11 12:20:00,Sale,West,11503.0,33492.0,1890.0,46.01,41.4,129.57,31.02,462.77,39869.0,42038.0,1
2026-07-11 12:30:00,Normal,North,7517.0,23369.0,1280.0,41.66,37.13,50.0,27.73,281.64,23995.0,28864.0,1
2026-07-11 12:40:00,Normal,South,7032.0,17506.0,1037.0,37.32,34.95,50.7,28.8,265.92,19682.0,27990.0,1
2026-07-11 12:50:00,Sale,North,11986.0,30783.0,1586.0,40.31,35.54,113.52,31.75,387.69,28809.0,39147.0,1
2026-07-11 13:00:00,Normal,North,7747.0,20587.0,1148.0,43.8,36.37,50.0,32.85,279.85,22790.0,27217.0,1
2026-07-11 13:10:00,Normal,West,8096.0,23784.0,1283.0,38.81,37.98,77.35,28.79,335.47,25975.0,27972.0,1
2026-07-11 13:20:00,Normal,South,7922.0,21888.0,1012.0,37.57,37.73,76.52,28.63,280.74,23773.0,28783.0,1
2026-07-11 13:30:00,Sale,South,12226.0,32640.0,1820.0,39.27,37.27,50.0,38.35,470.2,35227.0,38308.0,1
2026-07-11 13:40:00,Sale,North,11400.0,33390.0,1748.0,43.9,42.43,91.27,37.0,390.1,39107.0,43561.0,1
2026-07-11 13:50:00,Sale,West,12369.0,36764.0,1968.0,53.45,36.92,74.1,30.44,433.85,37919.0,47281.0,1
2026-07-11 14:00:00,Sale,North,12041.0,33674.0,1926.0,47.3,38.49,72.57,36.81,400.59,43978.0,42175.0,1
2026-07-11 14:10:00,Normal,West,7792.0,20672.0,1295.0,36.0,34.41,50.0,26.18,301.68,24326.0,27519.0,1
2026-07-11 14:20:00,Normal,North,8399.0,23926.0,1194.0,39.25,32.59,85.45,28.96,354.63,24876.0,32280.0,1
2026-07-11 14:30:00,Normal,North,7515.0,20727.0,1098.0,29.85,34.38,50.0,28.6,310.42,24556.0,28679.0,1
2026-07-11 14:40:00,Normal,West,8551.0,23571.0,1188.0,37.65,36.91,50.0,29.95,362.52,28744.0,28630.0,1
2026-07-11 14:50:00,Normal,North,8597.0,23279.0,1164.0,43.42,30.67,50.0,31.98,302.11,26932.0,28935.0,1
2026-07-11 15:00:00,Normal,West,8198.0,24319.0,1251.0,43.02,35.33,50.0,30.67,349.65,24791.0,29487.0,1
2026-07-11 15:10:00,Normal,North,7331.0,20857.0,1123.0,35.23,,50.0,31.43,290.98,28026.0,28287.0,1
2026-07-11 15:20:00,Sale,West,11030.0,32940.0,1927.0,52.25,45.65,60.66,31.04,425.1,38999.0,43326.0,1
2026-07-11 15:30:00,Sale,West,12662.0,38501.0,2192.0,45.69,42.11,87.64,34.59,502.72,38318.0,45640.0,1
2026-07-11 15:40:00,Normal,West,7877.0,22706.0,1105.0,33.41,36.32,60.06,30.23,274.76,25906.0,27799.0,1
2026-07-11 15:50:00,Normal,North,7449.0,20177.0,1266.0,42.61,35.76,74.49,25.27,341.55,22154.0,29889.0,1
2026-07-11 16:00:00,Sale,West,12466.0,37239.0,2259.0,51.97,42.85,87.95,34.64,458.76,41732.0,43605.0,1
2026-07-11 16:10:00,Sale,West,11448.0,33015.0,1637.0,44.91,42.49,60.77,32.55,379.99,33036.0,44917.0,1
2026-07-11 16:20:00,Sale,North,11667.0,38135.0,2378.0,50.19,36.66,58.62,31.25,454.03,42919.0,46562.0,1
2026-07-11 16:30:00,Normal,North,7926.0,22636.0,1289.0,34.01,39.85,57.16,28.71,318.92,23471.0,30165.0,1
2026-07-11 16:40:00,Sale,West,11322.0,33125.0,1791.0,47.26,43.33,69.94,31.09,403.92,35942.0,36458.0,1
2026-07-11 16:50:00,Normal,North,7609.0,21704.0,1240.0,37.24,35.4,50.0,29.04,255.84,25149.0,29979.0,1
2026-07-11 17:00:00,Normal,South,7958.0,22141.0,1214.0,36.9,,55.27,35.15,313.83,23743.0,30518.0,1
2026-07-11 17:10:00,Normal,West,7519.0,20704.0,1206.0,30.96,25.94,58.53,35.83,278.99,22587.0,26795.0,1
2026-07-11 17:20:00,Normal,North,8037.0,22930.0,1287.0,38.55,32.29,57.19,21.87,335.58,27563.0,28398.0,1
2026-07-11 17:30:00,Normal,South,7980.0,23094.0,1223.0,35.51,37.64,50.0,31.55,294.23,23813.0,31010.0,1
2026-07-11 17:40:00,Normal,South,7418.0,22310.0,956.0,33.02,39.41,50.0,32.77,369.64,23541.0,31038.0,1
2026-07-11 17:50:00,Sale,North,10323.0,29478.0,1715.0,48.12,40.5,50.0,30.84,397.62,29317.0,33264.0,1
2026-07-11 18:00:00,Normal,West,6535.0,17752.0,937.0,41.77,33.99,60.26,31.69,272.44,18422.0,24233.0,1
2026-07-11 18:10:00,Normal,North,7469.0,20474.0,1222.0,43.17,40.94,50.0,34.47,310.32,23196.0,23435.0,1
2026-07-11 18:20:00,Normal,South,6312.0,16171.0,936.0,34.35,36.68,50.0,24.44,206.18,19146.0,21474.0,1
2026-07-11 18:30:00,Normal,West,6924.0,21458.0,1135.0,35.18,34.33,76.2,30.12,292.16,22303.0,27022.0,1
2026-07-11 18:40:00,Normal,North,7257.0,19612.0,1199.0,34.39,41.41,50.0,35.18,330.7,23161.0,25770.0,1
2026-07-11 18:50:00,Normal,West,7822.0,23265.0,1308.0,39.4,32.85,52.06,26.4,314.64,26301.0,29118.0,1
2026-07-11 19:00:00,Normal,North,6420.0,18296.0,1024.0,31.87,29.99,52.53,,271.39,17962.0,27737.0,1
2026-07-11 19:10:00,Sale,South,10075.0,28761.0,1558.0,47.72,36.8,63.35,29.98,365.95,32714.0,33851.0,1
2026-07-11 19:20:00,Sale,North,10371.0,28818.0,1876.0,34.35,35.81,50.0,34.5,414.8,35719.0,34270.0,1
2026-07-11 19:30:00,Normal,West,6883.0,18297.0,928.0,32.37,33.31,50.01,32.6,266.85,17030.0,28369.0,1
2026-07-11 19:40:00,Sale,West,10320.0,27096.0,1438.0,44.24,39.88,92.77,31.45,329.67,35781.0,35557.0,1
2026-07-11 19:50:00,Sale,West,10921.0,33978.0,1617.0,43.5,39.79,94.42,32.57,494.25,35981.0,42301.0,1
2026-07-11 20:00:00,Flash Sale,West,14405.0,40631.0,2412.0,51.58,42.2,,28.78,461.93,38806.0,47914.0,1
2026-07-11 20:10:00,Sale,West,9825.0,29500.0,1519.0,45.45,38.5,118.08,35.76,382.57,33449.0,37748.0,1
2026-07-11 20:20:00,Sale,West,9988.0,30455.0,1589.0,49.96,31.72,50.0,30.64,373.51,36641.0,38255.0,1
2026-07-11 20:30:00,Sale,South,9565.0,26074.0,1353.0,34.99,32.58,50.0,30.31,333.2,28472.0,34831.0,1
2026-07-11 20:40:00,Sale,West,10185.0,29294.0,1622.0,37.43,37.1,83.99,34.36,356.44,33722.0,32557.0,1
2026-07-11 20:50:00,Normal,South,6374.0,17900.0,850.0,29.43,31.74,50.7,29.53,255.5,23843.0,22976.0,1
2026-07-11 21:00:00,Normal,West,6287.0,16293.0,677.0,25.7,33.01,50.0,31.6,277.54,18584.0,20409.0,1
2026-07-11 21:10:00,Normal,North,5989.0,16570.0,957.0,26.22,38.01,50.0,30.46,208.15,23501.0,21658.0,1
2026-07-11 21:20:00,Normal,South,6081.0,17669.0,748.0,29.13,33.96,72.14,29.5,298.21,22023.0,21331.0,1
2026-07-11 21:30:00,Normal,West,5576.0,15112.0,909.0,35.78,29.32,50.0,29.26,268.33,17004.0,20143.0,1
2026-07-11 21:40:00,Normal,North,5577.0,15289.0,984.0,29.75,30.97,50.0,25.0,255.62,17570.0,19915.0,1
2026-07-11 21:50:00,Sale,North,9745.0,26983.0,1457.0,41.06,42.58,90.17,30.49,362.98,29359.0,32013.0,1
2026-07-11 22:00:00,Sale,West,8862.0,28182.0,1770.0,38.13,42.46,67.48,34.45,378.74,32267.0,35482.0,1
2026-07-11 22:10:00,Sale,South,8033.0,19840.0,1088.0,37.4,36.73,71.52,26.67,323.99,23335.0,23442.0,1
2026-07-11 22:20:00,Normal,North,5603.0,16194.0,1046.0,39.27,28.98,50.0,26.42,208.3,17483.0,19823.0,1
2026-07-11 22:30:00,Normal,North,4326.0,11914.0,623.0,24.58,33.09,86.0,24.98,227.33,11700.0,17815.0,1
2026-07-11 22:40:00,Sale,South,8257.0,22169.0,905.0,43.74,36.91,50.0,30.34,293.03,27758.0,29951.0,1
2026-07-11 22:50:00,Sale,South,9025.0,24818.0,1353.0,40.55,36.76,55.0,34.67,358.83,30212.0,35684.0,1
2026-07-11 23:00:00,Flash Sale,West,12125.0,35407.0,2310.0,48.16,38.68,95.89,34.43,428.73,34639.0,49613.0,1
2026-07-11 23:10:00,Sale,West,8098.0,23730.0,1381.0,39.77,35.22,50.0,23.69,344.97,26983.0,30428.0,1
2026-07-11 23:20:00,Sale,South,6531.0,18504.0,961.0,35.29,32.56,60.78,31.02,236.33,22625.0,22851.0,1
2026-07-11 23:30:00,Normal,West,4990.0,14954.0,852.0,38.14,29.8,50.0,26.96,197.23,18130.0,17806.0,1
2026-07-11 23:40:00,Normal,North,5355.0,16218.0,987.0,33.87,37.77,50.0,30.1,249.36,17039.0,20818.0,1
2026-07-11 23:50:00,Normal,West,5419.0,15969.0,870.0,33.74,36.24,50.0,28.06,285.58,19454.0,19876.0,1
2026-07-12 00:00:00,Sale,North,8132.0,21970.0,1555.0,34.99,34.83,50.0,27.25,323.11,24640.0,25989.0,1
2026-07-12 00:10:00,Sale,North,7546.0,21799.0,1131.0,39.89,36.69,50.0,29.58,321.22,25263.0,28438.0,1
2026-07-12 00:20:00,Normal,West,4853.0,14025.0,856.0,26.09,34.08,53.51,26.76,251.75,14418.0,17534.0,1
2026-07-12 00:30:00,Sale,West,6985.0,18532.0,1104.0,34.19,41.51,50.0,30.0,265.39,12867.0,18634.0,1
2026-07-12 00:40:00,Normal,North,4834.0,12169.0,618.0,39.88,34.88,50.0,25.02,226.96,12683.0,14949.0,1
2026-07-12 00:50:00,Normal,West,4305.0,10487.0,550.0,16.9,34.17,50.0,23.93,180.38,12308.0,13019.0,1
2026-07-12 01:00:00,Normal,South,3855.0,10842.0,663.0,28.15,31.91,50.0,29.58,190.57,11920.0,15054.0,1
2026-07-12 01:10:00,Normal,North,4236.0,12088.0,675.0,29.36,30.93,62.37,30.99,206.14,14325.0,16253.0,1
2026-07-12 01:20:00,Sale,North,8161.0,21116.0,1204.0,35.04,39.54,51.33,31.39,287.52,25985.0,24084.0,1
2026-07-12 01:30:00,Normal,North,4643.0,13876.0,627.0,28.98,34.81,51.56,26.11,227.11,15082.0,20544.0,1
2026-07-12 01:40:00,Sale,South,7517.0,21253.0,1253.0,36.43,32.95,50.38,27.46,296.17,22892.0,24741.0,1
2026-07-12 01:50:00,Sale,South,7150.0,21757.0,1234.0,35.49,36.98,50.0,27.74,289.88,19610.0,25122.0,1
2026-07-12 02:00:00,Normal,South,3830.0,10979.0,600.0,28.22,34.35,50.0,30.09,196.27,10597.0,14408.0,1
2026-07-12 02:10:00,Normal,North,5193.0,13544.0,774.0,27.56,26.45,50.0,25.5,229.32,13354.0,17391.0,1
2026-07-12 02:20:00,Sale,West,6238.0,17980.0,945.0,41.37,31.53,53.76,31.61,242.3,21138.0,21548.0,1
2026-07-12 02:30:00,Normal,South,4448.0,12990.0,668.0,28.03,33.63,50.0,29.77,230.33,14132.0,18645.0,1
2026-07-12 02:40:00,Sale,West,7296.0,19711.0,1055.0,37.03,29.13,50.0,33.05,274.77,21023.0,23813.0,1
2026-07-12 02:50:00,Normal,North,4840.0,12296.0,642.0,25.78,27.01,50.0,30.89,217.92,12974.0,19987.0,1
2026-07-12 03:00:00,Sale,South,7044.0,19850.0,1351.0,38.6,34.14,50.0,30.99,271.86,20685.0,28372.0,1
2026-07-12 03:10:00,Sale,West,6488.0,16997.0,1028.0,35.38,35.42,50.0,24.33,286.24,20607.0,21695.0,1
2026-07-12 03:20:00,Normal,North,4378.0,13142.0,646.0,30.85,34.21,50.0,29.72,245.32,14842.0,16160.0,1
2026-07-12 03:30:00,Normal,North,4404.0,12009.0,807.0,24.1,36.95,71.63,27.99,183.86,14641.0,20628.0,1
2026-07-12 03:40:00,Flash Sale,North,10843.0,33727.0,1767.0,43.66,40.05,107.91,31.3,440.4,30377.0,38898.0,1
2026-07-12 03:50:00,Normal,,5264.0,12726.0,702.0,35.56,31.34,50.0,31.89,253.41,14931.0,14317.0,1
2026-07-12 04:00:00,Normal,South,4329.0,12227.0,738.0,25.34,28.36,50.0,27.24,188.56,13103.0,15420.0,1
2026-07-12 04:10:00,Normal,North,5086.0,15551.0,671.0,33.78,32.29,50.0,26.83,223.79,16979.0,20806.0,1
2026-07-12 04:20:00,Normal,North,5015.0,13239.0,709.0,25.47,34.76,50.0,31.28,240.76,16618.0,17794.0,1
2026-07-12 04:30:00,Sale,South,8131.0,22534.0,1162.0,41.19,38.15,50.0,28.74,282.66,24360.0,26288.0,1
2026-07-12 04:40:00,Sale,North,7584.0,20686.0,1163.0,32.84,36.03,50.0,27.81,277.42,24185.0,23994.0,1
2026-07-12 04:50:00,Normal,South,5332.0,14272.0,817.0,26.28,34.64,78.22,24.76,207.36,14532.0,20605.0,1
2026-07-12 05:00:00,Sale,West,7953.0,22618.0,1233.0,34.38,39.75,50.0,27.52,334.86,25413.0,30935.0,1
2026-07-12 05:10:00,Normal,North,5404.0,13870.0,753.0,27.57,33.08,50.0,25.85,211.39,13327.0,16638.0,1
2026-07-12 05:20:00,Normal,North,4435.0,12329.0,757.0,30.1,36.42,50.0,29.58,206.17,13738.0,17443.0,1
2026-07-12 05:30:00,Sale,North,6720.0,19439.0,1104.0,34.8,32.62,63.36,26.22,265.68,22521.0,28692.0,1
2026-07-12 05:40:00,Flash Sale,North,12377.0,34175.0,1888.0,42.67,39.74,104.79,26.95,460.47,42057.0,42202.0,1
2026-07-12 05:50:00,Normal,South,5402.0,14153.0,791.0,29.92,31.51,50.0,29.02,210.04,14694.0,18763.0,1
2026-07-12 06:00:00,Normal,North,5750.0,17167.0,1133.0,28.02,36.39,50.0,26.87,226.48,18319.0,21351.0,1
2026-07-12 06:10:00,Normal,North,5250.0,15390.0,862.0,33.66,30.34,50.0,28.34,207.73,16246.0,24194.0,1
2026-07-12 06:20:00,Sale,West,9289.0,24269.0,1260.0,41.94,35.53,53.88,34.19,350.03,26565.0,29030.0,1
2026-07-12 06:30:00,Normal,West,5283.0,13561.0,591.0,29.43,27.17,50.0,28.2,244.75,13881.0,16971.0,1
2026-07-12 06:40:00,Normal,North,5723.0,15044.0,698.0,31.87,35.05,50.0,32.84,271.65,13604.0,22874.0,1
2026-07-12 06:50:00,Sale,North,8842.0,25625.0,1338.0,46.79,40.71,102.96,30.43,314.72,26028.0,31928.0,1
2026-07-12 07:00:00,Normal,South,6752.0,19240.0,1046.0,33.72,37.47,50.0,32.25,276.62,21454.0,23284.0,1
2026-07-12 07:10:00,Normal,West,5734.0,16870.0,872.0,28.56,36.34,104.4,27.07,319.38,18645.0,20794.0,1
2026-07-12 07:20:00,Normal,West,5566.0,15257.0,871.0,33.29,35.86,64.61,28.68,235.02,17931.0,18434.0,1
2026-07-12 07:30:00,Normal,North,5143.0,13545.0,699.0,24.98,34.84,50.6,25.18,211.37,16311.0,18368.0,1
2026-07-12 07:40:00,Normal,North,6669.0,19775.0,979.0,33.97,36.76,50.0,26.91,287.22,21259.0,24559.0,1
2026-07-12 07:50:00,Sale,South,9344.0,25232.0,1481.0,37.05,38.87,78.25,29.88,355.57,24259.0,33577.0,1
2026-07-12 08:00:00,Sale,West,9992.0,28312.0,1790.0,39.26,35.94,77.38,27.24,385.95,32851.0,36070.0,1
2026-07-12 08:10:00,Sale,West,11323.0,28546.0,1380.0,41.26,37.39,50.0,31.76,360.1,31944.0,40370.0,1
2026-07-12 08:20:00,Flash Sale,North,14968.0,40374.0,2280.0,55.92,42.34,53.71,32.97,479.11,44175.0,50441.0,1
2026-07-12 08:30:00,Normal,South,5649.0,16843.0,734.0,36.74,32.89,50.0,29.41,251.02,20920.0,19648.0,1
2026-07-12 08:40:00,Normal,North,6202.0,16566.0,765.0,35.79,29.1,50.0,24.7,237.41,19300.0,25198.0,1
2026-07-12 08:50:00,Sale,West,9278.0,27338.0,1407.0,42.58,33.86,50.0,33.12,332.51,30954.0,31441.0,1
2026-07-12 09:00:00,Normal,West,6510.0,15496.0,958.0,30.14,34.11,61.06,33.5,290.16,17609.0,23733.0,1
2026-07-12 09:10:00,Sale,South,10196.0,27521.0,1385.0,31.96,40.35,50.0,35.51,355.04,33162.0,35677.0,1
2026-07-12 09:20:00,Sale,North,10103.0,27978.0,1402.0,43.25,37.82,50.17,36.87,361.02,29406.0,37342.0,1
2026-07-12 09:30:00,Normal,South,6011.0,18716.0,1033.0,24.79,42.85,50.0,29.24,269.18,19315.0,24987.0,1
2026-07-12 09:40:00,Normal,South,7504.0,19432.0,1073.0,26.82,32.04,55.5,28.22,282.31,21309.0,25195.0,1
2026-07-12 09:50:00,Normal,West,6857.0,20028.0,1007.0,34.38,36.34,50.0,30.87,301.15,20072.0,26819.0,1
2026-07-12 10:00:00,Normal,South,6975.0,20856.0,1396.0,36.79,39.17,50.0,28.87,286.93,23264.0,25813.0,1
2026-07-12 10:10:00,Normal,West,7466.0,19936.0,1065.0,33.14,38.17,50.0,24.16,317.84,22522.0,23204.0,1
2026-07-12 10:20:00,Normal,North,7323.0,20012.0,1114.0,41.15,36.97,50.0,31.86,305.07,22276.0,29235.0,1
2026-07-12 10:30:00,Sale,North,11123.0,31429.0,1653.0,46.56,42.21,87.22,31.21,399.52,34065.0,43715.0,1
2026-07-12 10:40:00,Sale,North,11328.0,28698.0,1654.0,41.4,38.21,81.66,26.91,360.32,36885.0,32264.0,0
2026-07-12 10:50:00,Sale,North,11053.0,30042.0,1875.0,49.08,43.5,50.0,30.08,417.54,36473.0,37204.0,1
2026-07-12 11:00:00,Normal,North,7749.0,23477.0,1526.0,44.22,40.07,64.98,29.53,320.71,26066.0,27206.0,1
2026-07-12 11:10:00,Normal,South,7790.0,22546.0,1137.0,39.21,33.33,50.0,30.0,284.39,25461.0,27390.0,1
2026-07-12 11:20:00,Normal,North,7495.0,20775.0,1280.0,32.56,36.24,79.73,29.64,323.27,26127.0,26096.0,1
2026-07-12 11:30:00,Normal,North,7303.0,20598.0,1201.0,33.31,30.57,50.0,33.64,277.83,21866.0,31260.0,1
2026-07-12 11:40:00,Sale,North,12256.0,35600.0,2166.0,42.47,45.03,50.0,28.97,467.71,36434.0,42505.0,1
2026-07-12 11:50:00,Normal,North,7175.0,21087.0,1148.0,35.75,36.05,68.76,29.18,238.01,24096.0,28832.0,1
2026-07-12 12:00:00,Normal,West,7860.0,21220.0,1143.0,31.84,39.47,50.0,27.03,292.98,24645.0,32762.0,1
2026-07-12 12:10:00,Sale,West,12086.0,37180.0,2254.0,48.29,40.68,74.94,36.95,490.8,43458.0,43166.0,1
2026-07-12 12:20:00,Normal,North,7359.0,22350.0,1357.0,38.04,30.25,57.57,28.23,313.62,26881.0,30119.0,1
2026-07-12 12:30:00,Normal,West,7260.0,21213.0,1366.0,28.1,43.34,50.0,28.64,317.09,22205.0,26039.0,1
2026-07-12 12:40:00,Normal,West,7487.0,19828.0,1114.0,29.8,35.33,50.0,32.51,265.73,19414.0,26718.0,1
2026-07-12 12:50:00,Sale,West,11633.0,30436.0,1654.0,41.84,35.65,80.32,35.67,403.06,32309.0,36462.0,1
2026-07-12 13:00:00,Sale,South,11394.0,31233.0,1257.0,44.34,42.37,77.82,36.29,402.43,36799.0,40875.0,1
2026-07-12 13:10:00,Normal,North,7496.0,21070.0,955.0,33.93,41.48,50.0,24.71,306.78,21656.0,28237.0,1
2026-07-12 13:20:00,Sale,South,12256.0,30416.0,1601.0,42.77,38.04,91.71,33.14,445.14,28184.0,35025.0,1
2026-07-12 13:30:00,Sale,West,12756.0,36853.0,1783.0,46.5,40.6,56.14,33.92,491.14,41807.0,48213.0,1
2026-07-12 13:40:00,Sale,West,12400.0,37594.0,2251.0,44.16,41.87,67.07,33.12,485.74,39974.0,43024.0,1
2026-07-12 13:50:00,Normal,South,6522.0,18937.0,893.0,31.96,31.3,50.0,29.37,299.49,17939.0,23975.0,1
2026-07-12 14:00:00,Normal,North,8196.0,21951.0,1141.0,35.81,33.61,55.68,33.69,286.78,24748.0,29880.0,1
2026-07-12 14:10:00,Sale,West,11927.0,31691.0,1655.0,43.7,44.44,61.61,35.09,395.13,34269.0,37194.0,1
2026-07-12 14:20:00,Normal,West,8102.0,23122.0,1439.0,38.1,35.7,81.58,32.78,282.9,29771.0,35890.0,1
2026-07-12 14:30:00,Sale,South,12199.0,33821.0,1737.0,48.42,37.32,81.79,33.06,396.47,38180.0,46563.0,1
2026-07-12 14:40:00,Sale,South,12110.0,34873.0,2013.0,50.37,38.85,78.61,39.48,416.57,41102.0,43222.0,1
2026-07-12 14:50:00,Normal,South,7824.0,22754.0,1278.0,34.81,39.18,56.56,28.8,316.81,25446.0,32986.0,1
2026-07-12 15:00:00,Sale,South,12112.0,36294.0,2193.0,42.55,34.78,98.17,28.14,422.31,38480.0,47940.0,1
2026-07-12 15:10:00,Sale,South,12795.0,33219.0,1997.0,51.32,40.39,79.1,31.51,421.21,35586.0,43684.0,1
2026-07-12 15:20:00,Sale,West,12113.0,34400.0,1885.0,48.78,47.43,50.0,32.74,430.15,42247.0,41758.0,1
2026-07-12 15:30:00,Normal,West,8364.0,22872.0,1025.0,33.62,42.1,77.56,33.94,290.37,27327.0,32416.0,1
2026-07-12 15:40:00,Sale,South,12593.0,35037.0,1878.0,48.89,41.98,80.07,31.18,478.51,34026.0,44885.0,1
2026-07-12 15:50:00,Sale,South,12457.0,36817.0,2021.0,53.57,44.84,98.12,34.57,425.05,36638.0,48143.0,1
2026-07-12 16:00:00,Sale,South,10986.0,32685.0,1854.0,52.7,43.36,61.76,27.76,444.78,32707.0,41663.0,1
2026-07-12 16:10:00,Sale,North,12438.0,37956.0,1920.0,51.26,40.91,50.0,36.59,413.2,46534.0,47158.0,1
2026-07-12 16:20:00,Sale,North,11650.0,33513.0,2073.0,50.72,42.5,50.0,32.58,421.58,31732.0,37680.0,1
2026-07-12 16:30:00,Normal,North,8022.0,22302.0,1228.0,32.12,41.17,50.0,29.06,283.08,26733.0,26998.0,1
2026-07-12 16:40:00,Normal,South,7178.0,19771.0,978.0,34.66,31.13,56.43,35.74,271.35,22931.0,21425.0,1
2026-07-12 16:50:00,Normal,North,7071.0,17592.0,919.0,31.61,35.89,71.15,32.08,311.17,19961.0,24919.0,1
2026-07-12 17:00:00,Normal,South,8402.0,25551.0,1701.0,41.09,38.03,63.76,27.5,336.84,27409.0,32089.0,1
2026-07-12 17:10:00,Normal,West,6935.0,19017.0,1122.0,40.61,34.97,50.0,28.86,252.55,23559.0,30057.0,1
2026-07-12 17:20:00,Sale,North,12064.0,34879.0,2138.0,48.65,40.25,57.13,40.88,450.98,39460.0,39192.0,1
2026-07-12 17:30:00,Normal,South,7473.0,21837.0,1065.0,32.81,36.34,82.06,35.74,299.48,21304.0,30499.0,1
2026-07-12 17:40:00,Sale,West,11281.0,29059.0,1478.0,37.65,39.12,50.0,34.16,384.35,29026.0,36969.0,1
2026-07-12 17:50:00,Sale,South,11469.0,30207.0,1538.0,50.26,41.93,119.0,26.1,369.2,28863.0,37441.0,1
2026-07-12 18:00:00,Normal,North,6437.0,19816.0,1112.0,36.9,36.37,90.5,33.36,266.53,24572.0,27398.0,1
2026-07-12 18:10:00,Sale,South,10979.0,31314.0,1690.0,46.41,38.43,122.26,29.98,383.45,39532.0,37992.0,1
2026-07-12 18:20:00,Sale,South,10444.0,28152.0,1466.0,40.55,35.33,71.45,35.16,391.49,34589.0,30827.0,0
2026-07-12 18:30:00,Normal,South,6890.0,19135.0,1011.0,35.34,33.28,50.0,27.04,275.68,21157.0,24330.0,1
2026-07-12 18:40:00,Normal,North,7550.0,22617.0,1136.0,33.28,36.7,58.67,31.44,289.96,22105.0,31844.0,1
2026-07-12 18:50:00,Sale,South,11113.0,32985.0,1779.0,47.59,37.43,95.28,30.34,423.89,33466.0,39729.0,1
2026-07-12 19:00:00,Sale,South,9656.0,24488.0,1510.0,34.12,39.41,50.0,29.3,336.87,25005.0,29676.0,1
2026-07-12 19:10:00,Sale,North,10823.0,33487.0,1538.0,45.03,41.01,50.0,34.23,439.21,37352.0,40508.0,1
2026-07-12 19:20:00,Sale,South,10393.0,30909.0,1764.0,41.7,42.25,60.9,27.84,387.04,38906.0,42622.0,1
2026-07-12 19:30:00,Flash Sale,North,15492.0,42952.0,2718.0,41.48,41.12,75.19,41.57,517.58,54049.0,52620.0,1
2026-07-12 19:40:00,Normal,North,7081.0,18308.0,987.0,32.17,31.91,71.3,25.95,283.62,19611.0,25026.0,1
2026-07-12 19:50:00,Sale,West,10313.0,30834.0,1598.0,40.61,42.2,52.42,28.53,373.1,27638.0,37210.0,1
2026-07-12 20:00:00,Normal,North,5717.0,16498.0,999.0,31.18,34.16,50.0,30.51,277.14,16553.0,26398.0,1
2026-07-12 20:10:00,Flash Sale,South,15729.0,39914.0,1960.0,51.93,41.36,112.39,37.66,489.55,49447.0,44385.0,0
2026-07-12 20:20:00,Normal,South,6291.0,17353.0,952.0,39.82,36.17,70.17,27.85,236.0,19837.0,21421.0,1
2026-07-12 20:30:00,Normal,North,6259.0,21048.0,1026.0,37.11,37.35,51.52,26.42,272.77,22825.0,27194.0,1
2026-07-12 20:40:00,Sale,West,9562.0,26803.0,1173.0,42.12,33.61,68.57,28.13,355.55,28880.0,30854.0,1
2026-07-12 20:50:00,Normal,South,6890.0,18372.0,994.0,35.6,38.58,50.0,25.95,259.96,19197.0,25937.0,1
2026-07-12 21:00:00,Sale,North,8871.0,23228.0,1101.0,41.23,34.9,76.68,31.03,341.14,23219.0,26640.0,1
2026-07-12 21:10:00,Normal,West,5120.0,15969.0,877.0,33.39,38.69,66.72,28.3,242.52,21194.0,25318.0,1
2026-07-12 21:20:00,Flash Sale,West,13508.0,39883.0,2460.0,53.03,37.96,50.0,35.05,496.4,51523.0,50333.0,1
2026-07-12 21:30:00,Sale,West,9797.0,29912.0,1978.0,46.27,39.42,109.88,32.68,367.91,31043.0,35266.0,1
2026-07-12 21:40:00,Normal,North,6308.0,17945.0,997.0,23.55,33.72,50.0,31.42,268.88,16951.0,25183.0,1
2026-07-12 21:50:00,Sale,North,9006.0,27249.0,1665.0,49.52,31.61,74.81,29.76,395.37,30979.0,32342.0,1
2026-07-12 22:00:00,Normal,South,6199.0,16411.0,942.0,38.31,35.72,50.0,26.4,250.41,18138.0,22082.0,1
2026-07-12 22:10:00,Sale,North,8918.0,25232.0,1330.0,40.32,31.06,54.0,31.02,328.5,29845.0,30051.0,1
2026-07-12 22:20:00,Sale,North,8411.0,23986.0,1042.0,32.74,35.52,50.0,30.11,308.26,28914.0,32656.0,1
2026-07-12 22:30:00,Sale,West,8461.0,25798.0,1671.0,44.77,40.34,50.0,31.43,347.51,25875.0,29952.0,1
2026-07-12 22:40:00,Normal,North,5677.0,16222.0,790.0,29.01,32.09,50.0,26.43,287.45,20245.0,20423.0,1
2026-07-12 22:50:00,Normal,North,5097.0,13697.0,867.0,31.78,30.08,50.0,29.94,192.88,14856.0,20384.0,1
2026-07-12 23:00:00,Sale,North,8041.0,22608.0,1316.0,32.08,38.31,50.0,26.44,314.83,26695.0,29393.0,1
2026-07-12 23:10:00,Sale,South,8193.0,20468.0,1006.0,44.3,34.42,50.0,28.18,251.84,22389.0,21350.0,1
2026-07-12 23:20:00,Normal,South,4343.0,10346.0,588.0,21.02,30.41,50.0,30.66,183.2,12541.0,15046.0,1
2026-07-12 23:30:00,Normal,West,5092.0,15019.0,1018.0,31.04,37.08,50.0,24.91,246.75,13273.0,20299.0,1
2026-07-12 23:40:00,Normal,North,5035.0,13758.0,883.0,21.21,29.31,50.0,31.18,188.07,16424.0,20362.0,1
2026-07-12 23:50:00,Sale,North,8553.0,23545.0,1223.0,37.85,34.86,50.0,25.95,314.33,24412.0,27493.0,1
2026-07-13 00:00:00,Normal,South,4562.0,13457.0,683.0,27.74,35.31,53.99,23.2,231.83,15170.0,16496.0,1
2026-07-13 00:10:00,Normal,South,5294.0,16154.0,898.0,36.28,29.96,50.0,24.07,254.81,20103.0,22634.0,1
2026-07-13 00:20:00,Sale,South,8260.0,23923.0,1292.0,36.63,41.7,50.0,30.61,337.7,24872.0,29568.0,1
2026-07-13 00:30:00,Normal,West,5964.0,18771.0,1167.0,38.51,33.92,50.0,31.32,253.34,19221.0,22626.0,1
2026-07-13 00:40:00,Sale,South,8479.0,24509.0,1457.0,34.74,39.2,88.8,34.27,342.34,26538.0,31304.0,1
2026-07-13 00:50:00,Normal,South,6383.0,18218.0,817.0,32.36,36.99,50.0,32.65,257.18,19612.0,24986.0,1
2026-07-13 01:00:00,Sale,,8561.0,24341.0,1406.0,37.64,36.06,94.96,32.94,351.26,24706.0,27598.0,1
2026-07-13 01:10:00,Sale,North,8025.0,20613.0,1112.0,37.5,33.78,69.35,27.04,238.36,23305.0,26300.0,1
2026-07-13 01:20:00,Sale,West,8350.0,24816.0,1370.0,40.57,36.56,54.05,27.94,330.92,28187.0,27905.0,1
2026-07-13 01:30:00,Normal,South,5133.0,12112.0,684.0,31.18,34.38,56.22,30.03,213.59,14126.0,18280.0,1
2026-07-13 01:40:00,Sale,South,8660.0,23333.0,1451.0,38.9,33.21,50.0,34.4,357.07,24221.0,31077.0,1
2026-07-13 01:50:00,Sale,West,7564.0,21210.0,1291.0,38.67,31.81,53.8,26.57,304.27,21753.0,25323.0,1
2026-07-13 02:00:00,Normal,South,4838.0,12859.0,649.0,25.34,36.95,50.0,31.71,223.3,14250.0,15790.0,1
2026-07-13 02:10:00,Normal,South,5478.0,14893.0,814.0,32.21,31.01,56.93,22.52,248.31,16315.0,17533.0,1
2026-07-13 02:20:00,Normal,North,5863.0,18357.0,960.0,40.04,35.49,50.0,30.21,304.9,20145.0,23064.0,1
2026-07-13 02:30:00,Sale,South,7037.0,21101.0,948.0,29.22,34.78,50.0,29.33,291.46,22140.0,27981.0,1
2026-07-13 02:40:00,Sale,South,8825.0,23620.0,1284.0,40.03,35.79,68.94,29.58,291.12,27234.0,31434.0,1
2026-07-13 02:50:00,Sale,North,8067.0,21907.0,1447.0,39.33,39.96,74.4,29.91,269.21,22471.0,30243.0,1
2026-07-13 03:00:00,Sale,West,7288.0,18731.0,838.0,39.77,34.3,50.0,26.56,293.92,20750.0,26577.0,1
2026-07-13 03:10:00,Sale,South,6729.0,19695.0,1080.0,37.65,33.82,62.16,30.67,292.53,21455.0,22614.0,1
2026-07-13 03:20:00,Normal,South,4545.0,12522.0,684.0,29.04,31.57,50.0,27.94,208.81,13982.0,17412.0,1
2026-07-13 03:30:00,Normal,North,5300.0,12963.0,735.0,30.74,31.03,50.0,30.66,204.98,16056.0,19194.0,1
2026-07-13 03:40:00,Sale,South,8197.0,23100.0,1137.0,34.7,34.07,50.0,34.85,325.52,22836.0,25698.0,1
2026-07-13 03:50:00,Normal,North,5626.0,16198.0,752.0,30.22,32.17,56.5,28.94,257.22,14268.0,20467.0,1
2026-07-13 04:00:00,Sale,North,8226.0,24459.0,1143.0,33.45,41.55,53.51,27.92,346.59,25941.0,30935.0,1
2026-07-13 04:10:00,Sale,South,7947.0,22146.0,1395.0,42.77,37.89,50.0,26.46,283.75,22254.0,23847.0,1
2026-07-13 04:20:00,Normal,North,5278.0,14424.0,708.0,32.06,32.01,50.0,33.27,190.13,11810.0,19908.0,1
2026-07-13 04:30:00,Sale,North,8518.0,26895.0,1399.0,37.2,40.36,59.73,35.63,336.11,34819.0,29945.0,0
2026-07-13 04:40:00,Normal,South,5600.0,15686.0,1061.0,32.42,28.73,50.06,31.11,213.08,18447.0,25376.0,1
2026-07-13 04:50:00,Flash Sale,North,12494.0,36601.0,1852.0,53.75,44.94,50.0,33.23,420.94,43435.0,54946.0,1
2026-07-13 05:00:00,Sale,West,9383.0,25360.0,1447.0,43.53,40.76,53.23,33.02,382.85,27680.0,31990.0,1
2026-07-13 05:10:00,Sale,,8621.0,25210.0,1547.0,35.72,43.53,58.57,34.46,285.43,29296.0,28371.0,1
2026-07-13 05:20:00,Normal,South,5328.0,13522.0,826.0,16.96,35.77,50.0,26.12,236.96,14573.0,14839.0,1
2026-07-13 05:30:00,Normal,West,5491.0,14919.0,701.0,32.26,34.53,50.0,28.37,261.87,17924.0,19951.0,1
2026-07-13 05:40:00,Normal,West,6300.0,16270.0,825.0,28.28,37.57,50.0,25.26,277.38,18530.0,21267.0,1
2026-07-13 05:50:00,Normal,North,5696.0,15329.0,871.0,33.52,31.49,50.0,27.99,250.22,17112.0,19142.0,1
2026-07-13 06:00:00,Normal,West,5778.0,17478.0,1164.0,36.66,32.93,50.0,33.48,297.78,19644.0,23710.0,1
2026-07-13 06:10:00,Normal,North,6588.0,17720.0,894.0,37.52,34.01,50.0,32.13,311.79,22444.0,27812.0,1
2026-07-13 06:20:00,Flash Sale,West,15465.0,45302.0,2357.0,63.49,47.96,84.73,35.37,535.46,51496.0,48327.0,1
2026-07-13 06:30:00,Normal,South,6230.0,19145.0,1101.0,39.22,32.13,50.0,21.13,292.64,19471.0,23448.0,1
2026-07-13 06:40:00,Normal,North,6742.0,18844.0,1106.0,41.02,31.71,50.0,27.18,310.33,21739.0,26831.0,1
2026-07-13 06:50:00,Sale,North,10012.0,29824.0,1762.0,48.87,39.15,96.73,31.87,366.69,34861.0,38871.0,1
2026-07-13 07:00:00,Sale,West,9845.0,28508.0,1423.0,48.1,40.13,50.0,30.62,368.95,31516.0,36868.0,1
2026-07-13 07:10:00,Sale,North,10161.0,28665.0,1485.0,42.2,35.92,78.64,31.4,361.0,31955.0,37969.0,1
2026-07-13 07:20:00,Sale,North,9507.0,27903.0,1571.0,36.56,39.78,58.61,31.87,380.55,28276.0,37333.0,1
2026-07-13 07:30:00,Sale,North,10045.0,31454.0,1968.0,54.67,43.11,82.34,30.32,357.09,35534.0,37456.0,1
2026-07-13 07:40:00,Sale,South,9835.0,26409.0,1415.0,40.7,40.84,87.74,30.79,390.01,26371.0,30951.0,1
2026-07-13 07:50:00,Normal,West,6346.0,16672.0,915.0,37.09,34.9,50.0,28.22,270.07,18255.0,24158.0,1
2026-07-13 08:00:00,Sale,West,10475.0,27411.0,1339.0,39.1,37.32,83.91,28.92,378.86,28865.0,32875.0,1
2026-07-13 08:10:00,Normal,South,6856.0,20425.0,1352.0,39.22,40.36,50.0,35.03,235.17,24884.0,26553.0,1
2026-07-13 08:20:00,Normal,North,7266.0,21822.0,1220.0,26.77,35.68,51.2,28.37,282.22,27823.0,28162.0,1
2026-07-13 08:30:00,Normal,North,6940.0,18762.0,1153.0,32.31,37.39,50.0,22.36,314.88,18866.0,23205.0,1
2026-07-13 08:40:00,Normal,South,6068.0,14657.0,809.0,30.06,39.0,50.0,33.57,232.13,16409.0,22617.0,1
2026-07-13 08:50:00,Sale,West,10477.0,28063.0,1558.0,43.7,40.33,50.0,28.64,327.53,30560.0,32379.0,1
2026-07-13 09:00:00,Normal,West,6693.0,19401.0,892.0,38.78,31.8,53.6,31.97,289.55,22630.0,26753.0,1
2026-07-13 09:10:00,Normal,South,7575.0,21119.0,889.0,31.57,31.67,86.12,27.6,318.17,23856.0,26329.0,1
2026-07-13 09:20:00,Normal,South,7705.0,21823.0,1364.0,39.19,34.75,50.0,31.51,321.52,23596.0,30990.0,1
2026-07-13 09:30:00,Sale,South,11680.0,31605.0,1753.0,49.77,41.19,74.27,31.81,402.29,35693.0,36413.0,1
2026-07-13 09:40:00,Normal,South,7059.0,21054.0,1184.0,45.28,36.7,67.72,32.63,328.93,23129.0,31045.0,1
2026-07-13 09:50:00,Sale,South,11675.0,33413.0,1587.0,49.23,46.32,66.09,31.71,406.58,42732.0,44750.0,1
2026-07-13 10:00:00,Sale,West,11971.0,34783.0,1725.0,45.73,41.48,110.53,30.69,451.33,36196.0,40821.0,1
2026-07-13 10:10:00,Normal,South,7306.0,20666.0,1268.0,30.48,34.25,50.0,30.32,300.03,23678.0,32472.0,1
2026-07-13 10:20:00,Sale,West,12577.0,36403.0,2382.0,56.26,37.34,77.18,31.86,450.71,42627.0,43446.0,1
2026-07-13 10:30:00,Normal,South,8284.0,23879.0,1224.0,41.25,39.9,50.0,24.47,319.32,27792.0,31151.0,1
2026-07-13 10:40:00,Normal,North,8349.0,21984.0,1298.0,36.6,35.68,51.53,28.03,301.25,23967.0,30143.0,1
2026-07-13 10:50:00,Sale,North,11902.0,34125.0,1916.0,40.53,35.43,75.15,41.11,432.06,42889.0,45095.0,1
2026-07-13 11:00:00,Sale,South,13358.0,39305.0,2133.0,47.68,41.82,102.37,28.18,475.73,35811.0,44517.0,1
2026-07-13 11:10:00,Normal,South,7991.0,24035.0,1589.0,40.96,33.43,50.0,31.01,348.68,24290.0,33423.0,1
2026-07-13 11:20:00,Sale,South,13095.0,37646.0,1968.0,51.41,39.9,65.77,32.55,453.06,44662.0,44438.0,1
2026-07-13 11:30:00,Normal,West,7982.0,20963.0,1309.0,28.03,35.36,57.68,35.12,338.83,21633.0,31007.0,1
2026-07-13 11:40:00,Sale,North,12656.0,33589.0,1924.0,49.08,37.04,108.82,29.06,411.37,34467.0,39542.0,1
2026-07-13 11:50:00,Sale,South,11557.0,31456.0,1727.0,38.46,37.55,84.93,32.22,427.56,33761.0,48705.0,1
2026-07-13 12:00:00,Sale,West,13048.0,36980.0,2338.0,54.85,38.71,127.54,35.19,483.88,38512.0,43377.0,1
2026-07-13 12:10:00,Sale,South,13245.0,36794.0,2088.0,50.11,38.73,94.83,32.56,462.08,43553.0,43322.0,1
2026-07-13 12:20:00,Normal,South,8311.0,21588.0,1175.0,34.5,32.53,60.48,27.45,307.8,26132.0,31882.0,1
2026-07-13 12:30:00,Sale,North,14077.0,36554.0,2313.0,53.03,39.35,97.4,32.98,437.31,41263.0,46601.0,1
2026-07-13 12:40:00,Sale,South,12618.0,30564.0,1910.0,45.39,36.01,104.44,30.8,382.71,37455.0,37488.0,1
2026-07-13 12:50:00,Sale,West,12917.0,28915.0,1799.0,47.88,39.88,94.55,30.42,384.65,28376.0,36211.0,1
2026-07-13 13:00:00,Normal,West,8238.0,22871.0,724.0,37.76,36.61,50.0,32.82,317.58,25789.0,29302.0,1
2026-07-13 13:10:00,Normal,South,8408.0,27055.0,1560.0,41.55,41.05,79.54,32.16,390.13,33949.0,38625.0,1
2026-07-13 13:20:00,Normal,North,9206.0,28754.0,1618.0,41.3,43.72,69.89,32.98,366.18,35014.0,34002.0,1
2026-07-13 13:30:00,Normal,West,9429.0,24742.0,1356.0,40.08,38.69,50.0,31.43,327.57,31265.0,31219.0,1
2026-07-13 13:40:00,Normal,West,8340.0,23577.0,1383.0,44.83,37.6,50.0,33.07,284.15,25015.0,28002.0,1
2026-07-13 13:50:00,Normal,North,8329.0,21125.0,1195.0,33.95,37.61,50.0,33.56,317.34,25598.0,28180.0,1
2026-07-13 14:00:00,Sale,West,12984.0,33288.0,1966.0,48.89,41.05,64.12,31.46,436.72,35862.0,36672.0,1
2026-07-13 14:10:00,Normal,North,9403.0,24302.0,1298.0,35.13,36.66,50.0,32.8,357.45,28665.0,35550.0,1
2026-07-13 14:20:00,Sale,North,14123.0,38971.0,2494.0,42.86,,77.14,29.69,505.55,48756.0,47678.0,1
2026-07-13 14:30:00,Sale,North,13510.0,37383.0,2231.0,50.61,38.02,100.1,26.47,483.55,38900.0,44542.0,1
2026-07-13 14:40:00,Sale,North,12864.0,36606.0,2132.0,50.6,43.33,66.01,38.53,476.83,34205.0,41271.0,1
2026-07-13 14:50:00,Normal,West,8097.0,23637.0,1370.0,37.65,36.18,54.09,29.2,341.62,30841.0,30343.0,1
2026-07-13 15:00:00,Normal,South,8776.0,24040.0,1489.0,32.45,40.76,50.0,31.05,349.5,28098.0,33092.0,1
2026-07-13 15:10:00,Sale,North,13745.0,38575.0,2358.0,52.01,44.25,92.33,29.81,429.7,42791.0,46968.0,1
2026-07-13 15:20:00,Sale,South,12437.0,32375.0,1759.0,46.58,37.45,83.93,28.31,386.25,35735.0,36613.0,1
2026-07-13 15:30:00,Normal,South,8530.0,21819.0,1330.0,32.99,39.38,50.0,27.66,276.61,19864.0,32152.0,1
2026-07-13 15:40:00,Sale,North,14279.0,36129.0,2025.0,43.3,32.96,60.69,34.88,483.05,41219.0,44860.0,1
2026-07-13 15:50:00,Sale,North,13361.0,38973.0,2592.0,50.12,47.43,54.06,32.02,460.16,41582.0,48949.0,1
2026-07-13 16:00:00,Sale,South,13944.0,38195.0,2352.0,53.08,37.35,96.76,32.4,456.38,42979.0,43679.0,1
2026-07-13 16:10:00,Normal,North,8840.0,21775.0,1116.0,38.18,37.11,52.0,27.56,307.91,24454.0,24659.0,1
2026-07-13 16:20:00,Normal,West,7973.0,22235.0,1534.0,33.38,37.06,50.0,33.39,281.26,17393.0,31342.0,1
2026-07-13 16:30:00,Normal,North,8369.0,21552.0,914.0,36.87,38.91,50.0,32.35,315.04,25195.0,32986.0,1
2026-07-13 16:40:00,Sale,West,13135.0,40703.0,2394.0,56.15,41.26,97.62,32.5,443.77,46356.0,47725.0,1
2026-07-13 16:50:00,Normal,West,8039.0,21672.0,1101.0,31.73,29.15,56.25,31.82,277.29,24974.0,27487.0,1
2026-07-13 17:00:00,Normal,North,7753.0,22658.0,1502.0,37.51,34.95,50.0,29.25,321.55,24961.0,36254.0,1
2026-07-13 17:10:00,Sale,North,13521.0,40510.0,2290.0,57.79,41.52,73.23,32.9,464.06,45570.0,50548.0,1
2026-07-13 17:20:00,Normal,West,7749.0,20365.0,1023.0,30.21,28.98,50.0,29.33,326.12,23160.0,27731.0,1
2026-07-13 17:30:00,Normal,South,8777.0,24695.0,1319.0,43.61,36.78,50.0,32.36,338.1,28335.0,29644.0,1
2026-07-13 17:40:00,Normal,South,8019.0,23253.0,1179.0,44.24,32.91,102.67,27.44,350.83,27149.0,28177.0,1
2026-07-13 17:50:00,Normal,North,8225.0,23200.0,1233.0,36.83,38.07,50.0,31.61,330.95,26640.0,27076.0,1
2026-07-13 18:00:00,Normal,North,8156.0,23367.0,1239.0,36.49,35.44,58.65,37.63,323.37,30493.0,28771.0,1
2026-07-13 18:10:00,Normal,South,7576.0,19399.0,980.0,38.62,40.67,54.33,29.82,259.07,20318.0,29223.0,1
2026-07-13 18:20:00,Sale,West,12490.0,36218.0,2051.0,48.04,39.91,114.69,33.08,475.41,39206.0,45658.0,1
2026-07-13 18:30:00,Sale,North,11183.0,30334.0,1740.0,34.37,39.91,50.0,31.42,404.37,39109.0,38168.0,1
2026-07-13 18:40:00,Normal,West,8095.0,23175.0,1136.0,37.3,35.47,,31.53,373.86,25597.0,31104.0,1
2026-07-13 18:50:00,Sale,South,10972.0,32538.0,1466.0,47.54,34.52,67.9,27.33,436.09,39475.0,40020.0,1
2026-07-13 19:00:00,Normal,North,7340.0,21434.0,1219.0,39.18,34.89,109.69,34.82,294.41,24297.0,32502.0,1
2026-07-13 19:10:00,Sale,North,11979.0,34294.0,1996.0,43.63,42.26,84.51,35.49,440.17,37628.0,34856.0,1
2026-07-13 19:20:00,Normal,North,7764.0,22637.0,1344.0,36.16,37.73,50.0,28.05,326.92,27586.0,31560.0,1
2026-07-13 19:30:00,Sale,South,10903.0,31879.0,1859.0,49.0,38.28,65.2,32.11,437.86,37357.0,42755.0,1
2026-07-13 19:40:00,Normal,South,6868.0,21080.0,1358.0,35.68,31.01,79.78,27.97,333.84,20375.0,29219.0,1
2026-07-13 19:50:00,Sale,South,11208.0,31313.0,1910.0,38.5,40.89,70.93,32.79,399.08,35614.0,31138.0,0
2026-07-13 20:00:00,Normal,North,7093.0,20070.0,1427.0,40.01,36.28,50.0,29.6,260.31,20481.0,26352.0,1
2026-07-13 20:10:00,Sale,West,9834.0,29185.0,2148.0,41.95,40.75,82.18,32.11,335.51,36397.0,30596.0,0
2026-07-13 20:20:00,Normal,South,6993.0,18964.0,843.0,38.48,33.82,50.0,26.09,251.15,24565.0,26311.0,1
2026-07-13 20:30:00,Sale,South,11006.0,28171.0,1178.0,36.36,32.81,56.71,29.75,356.91,36830.0,30833.0,0
2026-07-13 20:40:00,Normal,South,6858.0,19813.0,1089.0,34.36,36.54,50.0,32.8,325.73,22899.0,29030.0,1
2026-07-13 20:50:00,Sale,North,11113.0,30703.0,1782.0,46.14,38.72,110.77,30.15,435.02,32971.0,39964.0,1
2026-07-13 21:00:00,Sale,West,10260.0,26497.0,1445.0,40.17,41.45,50.0,22.9,378.98,30530.0,38094.0,1
2026-07-13 21:10:00,Flash Sale,South,15115.0,43683.0,2587.0,50.4,43.38,100.34,34.16,557.59,44820.0,55041.0,1
2026-07-13 21:20:00,Normal,South,5579.0,17058.0,911.0,22.95,33.83,50.0,35.99,242.9,23106.0,20014.0,0
2026-07-13 21:30:00,Normal,North,6614.0,16578.0,843.0,38.18,35.05,50.0,31.19,217.9,20548.0,21611.0,1
2026-07-13 21:40:00,Normal,South,6071.0,18115.0,937.0,34.39,32.55,50.0,27.23,245.98,20840.0,24949.0,1
2026-07-13 21:50:00,Normal,South,6258.0,14664.0,789.0,35.13,31.2,50.0,28.07,185.77,17886.0,22270.0,1
2026-07-13 22:00:00,Sale,South,9733.0,26552.0,1595.0,44.28,37.0,71.48,32.88,327.67,28433.0,39598.0,1
2026-07-13 22:10:00,Flash Sale,West,15102.0,47290.0,2463.0,60.58,41.79,84.54,30.14,550.25,47725.0,58901.0,1
2026-07-13 22:20:00,Flash Sale,West,14375.0,39400.0,2099.0,50.2,41.1,50.0,31.1,488.16,35408.0,48645.0,1
2026-07-13 22:30:00,Sale,North,9771.0,27516.0,1608.0,43.35,43.45,70.21,32.25,368.55,31047.0,33161.0,1
2026-07-13 22:40:00,Sale,West,8772.0,25765.0,1386.0,45.63,40.15,50.0,35.45,330.41,28320.0,35587.0,1
2026-07-13 22:50:00,Sale,South,9617.0,23955.0,1478.0,38.69,37.31,68.48,28.95,343.77,28074.0,27430.0,1
2026-07-13 23:00:00,Sale,West,8902.0,25041.0,1239.0,46.89,41.42,50.05,35.21,323.65,28079.0,31252.0,1
2026-07-13 23:10:00,Normal,North,6377.0,17930.0,864.0,27.24,31.8,50.0,26.68,269.55,20931.0,25530.0,1
2026-07-13 23:20:00,Sale,North,8662.0,27156.0,1543.0,34.66,44.98,61.05,20.82,333.81,32618.0,30411.0,1
2026-07-13 23:30:00,Sale,South,8811.0,22711.0,1304.0,41.26,34.57,50.0,32.23,344.33,22120.0,29202.0,1
2026-07-13 23:40:00,Normal,North,6292.0,17185.0,856.0,29.33,40.03,50.0,30.4,262.37,20741.0,20903.0,1
2026-07-13 23:50:00,Normal,West,5717.0,15051.0,949.0,38.97,39.27,50.0,30.52,257.48,16245.0,23288.0,1
2026-07-14 00:00:00,Flash Sale,South,12334.0,32239.0,2145.0,50.75,34.02,50.0,34.18,381.98,37776.0,46378.0,1
2026-07-14 00:10:00,Flash Sale,North,14164.0,42534.0,2179.0,60.5,47.29,111.42,34.93,519.7,51987.0,50095.0,1
2026-07-14 00:20:00,Sale,South,7962.0,22331.0,1427.0,40.52,34.96,50.0,29.14,327.62,27308.0,28107.0,1
2026-07-14 00:30:00,Sale,West,8469.0,22865.0,931.0,33.75,34.3,50.0,29.37,267.55,25904.0,25361.0,1
2026-07-14 00:40:00,Normal,West,5658.0,15314.0,941.0,24.38,34.93,50.0,26.99,272.35,17426.0,18555.0,1
2026-07-14 00:50:00,Normal,South,5618.0,15162.0,756.0,36.87,30.28,50.0,27.13,210.38,18333.0,20228.0,1
2026-07-14 01:00:00,Sale,North,8135.0,22084.0,1344.0,30.77,37.24,50.0,24.43,316.12,21419.0,29276.0,1
2026-07-14 01:10:00,Sale,North,8138.0,20933.0,1031.0,42.13,32.5,56.05,25.96,344.02,21453.0,25517.0,1
2026-07-14 01:20:00,Normal,West,5192.0,14296.0,780.0,32.83,33.53,50.0,27.65,256.84,15613.0,20100.0,1
2026-07-14 01:30:00,Sale,West,7672.0,20985.0,1052.0,35.53,39.35,106.21,22.89,262.61,20707.0,24899.0,1
2026-07-14 01:40:00,Normal,South,6385.0,17006.0,914.0,34.22,35.11,66.18,22.72,255.61,18585.0,23551.0,1
2026-07-14 01:50:00,Sale,West,8120.0,22962.0,1515.0,39.38,34.96,50.0,29.05,350.46,24969.0,25987.0,1
2026-07-14 02:00:00,Normal,North,5548.0,15775.0,857.0,30.6,35.15,50.0,28.09,227.33,17806.0,18401.0,1
2026-07-14 02:10:00,Normal,West,5083.0,13722.0,928.0,35.37,28.58,50.0,27.08,218.23,15291.0,19342.0,1
2026-07-14 02:20:00,Normal,North,5073.0,14072.0,741.0,35.53,30.41,50.0,20.96,221.02,17265.0,19093.0,1
2026-07-14 02:30:00,Normal,North,5022.0,16014.0,1024.0,32.23,32.31,50.0,33.18,264.39,18853.0,22137.0,1
2026-07-14 02:40:00,Sale,South,7363.0,23425.0,1060.0,35.51,38.56,50.0,25.84,285.83,26070.0,25024.0,1
2026-07-14 02:50:00,Normal,South,5170.0,13494.0,719.0,34.69,33.94,50.0,25.51,240.6,14664.0,15171.0,1
2026-07-14 03:00:00,Normal,West,5106.0,13457.0,697.0,21.35,34.32,50.0,24.18,209.0,15007.0,18364.0,1
2026-07-14 03:10:00,Sale,North,8816.0,23003.0,1477.0,39.33,35.97,50.0,33.96,319.74,25694.0,29083.0,1
2026-07-14 03:20:00,Sale,West,7632.0,22820.0,1280.0,40.36,33.62,50.0,31.28,312.58,31307.0,27943.0,0
2026-07-14 03:30:00,Normal,West,5021.0,13699.0,582.0,26.33,37.26,50.0,26.59,241.98,13346.0,17463.0,1
2026-07-14 03:40:00,Normal,South,4860.0,13819.0,651.0,33.64,30.74,54.95,26.41,227.66,14197.0,19523.0,1
2026-07-14 03:50:00,Normal,West,6031.0,19054.0,932.0,34.09,35.93,53.72,29.73,316.55,19296.0,23105.0,1
2026-07-14 04:00:00,Sale,South,8066.0,22570.0,1368.0,35.0,35.56,50.0,26.23,340.44,25886.0,29135.0,1
2026-07-14 04:10:00,Normal,South,5766.0,16877.0,1010.0,36.2,35.6,50.0,29.86,238.88,19289.0,21215.0,1
2026-07-14 04:20:00,Normal,North,5970.0,17274.0,919.0,28.34,32.23,50.0,27.15,296.87,18357.0,22386.0,1
2026-07-14 04:30:00,Normal,North,5411.0,14579.0,754.0,33.87,36.26,65.63,29.77,243.77,17635.0,19461.0,1
2026-07-14 04:40:00,Sale,West,7813.0,23364.0,1385.0,29.93,40.31,91.75,31.6,327.89,27032.0,27236.0,1
2026-07-14 04:50:00,Normal,South,4802.0,12712.0,613.0,29.95,35.42,50.0,26.02,238.33,15430.0,22338.0,1
2026-07-14 05:00:00,Sale,South,9362.0,28471.0,1644.0,42.38,38.44,50.0,25.11,348.68,35314.0,31242.0,0
2026-07-14 05:10:00,Normal,North,5132.0,13828.0,791.0,27.59,31.53,50.0,27.3,193.79,12540.0,19414.0,1
2026-07-14 05:20:00,Sale,South,9128.0,24773.0,1322.0,40.62,45.14,50.0,26.1,338.35,29444.0,27862.0,1
2026-07-14 05:30:00,Normal,West,5820.0,15155.0,870.0,30.56,30.33,50.0,28.57,226.39,15019.0,18619.0,1
2026-07-14 05:40:00,Normal,North,5951.0,15673.0,872.0,35.54,36.13,68.74,27.68,298.57,17945.0,18903.0,1
2026-07-14 05:50:00,Normal,West,5998.0,16335.0,947.0,34.13,34.72,59.83,26.83,234.24,18176.0,20287.0,1
2026-07-14 06:00:00,Sale,South,9027.0,21325.0,1002.0,37.94,35.28,71.19,25.8,304.25,23819.0,27494.0,1
2026-07-14 06:10:00,Sale,West,9006.0,24839.0,1458.0,40.28,37.25,58.91,34.02,343.18,24827.0,32541.0,1
2026-07-14 06:20:00,Normal,North,6482.0,17558.0,1074.0,31.04,32.61,50.0,27.5,296.36,21474.0,21450.0,1
2026-07-14 06:30:00,Normal,South,5810.0,17095.0,973.0,31.32,35.26,50.0,35.82,236.09,16940.0,23272.0,1
2026-07-14 06:40:00,Sale,North,8119.0,23350.0,1369.0,38.84,37.12,52.89,30.24,283.2,27905.0,30796.0,1
2026-07-14 06:50:00,Sale,South,9818.0,26240.0,1426.0,39.61,45.22,50.0,31.83,387.26,25632.0,31797.0,1
2026-07-14 07:00:00,Normal,West,6029.0,16383.0,989.0,36.37,36.95,50.0,28.72,255.85,18320.0,23359.0,1
2026-07-14 07:10:00,Normal,South,6781.0,18699.0,1036.0,34.27,36.09,61.27,30.14,297.24,24317.0,27272.0,1
2026-07-14 07:20:00,Sale,North,10844.0,33265.0,1600.0,47.78,41.37,86.82,35.6,444.07,45112.0,41304.0,0
2026-07-14 07:30:00,Sale,West,10156.0,26934.0,1614.0,35.28,42.95,71.89,34.24,385.09,25807.0,33085.0,1
2026-07-14 07:40:00,Sale,North,10646.0,28429.0,1285.0,45.94,35.04,50.0,25.95,364.84,29838.0,36663.0,1
2026-07-14 07:50:00,Sale,South,10225.0,26552.0,1505.0,38.24,36.75,91.75,33.41,339.3,28351.0,30991.0,1
2026-07-14 08:00:00,Normal,West,7794.0,19743.0,1040.0,30.61,29.19,50.0,30.83,237.53,26565.0,23047.0,0
2026-07-14 08:10:00,Normal,South,6469.0,18471.0,966.0,40.28,36.14,50.0,29.17,249.83,20561.0,24633.0,1
2026-07-14 08:20:00,Normal,West,6996.0,19844.0,1112.0,37.66,37.49,59.12,34.5,289.99,24358.0,28091.0,1
2026-07-14 08:30:00,Normal,South,7337.0,22236.0,1128.0,40.81,32.8,57.89,35.15,294.83,25571.0,28258.0,1
2026-07-14 08:40:00,Normal,West,6905.0,20628.0,1198.0,37.35,39.52,50.0,32.25,267.76,20629.0,26524.0,1
2026-07-14 08:50:00,Normal,South,7576.0,24482.0,1355.0,38.44,34.41,50.0,28.76,336.08,22867.0,28149.0,1
2026-07-14 09:00:00,Normal,West,7237.0,20167.0,1034.0,34.02,34.03,51.54,25.86,325.24,21351.0,31773.0,1
2026-07-14 09:10:00,Sale,North,12587.0,34653.0,2184.0,50.57,40.49,89.01,34.89,435.13,46839.0,40593.0,0
2026-07-14 09:20:00,Normal,West,8514.0,21847.0,1228.0,41.1,40.43,50.0,33.88,280.15,25031.0,27306.0,1
2026-07-14 09:30:00,Normal,North,7594.0,22215.0,1306.0,36.61,33.2,58.69,23.8,343.96,27223.0,31884.0,1
2026-07-14 09:40:00,Sale,West,11828.0,33372.0,2119.0,54.66,40.55,50.0,35.6,404.36,32643.0,40954.0,1
2026-07-14 09:50:00,Sale,North,12148.0,35438.0,2247.0,47.33,42.73,93.57,32.03,481.37,38538.0,42183.0,1
2026-07-14 10:00:00,Sale,North,11613.0,30134.0,1762.0,38.04,40.25,50.0,26.2,384.77,36097.0,38222.0,1
2026-07-14 10:10:00,Sale,West,11550.0,33072.0,1759.0,39.22,41.39,74.77,33.68,423.3,33432.0,41664.0,1
2026-07-14 10:20:00,Sale,North,12834.0,36411.0,1690.0,42.2,43.03,77.92,35.74,493.13,40547.0,39733.0,1
2026-07-14 10:30:00,Normal,South,8012.0,22634.0,1273.0,35.58,34.26,78.81,28.93,282.55,23359.0,25920.0,1
2026-07-14 10:40:00,Normal,West,7762.0,20778.0,1279.0,34.73,40.34,51.77,26.4,271.53,24989.0,31323.0,1
2026-07-14 10:50:00,Sale,North,12212.0,36807.0,2103.0,52.02,40.55,66.0,38.23,449.91,42691.0,44338.0,1
2026-07-14 11:00:00,Normal,North,7044.0,22324.0,766.0,36.86,35.08,58.1,27.91,309.74,26529.0,27797.0,1
2026-07-14 11:10:00,Normal,South,8142.0,21171.0,1275.0,39.37,39.45,100.14,33.14,367.76,25555.0,28633.0,1
2026-07-14 11:20:00,Normal,North,7861.0,23030.0,1395.0,37.76,34.17,69.17,25.53,298.1,25269.0,29358.0,1
2026-07-14 11:30:00,Normal,North,8696.0,19845.0,1056.0,34.92,35.91,50.0,30.61,255.85,24218.0,26552.0,1
2026-07-14 11:40:00,Normal,North,8735.0,25509.0,1554.0,37.37,34.76,50.0,31.77,321.7,27066.0,29145.0,1
2026-07-14 11:50:00,Normal,South,8526.0,21002.0,1234.0,41.54,42.91,50.0,32.24,305.82,24837.0,30566.0,1
2026-07-14 12:00:00,Sale,North,13397.0,36245.0,1844.0,42.68,47.61,96.74,37.45,464.75,33451.0,49916.0,1
2026-07-14 12:10:00,Sale,North,12450.0,31919.0,1999.0,46.34,38.84,50.0,29.58,391.51,33367.0,38185.0,1
2026-07-14 12:20:00,Normal,South,8811.0,24328.0,1153.0,37.95,38.07,53.59,31.91,333.81,32882.0,36757.0,1
2026-07-14 12:30:00,Sale,South,13514.0,39879.0,2180.0,55.02,41.97,123.67,29.67,537.42,47101.0,45252.0,1
2026-07-14 12:40:00,Normal,North,9138.0,22532.0,1218.0,37.07,34.84,53.33,25.82,316.2,26613.0,33990.0,1
2026-07-14 12:50:00,Sale,North,14258.0,39000.0,1952.0,51.18,42.01,58.82,31.85,488.03,40467.0,47718.0,1
2026-07-14 13:00:00,Sale,West,12624.0,34180.0,1942.0,45.99,39.84,129.64,33.75,479.03,34542.0,36290.0,1
2026-07-14 13:10:00,Normal,South,8496.0,26207.0,1647.0,45.85,32.61,101.72,35.8,334.62,28659.0,33736.0,1
2026-07-14 13:20:00,Sale,South,13099.0,37695.0,2355.0,50.05,41.98,95.46,38.87,447.87,41965.0,53116.0,1
2026-07-14 13:30:00,Flash Sale,South,20509.0,53078.0,3150.0,71.0,46.45,148.67,35.61,611.23,69609.0,68674.0,1
2026-07-14 13:40:00,Sale,North,13477.0,36592.0,1640.0,50.19,41.74,73.83,33.97,442.72,44711.0,52510.0,1
2026-07-14 13:50:00,Flash Sale,West,20305.0,62542.0,2939.0,71.25,49.66,155.7,41.59,672.64,70729.0,69521.0,1
2026-07-14 14:00:00,Sale,West,14076.0,41224.0,2308.0,52.46,41.35,80.1,36.37,505.69,46441.0,45902.0,1
2026-07-14 14:10:00,Normal,West,8199.0,21603.0,1184.0,38.62,38.19,50.0,29.24,311.45,25833.0,33748.0,1
2026-07-14 14:20:00,Sale,North,13042.0,35890.0,1867.0,46.15,42.16,143.76,33.12,444.26,35464.0,49650.0,1
2026-07-14 14:30:00,Sale,North,13050.0,35989.0,2391.0,49.17,44.78,50.0,32.59,456.07,33393.0,44965.0,1
2026-07-14 14:40:00,Sale,North,13382.0,36175.0,2013.0,48.78,42.15,87.02,32.33,458.2,43205.0,38456.0,0
2026-07-14 14:50:00,Normal,North,8136.0,20275.0,1181.0,36.54,34.5,51.75,28.44,259.85,22855.0,27065.0,1
2026-07-14 15:00:00,Sale,North,13446.0,36008.0,2194.0,50.01,42.45,92.12,32.56,457.3,35604.0,44564.0,1
2026-07-14 15:10:00,Normal,South,8608.0,26254.0,1453.0,41.92,31.25,55.52,29.56,366.5,23904.0,35696.0,1
2026-07-14 15:20:00,Sale,North,13077.0,35718.0,2520.0,48.74,46.81,76.6,29.45,407.25,43197.0,41406.0,1
2026-07-14 15:30:00,Normal,West,9127.0,25387.0,1253.0,45.85,37.71,59.31,33.17,380.44,27109.0,36661.0,1
2026-07-14 15:40:00,Sale,North,13440.0,37973.0,1950.0,51.97,47.84,95.54,34.9,438.83,44050.0,47112.0,1
2026-07-14 15:50:00,Sale,North,14001.0,44794.0,2210.0,66.5,41.07,98.5,40.48,509.49,48988.0,52655.0,1
2026-07-14 16:00:00,Normal,West,8418.0,23584.0,1518.0,38.25,32.9,50.18,31.3,330.89,26333.0,28784.0,1
2026-07-14 16:10:00,Normal,West,8503.0,25484.0,1524.0,43.5,38.02,50.0,29.36,358.21,27033.0,29603.0,1
2026-07-14 16:20:00,Normal,South,8234.0,22169.0,1147.0,33.94,36.85,99.11,28.0,331.13,24660.0,35740.0,1
2026-07-14 16:30:00,Flash Sale,South,20008.0,55088.0,2744.0,70.43,48.3,134.59,37.26,655.85,64878.0,65703.0,1
2026-07-14 16:40:00,Sale,North,13555.0,37985.0,2405.0,47.47,41.85,88.79,35.02,456.86,41496.0,45806.0,1
2026-07-14 16:50:00,Normal,North,8310.0,22110.0,1264.0,38.62,33.85,50.0,29.13,313.81,24027.0,30767.0,1
2026-07-14 17:00:00,Normal,South,8497.0,23479.0,1490.0,36.9,31.76,50.0,25.75,316.87,27723.0,31653.0,1
2026-07-14 17:10:00,Normal,South,7831.0,23179.0,1266.0,39.51,36.96,72.49,27.88,326.14,27523.0,28937.0,1
2026-07-14 17:20:00,Normal,South,8617.0,22886.0,1329.0,36.51,32.16,50.0,30.09,320.57,23029.0,31225.0,1
2026-07-14 17:30:00,Sale,North,12478.0,34939.0,1985.0,44.54,36.1,92.39,34.91,426.77,39030.0,43934.0,1
2026-07-14 17:40:00,Sale,South,13194.0,38626.0,1980.0,49.75,40.38,51.17,29.04,467.58,41238.0,40286.0,1
2026-07-14 17:50:00,Normal,West,8268.0,21923.0,1187.0,42.8,36.97,86.9,30.62,262.93,24584.0,31500.0,1
2026-07-14 18:00:00,Sale,North,12967.0,38864.0,1861.0,52.9,47.57,108.03,34.21,499.39,49100.0,42755.0,0
2026-07-14 18:10:00,Normal,North,7298.0,20530.0,1190.0,30.3,38.12,50.0,28.16,302.74,23731.0,29845.0,1
2026-07-14 18:20:00,Sale,South,11468.0,31770.0,1892.0,49.39,43.42,81.58,30.23,350.03,42458.0,35374.0,0
2026-07-14 18:30:00,Normal,West,7567.0,18452.0,1124.0,30.12,36.42,59.12,26.85,294.35,21072.0,27259.0,1
2026-07-14 18:40:00,Sale,South,11514.0,31465.0,1856.0,47.72,40.11,50.0,32.34,403.32,34717.0,39902.0,1
2026-07-14 18:50:00,Sale,West,11515.0,33012.0,1790.0,48.27,47.07,114.57,35.64,396.7,36908.0,38841.0,1
2026-07-14 19:00:00,Normal,South,7764.0,24177.0,1555.0,41.02,32.49,65.27,33.91,306.14,27424.0,33347.0,1
2026-07-14 19:10:00,Sale,North,11550.0,33521.0,2023.0,53.91,38.49,56.14,29.0,408.0,38625.0,47127.0,1
2026-07-14 19:20:00,Flash Sale,South,17275.0,51871.0,3285.0,58.78,45.15,86.7,35.85,585.42,52950.0,74110.0,1
2026-07-14 19:30:00,Normal,North,7259.0,18747.0,1194.0,36.38,37.24,65.92,22.54,257.54,20559.0,23767.0,1
2026-07-14 19:40:00,Normal,West,7154.0,19869.0,1078.0,39.93,32.02,50.0,29.7,331.2,20814.0,31323.0,1
2026-07-14 19:50:00,Sale,North,12377.0,37376.0,2143.0,47.2,43.37,94.29,35.02,473.04,45709.0,44523.0,1
2026-07-14 20:00:00,Normal,North,6632.0,17511.0,1044.0,29.9,35.87,50.0,33.57,316.01,16240.0,20317.0,1
2026-07-14 20:10:00,Normal,South,6339.0,18850.0,907.0,32.87,37.04,50.0,23.79,284.15,21408.0,23941.0,1
2026-07-14 20:20:00,Normal,South,7398.0,21691.0,1046.0,37.74,37.98,60.44,26.51,321.39,21001.0,31518.0,1
2026-07-14 20:30:00,Sale,South,10742.0,30609.0,1445.0,38.38,43.33,62.4,32.17,374.07,35605.0,35439.0,1
2026-07-14 20:40:00,Normal,South,8019.0,21980.0,1195.0,38.89,35.55,50.0,24.98,305.6,23741.0,24296.0,1
2026-07-14 20:50:00,Normal,West,6737.0,17667.0,936.0,27.38,35.77,98.29,29.4,264.63,16578.0,26073.0,1
2026-07-14 21:00:00,Sale,West,10571.0,32977.0,1530.0,51.2,37.33,94.28,34.12,435.27,40041.0,39806.0,1
2026-07-14 21:10:00,Normal,West,7088.0,20653.0,1154.0,37.61,32.33,68.61,25.7,295.29,17934.0,26752.0,1
2026-07-14 21:20:00,Sale,South,9887.0,28291.0,1540.0,49.7,43.2,130.25,31.62,381.69,31597.0,35131.0,1
2026-07-14 21:30:00,Normal,South,6176.0,16833.0,1045.0,34.98,31.46,50.0,25.07,266.22,20016.0,26321.0,1
2026-07-14 21:40:00,Sale,South,10519.0,29524.0,1980.0,41.88,40.26,67.95,35.62,377.67,37131.0,32778.0,0
2026-07-14 21:50:00,Sale,South,10435.0,29529.0,1705.0,39.9,39.93,50.0,32.12,375.14,28317.0,32522.0,1
2026-07-14 22:00:00,Normal,North,5420.0,15565.0,791.0,32.19,36.97,50.0,26.5,228.93,16630.0,18834.0,1
2026-07-14 22:10:00,Sale,South,8930.0,26183.0,1542.0,40.13,32.19,50.0,27.05,378.89,32162.0,30795.0,1
2026-07-14 22:20:00,Normal,North,4857.0,12915.0,711.0,33.72,35.19,50.0,29.01,211.59,15952.0,16934.0,1
2026-07-14 22:30:00,Normal,North,6423.0,16288.0,872.0,28.13,33.53,50.0,32.66,261.1,20329.0,20147.0,1
2026-07-14 22:40:00,Normal,West,5994.0,16874.0,841.0,40.43,32.11,59.69,26.4,254.83,23222.0,24276.0,1
2026-07-14 22:50:00,Sale,North,9413.0,23395.0,1222.0,42.99,35.44,50.39,28.83,350.52,25013.0,25403.0,1
2026-07-14 23:00:00,Normal,South,4917.0,13481.0,727.0,28.64,35.83,50.0,25.71,175.1,15600.0,16550.0,1
2026-07-14 23:10:00,Normal,South,5214.0,14120.0,845.0,37.19,35.14,50.0,32.77,238.77,15326.0,17163.0,1
2026-07-14 23:20:00,Normal,North,5524.0,15955.0,926.0,28.43,33.2,69.75,22.78,218.18,14718.0,22041.0,1
2026-07-14 23:30:00,Normal,West,5426.0,17130.0,1130.0,33.38,30.58,67.92,32.63,271.07,19032.0,22157.0,1
2026-07-14 23:40:00,Normal,North,5821.0,14262.0,842.0,25.02,29.79,50.0,27.01,228.96,13130.0,18926.0,1
2026-07-14 23:50:00,Normal,West,6054.0,19430.0,1118.0,41.9,37.06,50.0,29.06,247.34,20750.0,22915.0,1
2026-07-15 00:00:00,Normal,West,6619.0,18256.0,971.0,26.93,30.56,63.26,27.99,281.0,17767.0,23535.0,1
2026-07-15 00:10:00,Normal,North,5474.0,15671.0,764.0,25.56,33.13,50.0,29.17,252.32,18239.0,24702.0,1
2026-07-15 00:20:00,Sale,North,9059.0,23057.0,1189.0,35.06,44.11,50.0,27.88,314.79,24029.0,26875.0,1
2026-07-15 00:30:00,Normal,North,5069.0,15104.0,767.0,36.13,34.67,50.0,31.5,238.43,14220.0,19089.0,1
2026-07-15 00:40:00,Sale,South,7663.0,21515.0,853.0,40.11,37.76,77.79,33.03,309.19,25959.0,26467.0,1
2026-07-15 00:50:00,Normal,North,5308.0,14805.0,725.0,31.07,30.0,50.0,25.31,267.5,15687.0,16390.0,1
2026-07-15 01:00:00,Normal,West,4511.0,11057.0,714.0,31.47,28.19,50.0,29.43,192.71,11906.0,15390.0,1
2026-07-15 01:10:00,Normal,North,5317.0,14958.0,856.0,30.25,35.62,50.0,27.22,264.91,15291.0,16760.0,1
2026-07-15 01:20:00,Normal,West,4919.0,14523.0,766.0,32.03,32.24,50.0,28.35,234.3,17935.0,17915.0,1
2026-07-15 01:30:00,Normal,North,4332.0,11947.0,686.0,34.76,35.7,53.66,32.2,241.86,13704.0,17744.0,1
2026-07-15 01:40:00,Sale,West,9098.0,27397.0,1186.0,40.3,38.02,53.7,29.01,358.09,29005.0,33789.0,1
2026-07-15 01:50:00,Normal,North,5041.0,15142.0,858.0,27.81,43.97,50.0,31.11,224.77,14061.0,20053.0,1
2026-07-15 02:00:00,Sale,South,7319.0,19648.0,1231.0,36.58,33.46,50.0,30.69,259.04,26938.0,27253.0,1
2026-07-15 02:10:00,Sale,South,8587.0,26508.0,1439.0,43.49,38.45,81.46,30.25,354.23,34936.0,30291.0,0
2026-07-15 02:20:00,Normal,North,4886.0,13720.0,609.0,30.1,30.42,50.0,29.12,207.37,17346.0,18944.0,1
2026-07-15 02:30:00,Normal,West,5795.0,16278.0,855.0,35.85,37.09,50.0,29.33,287.89,17087.0,20695.0,1
2026-07-15 02:40:00,Normal,North,4883.0,13760.0,862.0,28.89,34.44,50.0,24.55,205.82,14722.0,17353.0,1
2026-07-15 02:50:00,Normal,South,4980.0,14005.0,792.0,30.41,30.32,50.0,26.26,212.8,16247.0,17360.0,1
2026-07-15 03:00:00,Normal,South,5482.0,12754.0,593.0,30.34,31.81,50.0,24.67,232.07,13145.0,18214.0,1
2026-07-15 03:10:00,Sale,South,8527.0,23590.0,1633.0,39.2,40.67,76.87,29.36,355.54,24086.0,30491.0,1
2026-07-15 03:20:00,Sale,North,8614.0,22005.0,1045.0,43.16,39.76,50.0,33.88,328.32,27855.0,24268.0,0
2026-07-15 03:30:00,Normal,North,5265.0,16283.0,872.0,33.32,29.76,50.0,30.33,279.29,18147.0,23928.0,1
2026-07-15 03:40:00,Sale,North,8494.0,26209.0,1278.0,39.06,36.08,51.8,26.47,350.08,26419.0,33488.0,1
2026-07-15 03:50:00,Sale,North,8603.0,25407.0,1239.0,41.71,42.66,87.84,29.77,342.42,30876.0,28820.0,1
2026-07-15 04:00:00,Normal,North,5585.0,15398.0,805.0,35.12,33.19,74.14,29.09,294.27,16362.0,21417.0,1
2026-07-15 04:10:00,Sale,West,8430.0,22073.0,1298.0,39.86,36.58,50.0,32.09,352.99,20353.0,26862.0,1
2026-07-15 04:20:00,Sale,South,7778.0,20858.0,1309.0,38.6,38.68,50.0,27.64,316.44,20994.0,27641.0,1
2026-07-15 04:30:00,Sale,South,8800.0,27719.0,1460.0,35.57,34.01,87.58,27.39,394.85,29613.0,34815.0,1
2026-07-15 04:40:00,Flash Sale,South,12910.0,34538.0,1690.0,37.39,37.57,50.0,32.43,456.85,39443.0,44048.0,1
2026-07-15 04:50:00,Normal,North,5278.0,12540.0,726.0,33.76,31.72,50.0,29.47,185.25,14260.0,17591.0,1
2026-07-15 05:00:00,Normal,South,6401.0,19111.0,1109.0,36.0,38.6,50.0,29.91,280.12,23751.0,26102.0,1
2026-07-15 05:10:00,Sale,North,8218.0,25230.0,1424.0,39.36,40.19,87.85,27.9,379.72,27660.0,33402.0,1
2026-07-15 05:20:00,Normal,South,6585.0,20403.0,1156.0,38.12,37.6,79.76,34.75,312.04,21902.0,23914.0,1
2026-07-15 05:30:00,Normal,South,5751.0,17179.0,933.0,40.31,33.9,50.0,28.48,260.2,21379.0,27735.0,1
2026-07-15 05:40:00,Flash Sale,South,13701.0,41325.0,2297.0,58.78,46.15,95.11,34.67,540.97,50329.0,39799.0,0
2026-07-15 05:50:00,Normal,West,5565.0,15635.0,843.0,35.14,33.31,50.0,26.45,255.58,17178.0,20331.0,1
2026-07-15 06:00:00,Normal,North,5291.0,12839.0,789.0,25.37,34.53,50.0,31.14,237.27,14754.0,19647.0,1
2026-07-15 06:10:00,Sale,South,9424.0,26434.0,1807.0,37.44,40.29,73.59,32.53,363.71,28350.0,31394.0,1
2026-07-15 06:20:00,Normal,North,6292.0,18323.0,1027.0,24.03,39.8,,29.97,286.76,18392.0,23150.0,1
2026-07-15 06:30:00,Normal,South,6463.0,17939.0,986.0,35.78,34.41,50.0,25.49,284.71,24034.0,27410.0,1
2026-07-15 06:40:00,Flash Sale,West,14295.0,39560.0,2237.0,56.06,41.06,110.96,36.99,518.09,42163.0,55654.0,1
2026-07-15 06:50:00,Normal,,5029.0,13208.0,674.0,33.99,36.81,66.94,30.18,257.83,15182.0,17693.0,1
2026-07-15 07:00:00,Normal,South,5776.0,15132.0,902.0,33.56,37.71,50.0,31.37,230.04,14655.0,21718.0,1
2026-07-15 07:10:00,Normal,South,7573.0,23710.0,1367.0,37.54,34.97,55.11,30.33,335.99,28302.0,30247.0,1
2026-07-15 07:20:00,Sale,North,9602.0,30124.0,1581.0,41.35,35.53,50.0,31.4,423.02,30107.0,37780.0,1
2026-07-15 07:30:00,Normal,West,7261.0,20326.0,1228.0,31.98,39.07,84.36,28.93,289.97,26176.0,24371.0,1
2026-07-15 07:40:00,Normal,South,6080.0,17332.0,955.0,32.08,29.44,50.52,35.65,230.6,22527.0,22854.0,1
2026-07-15 07:50:00,Normal,West,6456.0,16937.0,833.0,28.48,29.15,50.0,27.1,236.65,19927.0,22820.0,1
2026-07-15 08:00:00,Normal,South,7313.0,21321.0,1218.0,43.15,34.96,50.0,26.13,282.22,24125.0,28144.0,1
2026-07-15 08:10:00,Sale,West,10440.0,32538.0,1836.0,40.45,39.7,80.6,31.04,403.93,35833.0,36882.0,1
2026-07-15 08:20:00,Normal,North,7796.0,19683.0,1196.0,33.94,31.71,62.6,27.73,268.18,21952.0,28955.0,1
2026-07-15 08:30:00,Flash Sale,South,16488.0,47543.0,2852.0,50.67,45.31,126.98,39.24,591.16,55193.0,56770.0,1
2026-07-15 08:40:00,Normal,West,7230.0,20947.0,1138.0,36.99,36.13,86.35,25.54,292.55,23648.0,25960.0,1
2026-07-15 08:50:00,Normal,South,6866.0,19877.0,1037.0,34.89,33.52,50.0,27.69,320.3,24214.0,27869.0,1
2026-07-15 09:00:00,Sale,South,11881.0,36781.0,2023.0,47.84,46.97,124.77,33.66,429.56,37817.0,47613.0,1
2026-07-15 09:10:00,Normal,West,8242.0,26099.0,1492.0,36.45,38.42,83.86,34.55,342.16,33219.0,33869.0,1
2026-07-15 09:20:00,Normal,South,7387.0,20374.0,1180.0,35.33,38.52,50.0,31.62,296.35,21958.0,26919.0,1
2026-07-15 09:30:00,Sale,West,12417.0,36272.0,2061.0,46.65,36.33,50.0,37.84,472.99,37919.0,42311.0,1
2026-07-15 09:40:00,Normal,South,7147.0,20120.0,1096.0,34.55,30.65,50.0,30.46,319.79,23264.0,27500.0,1
2026-07-15 09:50:00,Sale,West,11934.0,32058.0,1955.0,53.08,40.6,109.49,31.44,397.12,37272.0,47026.0,1
2026-07-15 10:00:00,Flash Sale,West,18751.0,53416.0,2722.0,64.09,52.26,98.13,39.32,649.0,50550.0,63793.0,1
2026-07-15 10:10:00,Normal,South,7341.0,21441.0,1498.0,38.36,32.47,50.0,25.62,262.37,22983.0,26506.0,1
2026-07-15 10:20:00,Normal,North,7982.0,22661.0,1350.0,35.4,36.36,53.98,24.86,338.39,20458.0,29341.0,1
2026-07-15 10:30:00,Normal,North,7879.0,20811.0,1004.0,32.55,31.58,69.34,32.51,264.58,21902.0,27125.0,1
2026-07-15 10:40:00,Normal,South,7448.0,20234.0,1135.0,35.11,32.93,50.0,30.08,303.51,21382.0,29068.0,1
2026-07-15 10:50:00,Normal,West,8054.0,21890.0,1305.0,46.62,36.24,50.0,32.71,337.13,25168.0,30378.0,1
2026-07-15 11:00:00,Sale,South,12841.0,34008.0,1799.0,45.76,38.42,89.07,29.92,452.26,35410.0,37165.0,1
2026-07-15 11:10:00,Normal,North,8201.0,23426.0,1078.0,39.36,32.28,50.0,34.01,283.28,24946.0,33887.0,1
2026-07-15 11:20:00,Sale,North,12734.0,36613.0,1785.0,45.81,36.83,50.0,35.07,444.95,45780.0,46970.0,1
2026-07-15 11:30:00,Normal,South,8192.0,24383.0,1420.0,27.7,30.88,99.65,30.27,351.76,32342.0,30882.0,1
2026-07-15 11:40:00,Normal,West,8054.0,21307.0,948.0,32.95,36.89,70.05,30.31,320.28,21901.0,25694.0,1
2026-07-15 11:50:00,Normal,North,8307.0,22397.0,1037.0,46.56,37.63,96.36,30.97,320.87,27368.0,31054.0,1
2026-07-15 12:00:00,Sale,South,12877.0,39659.0,2309.0,54.09,43.66,109.1,31.15,431.55,45956.0,48357.0,1
2026-07-15 12:10:00,Normal,West,9844.0,27272.0,1464.0,47.74,34.82,77.01,29.84,392.67,25802.0,31768.0,1
2026-07-15 12:20:00,Normal,West,7811.0,21913.0,1114.0,35.24,38.69,57.45,30.81,343.53,22809.0,30131.0,1
2026-07-15 12:30:00,Sale,North,12907.0,35732.0,1859.0,38.94,42.63,73.96,31.59,451.41,29201.0,53951.0,1
2026-07-15 12:40:00,Sale,West,12946.0,38890.0,1796.0,46.62,41.63,98.36,29.15,484.61,44815.0,53064.0,1
2026-07-15 12:50:00,Normal,South,9536.0,28712.0,1663.0,43.99,37.58,50.0,32.2,389.69,29065.0,40434.0,1
2026-07-15 13:00:00,Sale,West,12810.0,38435.0,1928.0,51.62,39.5,57.83,35.96,510.86,43562.0,42920.0,1
2026-07-15 13:10:00,Normal,North,8903.0,24972.0,1293.0,39.18,37.32,50.0,33.7,345.98,34389.0,29667.0,0
2026-07-15 13:20:00,Normal,South,8815.0,23297.0,1330.0,35.68,41.01,83.54,31.72,318.19,29804.0,31925.0,1
2026-07-15 13:30:00,Normal,South,8857.0,27869.0,1490.0,45.45,41.17,50.0,33.59,378.23,29076.0,37677.0,1
2026-07-15 13:40:00,Normal,North,9309.0,27499.0,1396.0,39.37,36.86,50.0,34.01,364.71,28025.0,32910.0,1
2026-07-15 13:50:00,Normal,South,9298.0,25271.0,1088.0,40.71,38.46,70.38,30.8,342.72,31571.0,35631.0,1
2026-07-15 14:00:00,Sale,South,13337.0,40762.0,2332.0,53.43,38.96,79.3,27.61,453.47,41557.0,47877.0,1
2026-07-15 14:10:00,Normal,South,8847.0,23919.0,1327.0,36.86,38.56,64.76,33.74,342.26,29160.0,31770.0,1
2026-07-15 14:20:00,Sale,North,12630.0,38572.0,2002.0,47.26,39.01,109.61,30.81,505.01,53754.0,46347.0,0
2026-07-15 14:30:00,Sale,South,13612.0,41736.0,2036.0,51.77,44.68,103.36,30.79,532.87,49563.0,47731.0,1
2026-07-15 14:40:00,Sale,North,13166.0,34680.0,1910.0,54.97,49.05,60.49,29.32,460.57,42947.0,46453.0,1
2026-07-15 14:50:00,Sale,West,13469.0,39125.0,2265.0,55.71,39.98,118.15,41.06,479.92,47998.0,50141.0,1
2026-07-15 15:00:00,Sale,West,12627.0,37135.0,2064.0,53.65,49.77,100.25,34.49,464.99,39522.0,58061.0,1
2026-07-15 15:10:00,Flash Sale,North,20625.0,67457.0,4373.0,72.19,53.08,149.08,36.72,799.18,77510.0,72131.0,1
2026-07-15 15:20:00,Normal,North,7842.0,20910.0,1238.0,30.02,33.07,50.0,27.55,320.78,21419.0,26465.0,1
2026-07-15 15:30:00,Normal,North,8765.0,26801.0,1457.0,45.17,34.99,68.31,30.89,395.17,33474.0,33863.0,1
2026-07-15 15:40:00,Normal,South,8077.0,22641.0,1346.0,40.86,43.02,50.0,31.61,299.59,22901.0,29509.0,1
2026-07-15 15:50:00,Sale,West,13045.0,33612.0,1858.0,47.12,41.24,50.0,33.23,409.14,40001.0,39209.0,1
2026-07-15 16:00:00,Normal,South,9093.0,25264.0,1396.0,37.99,35.14,74.33,27.77,334.32,31155.0,36896.0,1
2026-07-15 16:10:00,Sale,North,13493.0,37787.0,2372.0,44.26,40.61,100.4,34.26,444.29,40463.0,42664.0,1
2026-07-15 16:20:00,Normal,North,9090.0,23720.0,1177.0,41.63,37.59,50.0,28.38,294.16,24856.0,33773.0,1
2026-07-15 16:30:00,Sale,North,13979.0,39927.0,2202.0,56.68,41.95,100.61,36.92,500.98,44040.0,46234.0,1
2026-07-15 16:40:00,Normal,West,8129.0,24163.0,1501.0,35.82,37.49,97.07,30.48,341.64,24906.0,30335.0,1
2026-07-15 16:50:00,Normal,South,9265.0,26339.0,1497.0,37.34,42.54,50.0,28.52,359.55,29912.0,33501.0,1
2026-07-15 17:00:00,Normal,South,7505.0,20281.0,1071.0,40.2,31.71,50.0,31.53,301.66,20855.0,25782.0,1
2026-07-15 17:10:00,Normal,North,8610.0,23879.0,1069.0,35.73,38.29,50.0,31.4,292.2,24728.0,29780.0,1
2026-07-15 17:20:00,Normal,West,7991.0,22368.0,926.0,44.13,35.61,90.72,28.5,301.67,26275.0,30036.0,1
2026-07-15 17:30:00,Normal,North,7772.0,22066.0,1489.0,36.32,34.23,76.57,32.04,303.33,26077.0,31459.0,1
2026-07-15 17:40:00,Normal,West,8545.0,25632.0,1457.0,38.24,40.19,50.0,32.53,347.53,27956.0,30837.0,1
2026-07-15 17:50:00,Normal,West,8710.0,24814.0,1278.0,39.27,32.3,63.14,34.06,301.65,23706.0,30960.0,1
2026-07-15 18:00:00,Normal,South,8333.0,21228.0,1212.0,34.5,28.33,104.27,31.8,279.08,26260.0,26122.0,1
2026-07-15 18:10:00,Normal,West,7982.0,21543.0,1062.0,40.82,36.21,50.0,29.1,294.52,23162.0,27493.0,1
2026-07-15 18:20:00,Normal,North,7941.0,22472.0,1191.0,40.64,35.45,50.0,24.87,341.18,29803.0,28242.0,1
2026-07-15 18:30:00,Normal,South,8138.0,24434.0,1206.0,43.12,,66.59,30.94,340.89,27043.0,32860.0,1
2026-07-15 18:40:00,Normal,North,8027.0,24350.0,1133.0,39.44,31.39,50.0,31.38,359.04,27603.0,32088.0,1
2026-07-15 18:50:00,Normal,South,8146.0,25410.0,1077.0,37.77,42.69,99.98,30.74,341.04,27362.0,35694.0,1
2026-07-15 19:00:00,Normal,North,7555.0,21331.0,969.0,36.1,36.86,50.0,20.66,303.34,24410.0,28578.0,1
2026-07-15 19:10:00,Sale,North,11973.0,35171.0,2150.0,46.19,40.37,50.0,34.77,454.18,51619.0,42608.0,0
2026-07-15 19:20:00,Flash Sale,North,16701.0,42390.0,2080.0,59.9,49.42,80.13,31.59,509.47,45997.0,57527.0,1
2026-07-15 19:30:00,Sale,North,11486.0,33051.0,1924.0,50.1,42.63,89.04,34.33,404.89,41235.0,38119.0,1
2026-07-15 19:40:00,Normal,South,6761.0,17622.0,1070.0,32.61,39.48,50.0,33.98,228.98,19897.0,25973.0,1
2026-07-15 19:50:00,Sale,South,11690.0,32602.0,1796.0,42.01,35.87,79.28,31.41,401.07,40340.0,39611.0,1
2026-07-15 20:00:00,Normal,North,7821.0,26164.0,1392.0,46.4,33.51,71.62,32.07,372.54,24249.0,31896.0,1
2026-07-15 20:10:00,Sale,West,10613.0,30296.0,1690.0,44.3,40.45,50.0,31.76,424.48,39824.0,39014.0,1
2026-07-15 20:20:00,Sale,West,10914.0,28861.0,1515.0,42.01,39.34,50.0,32.93,359.28,33309.0,37320.0,1
2026-07-15 20:30:00,Sale,North,11228.0,32263.0,2008.0,51.62,43.04,79.7,32.41,369.29,35271.0,41864.0,1
2026-07-15 20:40:00,Sale,South,9816.0,26572.0,1761.0,38.55,32.41,76.02,29.29,378.88,32160.0,33183.0,1
2026-07-15 20:50:00,Normal,South,6739.0,17704.0,1128.0,31.77,36.31,50.0,26.18,268.77,20083.0,27175.0,1
2026-07-15 21:00:00,Sale,West,10330.0,32835.0,1382.0,44.99,42.46,76.03,37.0,384.68,33006.0,41665.0,1
2026-07-15 21:10:00,Sale,South,8699.0,26029.0,1363.0,34.86,39.92,50.17,32.04,272.52,22845.0,34420.0,1
2026-07-15 21:20:00,Normal,West,6059.0,17341.0,954.0,34.0,32.85,56.35,31.31,239.33,22589.0,26179.0,1
2026-07-15 21:30:00,Sale,North,10698.0,29201.0,1687.0,39.77,39.78,77.23,32.62,370.44,32054.0,33292.0,1
2026-07-15 21:40:00,Normal,North,7049.0,19342.0,863.0,32.16,32.44,50.0,32.18,254.63,20477.0,30184.0,1
2026-07-15 21:50:00,Flash Sale,West,15573.0,47927.0,2135.0,55.92,43.9,117.4,32.86,586.57,51114.0,59313.0,1
2026-07-15 22:00:00,Sale,South,9935.0,28366.0,1783.0,39.76,34.8,52.09,31.49,353.34,35924.0,33652.0,1
2026-07-15 22:10:00,Normal,West,6233.0,13993.0,723.0,26.54,30.62,50.0,29.59,230.24,14986.0,20221.0,1
2026-07-15 22:20:00,Sale,North,9771.0,31618.0,1457.0,45.86,38.34,81.34,35.83,465.52,37450.0,37036.0,1
2026-07-15 22:30:00,Normal,North,5967.0,16905.0,818.0,31.75,32.44,96.47,36.74,261.98,18368.0,23578.0,1
2026-07-15 22:40:00,Sale,North,9552.0,27335.0,1567.0,41.43,35.29,51.73,32.24,360.46,27185.0,31351.0,1
2026-07-15 22:50:00,Sale,North,9178.0,27492.0,1376.0,50.78,33.72,56.95,29.07,362.6,33269.0,32431.0,1
2026-07-15 23:00:00,Sale,North,9564.0,27580.0,1557.0,40.82,43.54,50.0,27.48,382.52,33931.0,35748.0,1
2026-07-15 23:10:00,Sale,South,9693.0,28443.0,1397.0,44.6,36.45,50.0,28.54,388.06,29924.0,35094.0,1
2026-07-15 23:20:00,Normal,South,6453.0,17575.0,783.0,35.81,35.14,50.0,26.54,240.66,19618.0,20288.0,1
2026-07-15 23:30:00,Normal,South,5559.0,14333.0,911.0,29.93,27.74,50.0,19.45,223.05,16192.0,16635.0,1
2026-07-15 23:40:00,Normal,South,5286.0,15067.0,865.0,31.9,37.35,51.58,26.29,223.98,17545.0,23320.0,1
2026-07-15 23:50:00,Normal,North,6401.0,19572.0,1037.0,34.72,35.35,50.45,31.46,278.66,25779.0,25251.0,1
2026-07-16 00:00:00,Normal,West,5756.0,15447.0,801.0,31.94,32.07,50.0,28.62,290.13,16800.0,20020.0,1
2026-07-16 00:10:00,Normal,North,5649.0,15076.0,962.0,28.47,31.97,50.0,27.54,256.2,16388.0,21005.0,1
2026-07-16 00:20:00,Normal,West,5168.0,15605.0,914.0,29.29,36.07,50.0,23.57,244.06,17204.0,20347.0,1
2026-07-16 00:30:00,Normal,North,5697.0,15483.0,958.0,31.23,24.56,50.0,31.56,275.95,15883.0,20856.0,1
2026-07-16 00:40:00,Sale,South,7958.0,21695.0,1117.0,28.55,33.12,50.0,31.31,311.66,20562.0,28442.0,1
2026-07-16 00:50:00,Normal,West,5801.0,15855.0,877.0,37.46,33.19,68.83,28.45,207.59,17969.0,23864.0,1
2026-07-16 01:00:00,Sale,South,8919.0,24870.0,1428.0,47.78,36.31,100.64,23.86,380.3,29166.0,30778.0,1
2026-07-16 01:10:00,Normal,South,6125.0,15415.0,797.0,31.78,40.91,50.0,26.92,240.24,17269.0,20295.0,1
2026-07-16 01:20:00,Normal,,5664.0,15309.0,833.0,33.67,32.35,50.0,29.67,186.69,17050.0,18268.0,1
2026-07-16 01:30:00,Normal,North,4619.0,13124.0,676.0,33.48,35.56,50.0,27.8,181.25,13519.0,17296.0,1
2026-07-16 01:40:00,Normal,West,5408.0,15361.0,882.0,25.76,38.81,50.0,28.96,271.8,17592.0,22408.0,1
2026-07-16 01:50:00,Normal,West,6379.0,19192.0,903.0,38.03,36.73,50.0,31.28,242.34,21821.0,24553.0,1
2026-07-16 02:00:00,Normal,West,4816.0,15078.0,881.0,29.11,31.26,58.74,28.78,274.51,17604.0,17637.0,1
2026-07-16 02:10:00,Normal,South,5220.0,16038.0,912.0,40.8,29.76,50.0,30.48,252.41,18482.0,19940.0,1
2026-07-16 02:20:00,Normal,South,5957.0,17660.0,950.0,32.26,36.42,64.7,26.35,284.44,20474.0,25891.0,1
2026-07-16 02:30:00,Sale,West,8446.0,23423.0,1351.0,41.54,41.13,50.0,26.48,317.81,29323.0,28459.0,1
2026-07-16 02:40:00,Normal,South,6490.0,17444.0,921.0,32.11,35.74,50.0,30.27,277.53,20536.0,23191.0,1
2026-07-16 02:50:00,Sale,North,7771.0,21784.0,1111.0,45.3,39.32,58.8,31.84,315.75,25445.0,25618.0,1
2026-07-16 03:00:00,Normal,North,4815.0,13989.0,815.0,27.84,40.67,50.0,29.63,228.92,13230.0,24091.0,1
2026-07-16 03:10:00,Flash Sale,North,13090.0,38588.0,2258.0,55.46,44.02,111.26,33.88,449.24,47283.0,45505.0,1
2026-07-16 03:20:00,Sale,South,7632.0,22226.0,1155.0,39.4,32.48,50.0,28.92,321.22,24231.0,30542.0,1
2026-07-16 03:30:00,Flash Sale,North,12379.0,34392.0,1769.0,48.85,40.19,63.95,33.2,388.49,38791.0,45788.0,1
2026-07-16 03:40:00,Sale,North,8197.0,24113.0,1300.0,39.41,40.55,50.0,31.44,354.42,23937.0,29043.0,1
2026-07-16 03:50:00,Normal,North,5828.0,17640.0,912.0,30.33,33.43,50.0,30.2,271.32,23443.0,24719.0,1
2026-07-16 04:00:00,Sale,West,8808.0,26058.0,1672.0,29.81,41.64,63.85,38.55,362.18,22738.0,31689.0,1
2026-07-16 04:10:00,Normal,North,5713.0,15963.0,908.0,35.87,33.39,,25.75,184.21,20255.0,23984.0,1
2026-07-16 04:20:00,Sale,North,8300.0,21993.0,1212.0,34.74,36.7,64.38,39.52,281.79,25568.0,29124.0,1
2026-07-16 04:30:00,Sale,South,9108.0,24098.0,1191.0,43.16,35.38,71.89,26.53,318.33,22398.0,30999.0,1
2026-07-16 04:40:00,Normal,North,7497.0,20073.0,1193.0,36.47,35.5,50.0,30.57,307.58,26570.0,27002.0,1
2026-07-16 04:50:00,Sale,West,8847.0,25180.0,1292.0,44.2,37.45,108.11,26.96,318.23,29495.0,28332.0,1
2026-07-16 05:00:00,Normal,West,5812.0,16819.0,859.0,35.5,29.06,71.68,29.62,321.89,14870.0,22609.0,1
2026-07-16 05:10:00,Sale,South,8283.0,21084.0,1257.0,26.06,34.05,50.0,32.58,294.25,22723.0,29073.0,1
2026-07-16 05:20:00,Sale,South,8613.0,23336.0,1338.0,40.29,32.47,50.0,30.23,297.96,27383.0,29155.0,1
2026-07-16 05:30:00,Normal,South,5656.0,16084.0,643.0,30.3,32.41,50.0,31.46,246.17,20769.0,24007.0,1
2026-07-16 05:40:00,Sale,North,8665.0,22858.0,1236.0,42.09,33.61,59.37,28.76,294.81,24665.0,28892.0,1
2026-07-16 05:50:00,Sale,North,8924.0,25684.0,1432.0,42.2,40.02,50.0,24.5,317.23,21968.0,31368.0,1
2026-07-16 06:00:00,Normal,North,7014.0,19251.0,1020.0,36.78,37.81,50.0,31.12,307.79,24370.0,23912.0,1
2026-07-16 06:10:00,Normal,North,6749.0,18017.0,1008.0,32.23,35.99,50.0,29.06,283.0,21077.0,24508.0,1
2026-07-16 06:20:00,Normal,South,6046.0,16986.0,750.0,28.79,30.14,50.0,27.3,272.76,15232.0,24210.0,1
2026-07-16 06:30:00,Sale,North,8890.0,25519.0,970.0,37.96,36.64,82.76,29.38,377.1,29455.0,31513.0,1
2026-07-16 06:40:00,Normal,,6794.0,17985.0,884.0,26.09,30.25,50.0,30.18,282.01,20950.0,24853.0,1
2026-07-16 06:50:00,Sale,South,9469.0,26100.0,1480.0,37.82,36.69,55.02,28.3,324.32,28385.0,32780.0,1
2026-07-16 07:00:00,Sale,South,9285.0,26779.0,955.0,34.91,39.31,65.87,32.02,375.5,27777.0,29251.0,1
2026-07-16 07:10:00,Normal,North,6903.0,18382.0,918.0,27.87,37.41,50.0,32.61,245.66,19467.0,21110.0,1
2026-07-16 07:20:00,Normal,North,7060.0,17661.0,768.0,33.48,35.6,50.0,35.07,254.66,19206.0,24234.0,1
2026-07-16 07:30:00,Sale,North,8935.0,22547.0,1207.0,39.3,39.67,71.86,34.17,314.32,26052.0,29529.0,1
2026-07-16 07:40:00,Sale,North,9736.0,26527.0,1771.0,40.42,38.06,66.02,31.32,351.59,31802.0,31040.0,1
2026-07-16 07:50:00,Normal,West,6492.0,16637.0,893.0,30.15,33.12,61.05,29.43,211.59,15060.0,23315.0,1
2026-07-16 08:00:00,Normal,West,7367.0,20167.0,1096.0,31.35,37.68,75.97,28.24,267.48,23103.0,26156.0,1
2026-07-16 08:10:00,Normal,South,6742.0,20899.0,1255.0,34.49,38.03,62.54,28.2,298.42,24426.0,30649.0,1
2026-07-16 08:20:00,Flash Sale,South,16034.0,40916.0,2256.0,49.49,40.75,72.18,36.62,483.9,46518.0,44932.0,1
2026-07-16 08:30:00,Normal,West,7364.0,20243.0,1087.0,34.96,36.22,50.0,28.53,320.59,21853.0,29729.0,1
2026-07-16 08:40:00,Sale,South,10616.0,33799.0,2047.0,40.64,38.95,122.64,33.53,460.43,42654.0,39688.0,1
2026-07-16 08:50:00,Normal,North,7271.0,20893.0,1208.0,38.56,29.29,53.82,26.71,270.92,26209.0,30277.0,1
2026-07-16 09:00:00,Sale,North,10996.0,30062.0,1705.0,41.28,39.84,70.66,35.72,392.11,32568.0,35311.0,1
2026-07-16 09:10:00,Normal,South,6777.0,18784.0,1017.0,35.47,30.69,50.0,28.17,317.4,20882.0,24850.0,1
2026-07-16 09:20:00,Normal,South,7831.0,22531.0,1192.0,40.7,36.87,50.0,33.22,311.95,26973.0,30982.0,1
2026-07-16 09:30:00,Sale,North,11678.0,36264.0,2194.0,50.14,36.09,97.69,30.87,442.46,45267.0,47813.0,1
2026-07-16 09:40:00,Sale,North,12013.0,32489.0,1721.0,48.81,37.21,71.85,29.88,436.4,33738.0,41642.0,1
2026-07-16 09:50:00,Normal,North,7187.0,19143.0,1194.0,26.0,33.4,50.0,33.2,274.57,19437.0,22274.0,1
2026-07-16 10:00:00,Normal,North,7477.0,19081.0,930.0,32.25,38.28,50.0,27.32,312.58,21894.0,26239.0,1
2026-07-16 10:10:00,Normal,South,8555.0,24114.0,1534.0,42.91,34.84,82.85,25.6,316.27,24298.0,28836.0,1
2026-07-16 10:20:00,Normal,South,7114.0,18118.0,1048.0,35.44,31.12,56.55,25.87,259.31,16768.0,23785.0,1
2026-07-16 10:30:00,Normal,South,8501.0,23092.0,1136.0,45.02,37.18,64.15,32.65,340.68,23969.0,33048.0,1
2026-07-16 10:40:00,Sale,North,12867.0,33922.0,1969.0,53.65,39.22,85.65,34.74,431.73,39407.0,34722.0,0
2026-07-16 10:50:00,Normal,North,8305.0,24860.0,1270.0,40.33,39.07,50.0,28.18,341.31,31705.0,35020.0,1
2026-07-16 11:00:00,Sale,West,12424.0,33651.0,1858.0,45.6,36.74,80.84,30.51,378.77,35304.0,42499.0,1
2026-07-16 11:10:00,Normal,South,7829.0,22481.0,1171.0,33.28,36.5,76.16,31.96,305.98,24899.0,29960.0,1
2026-07-16 11:20:00,Normal,North,8132.0,20423.0,1107.0,33.46,42.56,50.0,33.44,315.83,23191.0,28058.0,1
2026-07-16 11:30:00,Sale,North,12121.0,34224.0,2076.0,45.46,39.26,99.73,32.32,412.65,36111.0,39861.0,1
2026-07-16 11:40:00,Normal,West,7757.0,20039.0,1164.0,32.66,35.57,57.72,31.07,307.9,20986.0,28759.0,1
2026-07-16 11:50:00,Sale,West,13090.0,35650.0,1720.0,44.63,35.49,99.12,35.46,453.2,41122.0,38603.0,1
2026-07-16 12:00:00,Normal,West,8840.0,28271.0,1374.0,43.64,35.34,63.47,37.68,367.72,28278.0,38189.0,1
2026-07-16 12:10:00,Sale,South,12674.0,37615.0,2130.0,56.76,42.54,104.92,29.81,500.09,39242.0,44756.0,1
2026-07-16 12:20:00,Sale,South,13537.0,37591.0,2145.0,53.69,40.17,50.0,31.26,457.42,41341.0,50004.0,1
2026-07-16 12:30:00,Sale,South,13426.0,45324.0,2309.0,55.24,45.71,100.54,33.45,536.49,52225.0,46528.0,0
2026-07-16 12:40:00,Normal,North,9270.0,24430.0,1577.0,42.82,37.83,71.57,32.86,329.02,23660.0,30161.0,1
2026-07-16 12:50:00,Normal,South,8800.0,26486.0,1586.0,41.9,33.32,65.68,30.07,356.87,29318.0,31154.0,1
2026-07-16 13:00:00,Normal,South,9220.0,23272.0,1193.0,37.62,39.19,78.59,31.06,341.89,23060.0,33893.0,1
2026-07-16 13:10:00,Sale,North,13709.0,37782.0,1914.0,49.7,37.5,79.19,33.68,431.01,39731.0,51145.0,1
2026-07-16 13:20:00,Normal,West,9180.0,23478.0,1259.0,37.16,33.92,50.0,30.17,346.48,28147.0,30377.0,1
2026-07-16 13:30:00,Normal,South,8047.0,22904.0,1214.0,40.07,36.7,50.0,30.36,320.74,25483.0,28368.0,1
2026-07-16 13:40:00,Normal,North,8629.0,24250.0,1516.0,39.17,41.19,50.0,33.42,346.35,31207.0,29107.0,1
2026-07-16 13:50:00,Normal,North,8671.0,23798.0,1449.0,35.31,33.32,65.28,27.32,387.78,26482.0,32024.0,1
2026-07-16 14:00:00,Normal,West,8628.0,25855.0,1427.0,36.87,37.49,75.91,30.24,335.76,31460.0,28801.0,0
2026-07-16 14:10:00,Normal,West,8972.0,24206.0,1430.0,39.8,36.94,50.0,26.68,301.44,29034.0,32693.0,1
2026-07-16 14:20:00,Normal,South,9067.0,25922.0,1554.0,41.75,39.04,86.41,31.38,354.06,28998.0,37346.0,1
2026-07-16 14:30:00,Sale,West,13759.0,40556.0,2245.0,51.22,45.75,64.86,33.34,504.37,40087.0,46357.0,1
2026-07-16 14:40:00,Normal,West,8662.0,21940.0,1260.0,32.12,34.47,50.0,33.03,331.19,24342.0,25824.0,1
2026-07-16 14:50:00,Normal,West,8382.0,22341.0,1308.0,41.99,38.85,50.0,29.9,299.95,23831.0,33069.0,1
2026-07-16 15:00:00,Sale,West,14019.0,39388.0,2282.0,55.63,45.78,97.09,32.33,463.13,41864.0,47684.0,1
2026-07-16 15:10:00,Sale,South,13645.0,39754.0,2001.0,43.84,47.27,89.81,33.01,449.21,45143.0,47430.0,1
2026-07-16 15:20:00,Normal,West,8181.0,25000.0,1273.0,44.61,38.26,71.95,35.67,305.81,24376.0,34654.0,1
2026-07-16 15:30:00,Sale,South,13373.0,36925.0,1967.0,48.55,41.4,127.33,28.41,448.85,38130.0,47210.0,1
2026-07-16 15:40:00,Flash Sale,West,19551.0,53628.0,2722.0,64.34,45.35,127.93,34.92,623.37,54636.0,70472.0,1
2026-07-16 15:50:00,Normal,North,8708.0,23015.0,1062.0,42.12,31.68,50.0,30.17,371.78,25191.0,30375.0,1
2026-07-16 16:00:00,Sale,West,13100.0,37458.0,2212.0,56.45,40.28,93.93,31.33,422.26,39075.0,45012.0,1
2026-07-16 16:10:00,Sale,West,12912.0,35463.0,2024.0,52.15,40.75,126.65,34.27,453.01,37227.0,44689.0,1
2026-07-16 16:20:00,Normal,North,9308.0,25603.0,1202.0,40.73,36.63,72.73,30.46,327.88,29022.0,32330.0,1
2026-07-16 16:30:00,Normal,West,7937.0,22091.0,1183.0,31.27,37.52,72.24,30.63,316.48,23757.0,31690.0,1
2026-07-16 16:40:00,Sale,South,13552.0,39292.0,2118.0,43.29,37.39,50.0,34.0,469.09,44026.0,52191.0,1
2026-07-16 16:50:00,Flash Sale,North,21105.0,56952.0,3195.0,69.92,47.39,134.97,37.22,685.41,57432.0,65433.0,1
2026-07-16 17:00:00,Normal,North,8776.0,23353.0,1133.0,43.22,42.16,50.0,26.27,349.26,24221.0,29455.0,1
2026-07-16 17:10:00,Normal,West,8222.0,23660.0,1109.0,34.85,39.27,50.0,30.73,323.77,31327.0,28703.0,0
2026-07-16 17:20:00,Sale,South,12201.0,27518.0,1599.0,40.31,39.48,59.98,25.76,401.16,28901.0,33185.0,1
2026-07-16 17:30:00,Normal,North,7556.0,20337.0,931.0,33.06,36.29,50.0,27.46,312.37,18493.0,26654.0,1
2026-07-16 17:40:00,Sale,South,12562.0,32571.0,1746.0,43.35,38.3,56.05,33.63,450.52,37594.0,38528.0,1
2026-07-16 17:50:00,Normal,North,7894.0,23813.0,1263.0,42.54,31.07,57.1,33.81,327.05,24984.0,30378.0,1
2026-07-16 18:00:00,Sale,South,11846.0,32230.0,1749.0,46.27,40.65,66.57,39.14,436.09,36883.0,37272.0,1
2026-07-16 18:10:00,Sale,West,12043.0,32505.0,1837.0,44.71,32.03,89.07,30.87,395.85,36115.0,42556.0,1
2026-07-16 18:20:00,Sale,South,12155.0,33928.0,2191.0,57.47,,80.33,29.87,407.54,39865.0,43099.0,1
2026-07-16 18:30:00,Sale,West,12449.0,33523.0,1522.0,40.76,39.72,83.15,33.94,479.72,37211.0,37918.0,1
2026-07-16 18:40:00,Sale,South,11587.0,31605.0,1904.0,47.06,37.72,94.02,37.56,378.9,34681.0,38690.0,1
2026-07-16 18:50:00,Sale,West,11865.0,33430.0,1335.0,42.22,46.21,87.42,36.95,413.39,41279.0,42280.0,1
2026-07-16 19:00:00,Sale,North,11472.0,31251.0,1980.0,43.93,44.41,68.6,28.77,355.06,28069.0,34780.0,1
2026-07-16 19:10:00,Normal,North,7355.0,20026.0,856.0,35.62,38.11,50.0,28.98,269.12,19775.0,27965.0,1
2026-07-16 19:20:00,Sale,North,12470.0,32649.0,2273.0,49.13,36.65,84.67,34.73,391.64,33873.0,38405.0,1
2026-07-16 19:30:00,Normal,South,7569.0,19621.0,1033.0,33.63,40.63,50.0,32.08,269.46,18654.0,27340.0,1
2026-07-16 19:40:00,Sale,South,10745.0,30204.0,1895.0,42.21,40.43,64.29,33.42,399.54,32381.0,37398.0,1
2026-07-16 19:50:00,Sale,West,11761.0,33580.0,2065.0,45.43,36.93,83.15,31.04,439.33,35669.0,39055.0,1
2026-07-16 20:00:00,Normal,North,7273.0,18494.0,969.0,29.4,34.57,74.01,30.82,249.77,22516.0,23838.0,1
2026-07-16 20:10:00,Normal,North,6937.0,20374.0,1077.0,37.85,38.01,90.88,32.27,274.0,22639.0,27877.0,1
2026-07-16 20:20:00,Normal,South,6393.0,18781.0,939.0,35.09,32.78,50.0,26.34,304.89,20634.0,28068.0,1
2026-07-16 20:30:00,Sale,West,11729.0,34899.0,2084.0,49.4,40.64,50.0,36.67,481.62,37761.0,40524.0,1
2026-07-16 20:40:00,Normal,North,6465.0,18451.0,968.0,33.41,35.41,50.0,32.04,305.91,18724.0,24276.0,1
2026-07-16 20:50:00,Normal,North,7330.0,21366.0,1070.0,35.39,32.18,53.07,27.47,262.5,25833.0,29749.0,1
2026-07-16 21:00:00,Sale,North,10248.0,32725.0,1905.0,50.52,38.64,50.0,34.97,446.98,40612.0,38712.0,1
2026-07-16 21:10:00,Sale,South,10448.0,28688.0,1423.0,46.47,34.96,62.7,33.75,423.23,28653.0,34869.0,1
2026-07-16 21:20:00,Normal,North,7400.0,19328.0,1025.0,40.09,37.37,57.46,31.81,240.89,24779.0,25137.0,1
2026-07-16 21:30:00,Normal,South,6828.0,17233.0,959.0,34.14,31.31,50.0,33.52,289.39,18144.0,32296.0,1
2026-07-16 21:40:00,Flash Sale,South,15106.0,47071.0,2407.0,63.42,45.35,78.69,35.32,566.35,49178.0,62719.0,1
2026-07-16 21:50:00,Sale,South,10701.0,33370.0,1737.0,44.7,35.51,57.31,33.34,415.52,38952.0,42246.0,1
2026-07-16 22:00:00,Sale,South,9178.0,24171.0,1552.0,37.74,33.06,50.0,22.4,334.37,28431.0,29436.0,1
2026-07-16 22:10:00,Normal,North,6207.0,16566.0,891.0,36.86,30.25,53.8,31.99,266.75,18436.0,19721.0,1
2026-07-16 22:20:00,Normal,West,5478.0,15020.0,794.0,34.14,32.39,50.0,31.36,269.14,16302.0,17894.0,1
2026-07-16 22:30:00,Normal,South,5608.0,16939.0,914.0,31.24,34.47,50.0,32.79,287.04,20958.0,22199.0,1
2026-07-16 22:40:00,Sale,North,9519.0,24449.0,1411.0,34.6,37.65,109.94,27.57,296.81,25859.0,30304.0,1
2026-07-16 22:50:00,Normal,North,6309.0,15432.0,753.0,30.3,28.08,50.0,31.28,228.1,17178.0,21443.0,1
2026-07-16 23:00:00,Normal,South,4911.0,15668.0,902.0,28.58,32.98,50.0,31.5,249.02,20202.0,23531.0,1
2026-07-16 23:10:00,Sale,West,9181.0,26222.0,1482.0,47.19,34.93,74.64,28.82,391.52,25862.0,32642.0,1
2026-07-16 23:20:00,Sale,North,8522.0,24559.0,1087.0,41.92,38.2,78.73,33.57,267.41,26380.0,34473.0,1
2026-07-16 23:30:00,Sale,North,9572.0,26448.0,1739.0,37.42,36.45,68.55,32.21,339.21,32333.0,30724.0,1
2026-07-16 23:40:00,Normal,North,5587.0,16111.0,1027.0,27.51,33.4,80.67,23.45,212.91,18895.0,17728.0,1
2026-07-16 23:50:00,Normal,South,5201.0,13145.0,660.0,26.06,30.37,50.0,29.65,187.21,15897.0,16997.0,1
2026-07-17 00:00:00,Normal,West,5522.0,14627.0,706.0,28.2,38.29,50.0,25.92,260.91,14447.0,19969.0,1
2026-07-17 00:10:00,Normal,South,5026.0,14169.0,799.0,29.38,29.11,50.0,23.09,218.39,16324.0,17961.0,1
2026-07-17 00:20:00,Normal,South,6119.0,14632.0,680.0,34.9,31.92,50.0,29.32,177.98,15970.0,16787.0,1
2026-07-17 00:30:00,Normal,West,5485.0,15059.0,951.0,26.93,33.59,67.72,28.12,236.62,20288.0,21042.0,1
2026-07-17 00:40:00,Sale,West,8425.0,23038.0,1202.0,46.74,35.31,74.8,34.28,371.28,27667.0,30200.0,1
2026-07-17 00:50:00,Sale,North,8797.0,24152.0,1563.0,34.76,34.16,50.0,30.86,286.35,26996.0,27465.0,1
2026-07-17 01:00:00,Flash Sale,North,11975.0,32343.0,1619.0,39.85,33.88,104.91,34.45,426.75,37148.0,40847.0,1
2026-07-17 01:10:00,Normal,South,4665.0,12226.0,664.0,35.15,30.2,50.38,29.22,251.45,13759.0,15419.0,1
2026-07-17 01:20:00,Normal,West,5514.0,13630.0,853.0,34.87,29.89,50.0,31.06,225.07,16219.0,17825.0,1
2026-07-17 01:30:00,Normal,West,4760.0,13451.0,714.0,28.7,37.75,50.0,25.3,272.71,13914.0,14748.0,1
2026-07-17 01:40:00,Normal,South,4760.0,13070.0,740.0,30.63,39.37,63.56,28.47,204.2,16423.0,15668.0,1
2026-07-17 01:50:00,Normal,West,5728.0,14620.0,900.0,32.05,32.96,50.0,27.79,272.35,14438.0,18694.0,1
2026-07-17 02:00:00,Normal,North,5513.0,15497.0,801.0,31.72,29.21,50.0,30.37,275.22,17675.0,22840.0,1
2026-07-17 02:10:00,Sale,North,7511.0,20631.0,979.0,30.35,37.43,72.72,30.31,295.5,21406.0,23832.0,1
2026-07-17 02:20:00,Normal,North,4940.0,13423.0,621.0,19.48,29.75,50.0,26.11,187.05,15092.0,20718.0,1
2026-07-17 02:30:00,Sale,West,7686.0,18536.0,1084.0,30.38,32.84,56.98,28.06,250.32,22592.0,22200.0,1
2026-07-17 02:40:00,Normal,South,6138.0,17941.0,1029.0,40.51,32.39,50.0,33.89,210.81,17022.0,20958.0,1
2026-07-17 02:50:00,Normal,North,5703.0,14703.0,902.0,37.92,31.64,50.0,23.15,251.88,16218.0,18385.0,1
2026-07-17 03:00:00,Normal,North,5099.0,14336.0,765.0,29.14,31.95,50.0,30.28,245.22,13992.0,17988.0,1
2026-07-17 03:10:00,Normal,West,5598.0,14859.0,690.0,26.8,29.26,50.49,31.99,240.57,16227.0,18805.0,1
2026-07-17 03:20:00,Normal,West,4632.0,12644.0,517.0,29.86,30.32,50.0,29.52,213.37,12338.0,21744.0,1
2026-07-17 03:30:00,Flash Sale,South,12141.0,36514.0,2637.0,50.79,43.84,50.0,38.95,489.08,41486.0,45620.0,1
2026-07-17 03:40:00,Normal,North,5362.0,15527.0,903.0,33.6,33.33,50.0,31.23,252.71,16728.0,20089.0,1
2026-07-17 03:50:00,Normal,West,5536.0,16626.0,928.0,22.02,34.2,50.0,29.81,242.39,19863.0,24051.0,1
2026-07-17 04:00:00,Sale,West,8452.0,24169.0,1370.0,51.17,29.76,50.0,28.92,335.37,30038.0,27152.0,0
2026-07-17 04:10:00,Normal,South,5608.0,16104.0,747.0,36.22,36.48,50.0,29.75,302.22,18053.0,21283.0,1
2026-07-17 04:20:00,Sale,,8540.0,21174.0,1064.0,35.21,33.35,65.77,31.7,317.3,25607.0,25660.0,1
2026-07-17 04:30:00,Normal,West,5403.0,14819.0,970.0,27.72,36.56,50.0,28.27,228.44,18646.0,20273.0,1
2026-07-17 04:40:00,Sale,West,8353.0,23050.0,1359.0,41.54,36.53,50.0,27.84,319.39,23690.0,26962.0,1
2026-07-17 04:50:00,Normal,South,5271.0,15921.0,803.0,33.51,31.89,50.0,24.89,260.79,20116.0,18305.0,0
2026-07-17 05:00:00,Normal,South,5879.0,15924.0,759.0,31.9,28.54,60.91,29.06,238.72,17776.0,23123.0,1
2026-07-17 05:10:00,Sale,South,9137.0,26020.0,1351.0,41.95,43.63,112.57,26.28,337.46,26597.0,33759.0,1
2026-07-17 05:20:00,Sale,West,9031.0,25654.0,1362.0,39.36,39.39,92.49,29.23,346.26,29498.0,29713.0,1
2026-07-17 05:30:00,Normal,South,5173.0,15563.0,1047.0,32.84,36.04,50.0,21.13,283.61,17319.0,21779.0,1
2026-07-17 05:40:00,Sale,North,8433.0,23408.0,1261.0,40.8,41.65,72.95,32.65,343.85,22923.0,25788.0,1
2026-07-17 05:50:00,Normal,North,5962.0,17582.0,842.0,34.32,34.83,50.0,32.33,255.58,17756.0,22845.0,1
2026-07-17 06:00:00,Normal,West,6861.0,17105.0,935.0,33.7,38.04,50.0,29.0,282.77,21958.0,21432.0,1
2026-07-17 06:10:00,Normal,West,6201.0,15562.0,881.0,36.8,32.01,50.0,33.92,245.83,17863.0,22804.0,1
2026-07-17 06:20:00,Sale,West,9288.0,22189.0,1050.0,30.47,37.98,96.78,33.92,320.5,28139.0,25869.0,0
2026-07-17 06:30:00,Normal,South,6237.0,18346.0,1053.0,30.4,32.53,70.26,30.48,279.81,19784.0,24542.0,1
2026-07-17 06:40:00,Sale,West,8925.0,26073.0,1623.0,40.27,35.61,50.0,30.4,297.98,27112.0,29270.0,1
2026-07-17 06:50:00,Normal,West,6779.0,20077.0,1121.0,32.15,35.32,50.0,28.37,214.58,19107.0,28034.0,1
2026-07-17 07:00:00,Sale,North,10241.0,27427.0,1377.0,39.73,33.8,72.63,32.72,369.93,33373.0,36688.0,1
2026-07-17 07:10:00,Sale,North,9813.0,26482.0,1372.0,45.66,38.26,50.0,30.4,333.49,30747.0,34817.0,1
2026-07-17 07:20:00,Normal,West,6464.0,17957.0,809.0,32.67,33.35,50.0,30.6,228.59,19380.0,23998.0,1
2026-07-17 07:30:00,Normal,North,6284.0,19227.0,1042.0,27.03,28.77,50.0,31.1,261.72,20010.0,25916.0,1
2026-07-17 07:40:00,Normal,South,7203.0,22364.0,1272.0,35.32,34.45,53.39,29.23,336.76,27568.0,30908.0,1
2026-07-17 07:50:00,Sale,South,10047.0,29567.0,1467.0,43.36,37.31,50.0,34.79,394.61,32591.0,36131.0,1
2026-07-17 08:00:00,Normal,West,7078.0,20239.0,1349.0,35.36,37.64,54.23,28.77,311.69,22331.0,28683.0,1
2026-07-17 08:10:00,Sale,North,11137.0,33860.0,2023.0,49.01,40.71,101.67,32.51,439.93,35889.0,40055.0,1
2026-07-17 08:20:00,Normal,West,6630.0,18258.0,808.0,35.42,,50.0,26.08,249.61,19705.0,28750.0,1
2026-07-17 08:30:00,Sale,North,10947.0,29881.0,1326.0,42.84,40.02,67.23,30.76,408.22,35110.0,35937.0,1
2026-07-17 08:40:00,Normal,West,7137.0,19818.0,973.0,30.07,33.27,57.89,35.83,302.83,19390.0,24243.0,1
2026-07-17 08:50:00,Normal,North,6223.0,16328.0,1052.0,30.11,33.54,50.0,25.89,250.34,18419.0,28716.0,1
2026-07-17 09:00:00,Flash Sale,West,17641.0,48838.0,2947.0,57.02,44.05,65.73,37.06,579.85,59366.0,57351.0,1
2026-07-17 09:10:00,Normal,West,7430.0,19310.0,1250.0,33.27,36.22,50.0,27.88,302.91,21463.0,28552.0,1
2026-07-17 09:20:00,Sale,North,11617.0,34671.0,1909.0,50.24,40.31,66.38,25.99,417.97,42487.0,39864.0,1
2026-07-17 09:30:00,Normal,North,7471.0,21649.0,1163.0,38.02,33.69,50.0,31.44,333.69,27149.0,29649.0,1
2026-07-17 09:40:00,Normal,West,7583.0,23182.0,1102.0,41.0,36.14,87.68,28.43,335.95,28059.0,33813.0,1
2026-07-17 09:50:00,Sale,North,12221.0,30634.0,1749.0,42.5,40.11,83.26,32.7,396.4,32664.0,44950.0,1
2026-07-17 10:00:00,Sale,North,11616.0,36503.0,1965.0,55.06,37.76,,36.0,493.31,40754.0,44088.0,1
2026-07-17 10:10:00,Sale,South,12035.0,30292.0,1623.0,46.44,39.55,61.28,32.37,360.56,34974.0,37474.0,1
2026-07-17 10:20:00,Normal,West,8208.0,21213.0,1373.0,36.48,30.69,,30.65,290.62,22762.0,28024.0,1
2026-07-17 10:30:00,Normal,South,8115.0,21816.0,1183.0,38.96,38.95,50.0,27.2,291.11,23337.0,29352.0,1
2026-07-17 10:40:00,Normal,South,8105.0,24601.0,1550.0,36.21,38.19,75.41,32.53,344.96,26167.0,33590.0,1
2026-07-17 10:50:00,Normal,West,9252.0,26281.0,1195.0,31.9,42.09,92.4,30.21,382.37,36119.0,29352.0,0
2026-07-17 11:00:00,Normal,South,8545.0,23550.0,1675.0,35.59,32.89,82.21,24.19,300.92,25737.0,30226.0,1
2026-07-17 11:10:00,Normal,South,8803.0,23392.0,1234.0,40.87,39.59,55.97,32.63,406.56,28699.0,32800.0,1
2026-07-17 11:20:00,Normal,South,8084.0,20633.0,1222.0,35.86,38.03,76.67,32.94,279.76,21315.0,29550.0,1
2026-07-17 11:30:00,Normal,North,7741.0,23253.0,1400.0,37.22,35.59,50.0,34.56,331.55,30000.0,31283.0,1
2026-07-17 11:40:00,Normal,North,8080.0,23786.0,1237.0,34.83,35.2,114.48,36.75,327.93,25740.0,31068.0,1
2026-07-17 11:50:00,Normal,West,8593.0,26154.0,1567.0,32.41,33.9,63.56,33.07,352.69,29431.0,35199.0,1
2026-07-17 12:00:00,Sale,North,13403.0,38484.0,2318.0,56.41,37.43,113.34,35.01,455.03,36049.0,44614.0,1
2026-07-17 12:10:00,Sale,West,13401.0,31149.0,1580.0,43.65,36.65,59.48,35.13,428.18,38365.0,35251.0,0
2026-07-17 12:20:00,Normal,North,8408.0,21660.0,1100.0,34.69,31.81,60.14,27.1,285.25,27147.0,29640.0,1
2026-07-17 12:30:00,Sale,South,13012.0,37523.0,2074.0,47.21,45.92,96.14,28.24,421.01,37571.0,49903.0,1
2026-07-17 12:40:00,Sale,North,13109.0,35833.0,1946.0,53.48,36.04,55.61,31.45,420.28,44343.0,45873.0,1
2026-07-17 12:50:00,Normal,South,8878.0,23965.0,1518.0,41.9,36.83,50.0,34.1,365.78,23636.0,31159.0,1
2026-07-17 13:00:00,Normal,West,9111.0,23701.0,1403.0,34.28,37.6,50.0,28.23,358.27,28043.0,31533.0,1
2026-07-17 13:10:00,Normal,South,8187.0,24321.0,1327.0,43.33,37.58,81.14,31.75,283.03,26539.0,30806.0,1
2026-07-17 13:20:00,Normal,North,9072.0,26145.0,1533.0,39.64,38.49,50.0,32.47,371.8,32776.0,37452.0,1
2026-07-17 13:30:00,Sale,North,13145.0,37991.0,1623.0,47.85,44.14,74.51,34.09,420.36,43497.0,46789.0,1
2026-07-17 13:40:00,Flash Sale,West,20657.0,55483.0,2847.0,63.99,46.08,154.81,33.37,644.15,67309.0,67739.0,1
2026-07-17 13:50:00,Normal,North,8594.0,24337.0,1381.0,35.55,36.78,50.0,31.38,303.18,30270.0,32950.0,1
2026-07-17 14:00:00,Sale,West,14345.0,36713.0,2265.0,43.92,39.97,112.12,31.81,479.4,40050.0,43364.0,1
2026-07-17 14:10:00,Normal,North,8541.0,23715.0,1333.0,41.26,40.21,50.0,35.33,341.02,26492.0,32588.0,1
2026-07-17 14:20:00,Sale,North,13652.0,32013.0,2041.0,44.33,45.5,50.0,35.45,434.62,32297.0,40067.0,1
2026-07-17 14:30:00,Sale,West,13866.0,34910.0,2102.0,50.14,36.64,73.12,31.52,431.72,38052.0,38875.0,1
2026-07-17 14:40:00,Normal,South,8313.0,22794.0,1187.0,38.52,29.88,96.98,35.31,313.16,29922.0,28563.0,1
2026-07-17 14:50:00,Normal,North,8714.0,28123.0,1523.0,44.1,39.55,50.0,32.22,333.75,33624.0,32760.0,1
2026-07-17 15:00:00,Sale,West,13337.0,33020.0,1897.0,37.88,42.77,50.0,27.25,394.44,33533.0,44052.0,1
2026-07-17 15:10:00,Flash Sale,North,20165.0,51949.0,2717.0,58.69,52.05,79.24,36.19,633.21,66659.0,52262.0,0
2026-07-17 15:20:00,Normal,South,8471.0,24048.0,1544.0,40.72,38.63,76.2,35.2,339.66,27869.0,29231.0,1
2026-07-17 15:30:00,Normal,South,9246.0,28835.0,1394.0,37.41,42.28,50.0,28.88,380.96,34689.0,36726.0,1
2026-07-17 15:40:00,Normal,South,8391.0,23800.0,1354.0,39.72,41.31,82.06,30.03,359.56,27824.0,32387.0,1
2026-07-17 15:50:00,Sale,West,13753.0,40247.0,2391.0,46.65,46.48,90.29,29.77,459.97,46766.0,44794.0,1
2026-07-17 16:00:00,Sale,North,13356.0,36586.0,1943.0,49.16,43.45,79.68,29.45,473.87,33668.0,44339.0,1
2026-07-17 16:10:00,Sale,West,12501.0,33853.0,1752.0,53.21,36.0,81.91,29.94,399.05,41662.0,41676.0,1
2026-07-17 16:20:00,Sale,South,13459.0,37883.0,2066.0,53.3,41.23,63.32,29.65,505.78,33889.0,50475.0,1
2026-07-17 16:30:00,Sale,West,12492.0,33498.0,2006.0,39.07,40.62,77.14,30.51,438.59,40921.0,45306.0,1
2026-07-17 16:40:00,Sale,West,13513.0,39598.0,2059.0,55.05,41.56,57.29,38.93,510.1,44745.0,41275.0,1
2026-07-17 16:50:00,Normal,West,8262.0,20745.0,1008.0,42.92,35.15,79.36,29.46,279.91,24967.0,31797.0,1
2026-07-17 17:00:00,Sale,South,12772.0,37808.0,2340.0,61.33,45.93,57.5,35.67,522.64,42944.0,43896.0,1
2026-07-17 17:10:00,Normal,South,7590.0,21307.0,1223.0,38.01,33.19,57.85,32.96,353.03,26087.0,27708.0,1
2026-07-17 17:20:00,Normal,South,8299.0,22915.0,1399.0,32.02,38.42,50.0,26.72,329.91,25702.0,34768.0,1
2026-07-17 17:30:00,Sale,South,13232.0,33135.0,1973.0,47.9,40.55,59.57,29.8,450.73,38042.0,39500.0,1
2026-07-17 17:40:00,Sale,South,12365.0,32440.0,2208.0,51.96,36.78,62.02,34.43,406.85,37646.0,49929.0,1
2026-07-17 17:50:00,Flash Sale,West,19054.0,57463.0,3545.0,66.1,44.88,200.95,35.74,632.92,75154.0,72830.0,1
2026-07-17 18:00:00,Normal,North,8102.0,22382.0,1134.0,41.2,30.73,50.0,32.02,333.72,26412.0,31806.0,1
2026-07-17 18:10:00,Sale,West,12446.0,35473.0,2051.0,44.79,41.87,57.5,37.84,421.74,35058.0,38303.0,1
2026-07-17 18:20:00,Normal,North,6658.0,17588.0,909.0,34.44,33.97,50.0,24.5,298.64,18707.0,23333.0,1
2026-07-17 18:30:00,Normal,West,8883.0,24825.0,1298.0,29.14,34.21,50.0,29.39,364.45,29289.0,29422.0,1
2026-07-17 18:40:00,Normal,North,8139.0,20780.0,967.0,31.86,29.64,50.0,28.98,303.68,25891.0,27343.0,1
2026-07-17 18:50:00,Sale,North,12555.0,35379.0,1885.0,48.05,41.68,124.11,31.2,448.27,37069.0,41881.0,1
2026-07-17 19:00:00,Normal,West,7381.0,21160.0,1233.0,34.53,34.88,54.95,27.83,326.33,28438.0,29511.0,1
2026-07-17 19:10:00,Sale,West,10624.0,30361.0,1658.0,38.6,36.49,89.38,30.2,400.48,34538.0,32117.0,1
2026-07-17 19:20:00,Normal,West,7790.0,20546.0,994.0,33.47,32.3,50.0,29.47,285.35,23875.0,26310.0,1
2026-07-17 19:30:00,Normal,West,7170.0,19635.0,901.0,36.01,34.16,50.0,29.81,248.49,19529.0,30237.0,1
2026-07-17 19:40:00,Sale,North,11824.0,34251.0,2318.0,46.77,41.4,80.45,35.4,456.48,42181.0,38341.0,0
2026-07-17 19:50:00,Normal,West,7344.0,20282.0,1155.0,35.48,34.11,50.0,29.39,301.99,21812.0,26430.0,1
2026-07-17 20:00:00,Sale,South,10969.0,30146.0,1509.0,46.55,34.99,76.32,34.99,460.35,31515.0,40921.0,1
2026-07-17 20:10:00,Sale,South,10463.0,32880.0,1899.0,44.58,39.33,87.72,30.46,416.4,35782.0,39700.0,1
2026-07-17 20:20:00,Normal,South,7432.0,19538.0,1331.0,40.04,37.97,56.55,25.69,292.93,24584.0,27824.0,1
2026-07-17 20:30:00,Sale,North,10256.0,30711.0,1803.0,40.15,38.87,63.79,30.84,405.25,35826.0,39695.0,1
2026-07-17 20:40:00,Sale,South,11973.0,31035.0,1188.0,52.09,39.07,95.55,33.22,416.62,32000.0,40718.0,1
2026-07-17 20:50:00,Sale,West,11969.0,34924.0,2477.0,52.14,39.25,70.39,35.26,415.07,37262.0,47713.0,1
2026-07-17 21:00:00,Sale,North,10964.0,32098.0,1409.0,43.86,36.57,61.89,36.44,409.05,40474.0,40178.0,1
2026-07-17 21:10:00,Sale,West,10786.0,29209.0,1570.0,41.67,35.45,100.3,32.3,402.78,32024.0,37369.0,1
2026-07-17 21:20:00,Sale,South,10106.0,26081.0,1257.0,41.0,32.14,50.0,33.0,342.49,30673.0,33220.0,1
2026-07-17 21:30:00,Normal,North,7130.0,17436.0,882.0,35.22,37.65,50.0,32.94,284.11,20932.0,21156.0,1
2026-07-17 21:40:00,Sale,South,10100.0,27161.0,1540.0,45.47,38.89,50.0,28.64,364.03,21135.0,36739.0,1
2026-07-17 21:50:00,Sale,North,9371.0,27127.0,1155.0,35.7,37.74,,30.34,371.32,33812.0,33598.0,1
2026-07-17 22:00:00,Sale,North,10245.0,26700.0,1454.0,42.44,38.23,90.83,39.19,385.78,27628.0,35301.0,1
2026-07-17 22:10:00,Sale,West,10058.0,28338.0,1754.0,33.62,38.94,50.0,33.8,367.7,30717.0,35900.0,1
2026-07-17 22:20:00,Normal,North,6109.0,15483.0,773.0,30.45,31.22,79.43,29.94,208.53,19724.0,21562.0,1
2026-07-17 22:30:00,Sale,North,8881.0,24493.0,1143.0,44.63,35.6,54.57,33.07,328.27,30977.0,32832.0,1
2026-07-17 22:40:00,Flash Sale,West,14101.0,36570.0,1981.0,43.41,39.38,77.57,29.04,435.07,42761.0,43850.0,1
2026-07-17 22:50:00,Normal,North,5214.0,14527.0,770.0,23.95,40.62,50.0,26.26,182.13,17329.0,16919.0,1
2026-07-17 23:00:00,Normal,West,6235.0,16896.0,869.0,33.24,36.97,85.95,25.68,256.29,20576.0,24723.0,1
2026-07-17 23:10:00,Sale,West,8130.0,21023.0,1006.0,41.42,35.86,50.0,30.88,305.2,26552.0,25647.0,1
2026-07-17 23:20:00,Normal,North,5906.0,15836.0,920.0,32.76,37.64,50.0,27.38,273.88,20203.0,23707.0,1
2026-07-17 23:30:00,Sale,South,8510.0,22397.0,1312.0,29.42,39.56,110.72,30.21,285.49,25326.0,25341.0,1
2026-07-17 23:40:00,Normal,North,5049.0,12944.0,629.0,22.27,28.39,50.0,26.91,221.65,13542.0,16866.0,1
2026-07-17 23:50:00,Normal,South,5882.0,17615.0,871.0,33.36,33.5,58.72,24.0,294.35,19280.0,24229.0,1
2026-07-18 00:00:00,Sale,North,7484.0,20470.0,1143.0,30.68,35.12,87.07,32.16,280.33,23187.0,23865.0,1
2026-07-18 00:10:00,Sale,West,8070.0,19397.0,955.0,35.03,36.62,58.03,23.98,297.37,21622.0,24577.0,1
2026-07-18 00:20:00,Sale,North,7017.0,18860.0,1058.0,34.82,33.93,65.87,26.97,318.55,19215.0,25592.0,1
2026-07-18 00:30:00,Sale,West,7272.0,21559.0,1376.0,34.37,35.25,50.0,25.8,259.03,25088.0,25180.0,1
2026-07-18 00:40:00,Sale,North,6457.0,17195.0,940.0,39.87,32.63,56.17,26.14,268.76,16562.0,21368.0,1
2026-07-18 00:50:00,Sale,North,6559.0,20132.0,961.0,37.47,38.19,50.0,30.03,320.4,22720.0,27409.0,1
2026-07-18 01:00:00,Sale,South,8306.0,21976.0,1260.0,41.53,31.36,50.0,33.54,300.99,24942.0,30725.0,1
2026-07-18 01:10:00,Sale,South,8449.0,24422.0,1317.0,42.44,35.27,56.72,25.69,368.89,27634.0,32619.0,1
2026-07-18 01:20:00,Sale,West,7453.0,22260.0,1204.0,36.32,30.26,50.0,28.23,328.46,26826.0,24457.0,0
2026-07-18 01:30:00,Normal,North,4367.0,12581.0,728.0,27.92,29.31,50.0,22.52,260.04,14995.0,15633.0,1
2026-07-18 01:40:00,Normal,North,4629.0,11817.0,699.0,26.85,33.09,50.0,25.78,222.73,15862.0,17321.0,1
2026-07-18 01:50:00,Sale,South,7844.0,20632.0,1139.0,38.26,36.23,65.86,29.75,342.63,22039.0,27525.0,1
2026-07-18 02:00:00,Sale,South,7067.0,21275.0,1162.0,33.48,34.51,62.79,31.98,310.25,24422.0,24730.0,1
2026-07-18 02:10:00,Sale,West,7443.0,19761.0,1332.0,41.7,38.29,93.48,22.99,253.42,22558.0,21810.0,1
2026-07-18 02:20:00,Normal,,4719.0,14041.0,873.0,26.95,36.98,57.21,29.74,214.63,15962.0,18653.0,1
2026-07-18 02:30:00,Sale,West,7039.0,19165.0,1150.0,35.15,34.5,50.0,26.3,307.11,19041.0,21299.0,1
2026-07-18 02:40:00,Normal,North,4462.0,12607.0,703.0,27.8,33.16,50.0,24.12,241.04,12628.0,18817.0,1
2026-07-18 02:50:00,Sale,South,7470.0,19053.0,933.0,32.39,33.31,77.23,29.39,272.77,21352.0,25615.0,1
2026-07-18 03:00:00,Sale,West,6918.0,18614.0,1150.0,42.51,36.4,50.0,30.98,321.25,17915.0,23586.0,1
2026-07-18 03:10:00,Sale,North,7633.0,20169.0,1127.0,33.39,31.48,94.73,29.14,282.84,21915.0,25168.0,1
2026-07-18 03:20:00,Sale,South,7171.0,20370.0,1050.0,34.1,40.52,50.0,26.2,305.25,21496.0,20377.0,1
2026-07-18 03:30:00,Normal,North,4842.0,13640.0,730.0,26.94,36.19,52.51,27.7,237.26,14870.0,16680.0,1
2026-07-18 03:40:00,Normal,North,5471.0,15773.0,776.0,31.57,29.92,50.0,26.29,214.47,19452.0,22403.0,1
2026-07-18 03:50:00,Sale,West,7323.0,19857.0,1218.0,34.47,32.58,50.0,31.18,285.81,20099.0,24843.0,1
2026-07-18 04:00:00,Sale,North,8111.0,21352.0,1262.0,31.67,36.74,50.0,32.92,363.03,25771.0,22387.0,0
2026-07-18 04:10:00,Normal,West,4040.0,11445.0,642.0,26.03,30.99,,30.55,181.39,12164.0,16913.0,1
2026-07-18 04:20:00,Normal,North,4701.0,12291.0,673.0,30.89,33.94,50.0,27.64,228.54,13217.0,15534.0,1
2026-07-18 04:30:00,Normal,North,4950.0,14820.0,755.0,34.71,32.11,50.0,31.63,209.34,17289.0,20441.0,1
2026-07-18 04:40:00,Normal,North,5898.0,16392.0,692.0,32.03,38.31,65.05,25.54,230.6,17910.0,23669.0,1
2026-07-18 04:50:00,Normal,North,3956.0,10845.0,505.0,27.45,31.82,68.6,32.73,163.09,11178.0,14459.0,1
2026-07-18 05:00:00,Normal,South,5138.0,14814.0,749.0,29.15,40.45,50.0,25.18,261.67,16044.0,22881.0,1
2026-07-18 05:10:00,Sale,North,8767.0,24427.0,1213.0,36.75,38.36,78.82,24.28,312.49,23019.0,25100.0,1
2026-07-18 05:20:00,Normal,South,4794.0,11992.0,680.0,24.51,28.15,50.0,31.73,241.61,13888.0,13899.0,1
2026-07-18 05:30:00,Normal,West,5080.0,13253.0,793.0,23.04,38.9,50.0,25.79,209.25,10733.0,16629.0,1
2026-07-18 05:40:00,Normal,South,5352.0,16005.0,868.0,28.79,36.9,68.61,28.87,253.25,19347.0,21608.0,1
2026-07-18 05:50:00,Normal,North,5279.0,14860.0,943.0,34.25,34.34,50.0,25.18,248.88,17557.0,21376.0,1
2026-07-18 06:00:00,Sale,South,9327.0,23293.0,1172.0,36.1,38.09,64.18,37.22,282.51,29819.0,27507.0,1
2026-07-18 06:10:00,Normal,West,5737.0,16426.0,890.0,30.58,30.18,50.0,34.08,259.36,21982.0,20562.0,1
2026-07-18 06:20:00,Sale,South,9208.0,24856.0,1359.0,37.67,31.29,50.0,35.11,347.31,30165.0,30795.0,1
2026-07-18 06:30:00,Sale,North,8364.0,22104.0,1361.0,41.77,35.61,77.85,30.13,339.54,23369.0,24324.0,1
2026-07-18 06:40:00,Normal,South,5142.0,13339.0,742.0,25.62,36.8,50.0,30.88,199.4,17837.0,19268.0,1
2026-07-18 06:50:00,Sale,South,8432.0,25126.0,1402.0,40.47,37.98,51.72,30.37,320.83,25141.0,28766.0,1
2026-07-18 07:00:00,Sale,North,8554.0,20924.0,943.0,35.51,40.45,93.73,32.97,315.73,19454.0,25412.0,1
2026-07-18 07:10:00,Normal,North,6134.0,16251.0,806.0,32.08,37.65,83.18,27.34,287.82,21211.0,19490.0,0
2026-07-18 07:20:00,Normal,West,5699.0,16082.0,990.0,32.65,33.69,50.0,33.29,236.0,18979.0,23638.0,1
2026-07-18 07:30:00,Sale,North,8797.0,27132.0,1154.0,41.29,41.05,50.0,29.59,330.44,25298.0,30321.0,1
2026-07-18 07:40:00,Sale,North,9382.0,27206.0,1716.0,44.3,42.09,57.06,29.94,354.15,26784.0,32562.0,1
2026-07-18 07:50:00,Normal,North,5321.0,14087.0,817.0,29.86,32.69,50.0,26.7,205.54,16554.0,22564.0,1
2026-07-18 08:00:00,Sale,South,10150.0,31215.0,1577.0,51.51,38.28,70.91,32.44,412.09,32245.0,35174.0,1
2026-07-18 08:10:00,Normal,South,6061.0,15492.0,775.0,31.35,33.84,50.0,27.24,217.92,16226.0,23140.0,1
2026-07-18 08:20:00,Sale,North,10345.0,29459.0,1955.0,36.23,31.07,50.0,32.94,408.91,38787.0,36600.0,1
2026-07-18 08:30:00,Normal,South,6104.0,17626.0,1119.0,35.54,35.01,50.0,27.43,271.58,23528.0,20362.0,0
2026-07-18 08:40:00,Normal,West,6616.0,17475.0,949.0,34.42,36.28,50.0,31.22,289.86,19829.0,24912.0,1
2026-07-18 08:50:00,Sale,North,9855.0,28831.0,1609.0,42.64,38.52,50.0,35.9,317.73,31857.0,34091.0,1
2026-07-18 09:00:00,Sale,West,10769.0,29157.0,1491.0,41.74,39.24,56.14,31.65,337.61,35287.0,38336.0,1
2026-07-18 09:10:00,Sale,North,10452.0,30573.0,1706.0,35.53,38.57,84.62,38.38,428.05,32525.0,33576.0,1
2026-07-18 09:20:00,Normal,North,5876.0,14507.0,739.0,22.54,27.09,50.0,31.57,217.08,13012.0,20154.0,1
2026-07-18 09:30:00,Normal,West,7212.0,20629.0,1125.0,42.12,40.21,50.0,35.95,259.63,17407.0,29257.0,1
2026-07-18 09:40:00,Sale,West,10353.0,28220.0,1859.0,39.65,36.77,60.39,31.02,367.14,31399.0,38415.0,1
2026-07-18 09:50:00,Sale,South,10792.0,32450.0,1766.0,49.44,37.5,50.67,27.15,420.56,39205.0,42789.0,1
2026-07-18 10:00:00,Sale,West,11331.0,31636.0,1541.0,38.48,43.15,74.24,29.84,402.41,35483.0,38616.0,1
2026-07-18 10:10:00,Sale,South,10599.0,32060.0,1500.0,41.06,42.16,50.0,30.24,422.3,38504.0,39225.0,1
2026-07-18 10:20:00,Normal,South,6630.0,19170.0,1069.0,37.01,35.53,50.0,26.36,290.01,23215.0,24810.0,1
2026-07-18 10:30:00,Normal,West,7415.0,20592.0,1039.0,35.09,37.52,50.0,22.94,302.93,25918.0,26027.0,1
2026-07-18 10:40:00,Normal,West,6936.0,20404.0,1152.0,37.49,31.68,50.0,32.56,327.75,23232.0,26081.0,1
2026-07-18 10:50:00,Normal,North,7556.0,22236.0,1007.0,36.85,35.54,89.8,24.31,312.0,25518.0,28006.0,1
2026-07-18 11:00:00,Normal,South,7325.0,21131.0,1250.0,35.13,39.28,51.48,32.44,300.22,23589.0,30522.0,1
2026-07-18 11:10:00,Sale,South,12003.0,28656.0,1394.0,39.64,36.0,75.65,37.86,396.63,31354.0,35574.0,1
2026-07-18 11:20:00,Normal,North,7625.0,20002.0,1106.0,30.23,32.01,50.0,27.07,303.84,19258.0,25282.0,1
2026-07-18 11:30:00,Normal,West,7558.0,23044.0,1221.0,43.2,36.3,56.28,31.23,297.87,28511.0,30322.0,1
2026-07-18 11:40:00,Sale,South,11304.0,29096.0,1900.0,49.0,38.49,57.14,30.21,378.66,31471.0,37521.0,1
2026-07-18 11:50:00,Normal,South,7530.0,22280.0,1248.0,32.78,37.74,50.0,32.38,323.75,23971.0,30718.0,1
2026-07-18 12:00:00,Normal,South,8260.0,24180.0,1612.0,34.14,32.33,69.42,26.74,317.13,25772.0,33373.0,1
2026-07-18 12:10:00,Sale,South,11852.0,31638.0,1847.0,43.5,31.42,57.1,31.56,392.9,31193.0,38573.0,1
2026-07-18 12:20:00,Normal,North,7930.0,19355.0,1230.0,35.81,37.54,50.0,32.62,248.76,21512.0,28934.0,1
2026-07-18 12:30:00,Sale,West,11902.0,32108.0,1726.0,44.56,35.99,58.48,31.92,339.01,37619.0,42003.0,1
2026-07-18 12:40:00,Sale,South,11941.0,37903.0,2163.0,52.22,39.44,70.74,28.45,459.68,39778.0,44384.0,1
2026-07-18 12:50:00,Normal,West,8526.0,22547.0,1405.0,36.97,29.34,53.93,33.69,318.65,27592.0,31042.0,1
2026-07-18 13:00:00,Sale,South,12724.0,33808.0,2043.0,46.28,42.9,65.28,28.55,400.69,36619.0,41261.0,1
2026-07-18 13:10:00,Sale,North,12163.0,31872.0,1854.0,54.74,40.21,107.57,32.25,443.16,30812.0,44767.0,1
2026-07-18 13:20:00,Sale,North,12230.0,36919.0,1958.0,47.28,41.85,148.2,34.87,433.02,46421.0,44083.0,1
2026-07-18 13:30:00,Sale,South,11772.0,32447.0,1754.0,52.14,40.27,57.19,32.5,437.29,36985.0,41210.0,1
2026-07-18 13:40:00,Sale,North,12037.0,32346.0,2000.0,51.28,33.14,78.51,39.73,423.93,39020.0,46674.0,1
2026-07-18 13:50:00,Sale,South,12278.0,37502.0,2365.0,51.89,38.17,108.45,35.45,519.42,45328.0,42160.0,1
2026-07-18 14:00:00,Sale,West,12632.0,36686.0,1887.0,41.48,39.48,74.07,32.46,470.36,37617.0,43645.0,1
2026-07-18 14:10:00,Normal,North,8250.0,21734.0,1098.0,36.6,33.36,50.0,31.59,271.18,23208.0,28627.0,1
2026-07-18 14:20:00,Sale,North,11652.0,30058.0,1490.0,41.49,37.71,109.58,32.24,416.94,36774.0,40017.0,1
2026-07-18 14:30:00,Sale,West,12695.0,38192.0,2291.0,50.54,42.11,101.18,33.54,514.36,49784.0,44274.0,0
2026-07-18 14:40:00,Sale,North,12162.0,34090.0,1685.0,42.72,42.95,82.97,33.23,386.59,38397.0,39082.0,1
2026-07-18 14:50:00,Normal,West,7382.0,18610.0,1115.0,36.84,30.07,77.21,27.79,292.08,19676.0,23308.0,1
2026-07-18 15:00:00,Normal,South,8490.0,21046.0,1226.0,39.83,35.34,65.56,30.27,321.97,27112.0,27960.0,1
2026-07-18 15:10:00,Normal,North,8553.0,22230.0,1150.0,41.58,37.92,50.0,28.37,306.98,23505.0,28915.0,1
2026-07-18 15:20:00,Normal,North,7953.0,20495.0,1320.0,33.89,32.4,50.0,23.82,234.4,23628.0,22190.0,1
2026-07-18 15:30:00,Normal,West,8176.0,19881.0,919.0,30.66,34.38,50.0,32.79,281.41,21416.0,25260.0,1
2026-07-18 15:40:00,Normal,North,8205.0,21350.0,1387.0,37.55,36.87,77.09,28.0,288.98,24487.0,26728.0,1
2026-07-18 15:50:00,Normal,South,8519.0,22444.0,1277.0,44.1,35.89,66.43,30.36,352.69,23016.0,30640.0,1
2026-07-18 16:00:00,Sale,North,12243.0,33261.0,1416.0,46.55,41.66,68.51,30.04,420.4,36007.0,39816.0,1
2026-07-18 16:10:00,Normal,North,7000.0,21734.0,1403.0,38.28,35.89,91.98,27.59,297.03,22978.0,34060.0,1
2026-07-18 16:20:00,Flash Sale,West,19015.0,52329.0,3183.0,61.54,45.38,111.19,33.4,598.63,62074.0,55730.0,0
2026-07-18 16:30:00,Normal,North,8197.0,22704.0,1190.0,35.28,32.43,74.64,32.84,325.18,25799.0,29163.0,1
2026-07-18 16:40:00,Normal,North,7409.0,21425.0,1054.0,38.84,36.24,52.64,33.28,305.67,25882.0,25528.0,1
2026-07-18 16:50:00,Normal,South,7149.0,19712.0,899.0,34.33,35.2,91.69,29.41,267.37,20450.0,28426.0,1
2026-07-18 17:00:00,Sale,West,11744.0,33728.0,2344.0,48.28,36.83,93.03,30.81,433.88,37072.0,37455.0,1
2026-07-18 17:10:00,Normal,North,7275.0,20736.0,1026.0,37.66,37.0,50.0,24.48,283.43,24521.0,30659.0,1
2026-07-18 17:20:00,Sale,North,11656.0,32895.0,1560.0,47.35,43.32,67.9,34.62,354.14,39667.0,42486.0,1
2026-07-18 17:30:00,Sale,West,11863.0,39124.0,2215.0,53.49,39.71,85.69,31.58,497.94,38162.0,45359.0,1
2026-07-18 17:40:00,Normal,West,7130.0,21135.0,955.0,32.55,33.21,50.0,26.3,315.68,24343.0,28010.0,1
2026-07-18 17:50:00,Sale,West,10933.0,28484.0,1399.0,38.56,35.68,50.0,31.35,379.83,29586.0,33704.0,1
2026-07-18 18:00:00,Normal,West,7280.0,20870.0,1272.0,35.57,30.27,53.63,28.59,287.64,25272.0,25059.0,1
2026-07-18 18:10:00,Normal,West,6821.0,18126.0,1047.0,33.33,40.36,50.0,24.43,269.46,23674.0,25613.0,1
2026-07-18 18:20:00,Normal,South,7161.0,20625.0,1087.0,33.44,33.87,50.0,25.4,316.73,17713.0,22806.0,1
2026-07-18 18:30:00,Normal,North,6416.0,16376.0,902.0,32.88,31.16,50.0,29.61,237.97,17267.0,22744.0,1
2026-07-18 18:40:00,Sale,West,10860.0,28241.0,1478.0,45.64,34.5,63.44,29.25,393.9,32375.0,38686.0,1
2026-07-18 18:50:00,Sale,West,11343.0,32463.0,1773.0,50.34,38.2,71.6,33.67,377.76,36346.0,43339.0,1
2026-07-18 19:00:00,Sale,West,10700.0,31881.0,1608.0,50.75,37.07,113.6,32.45,413.01,38702.0,39754.0,1
2026-07-18 19:10:00,Normal,South,6313.0,18249.0,940.0,28.25,38.7,56.71,32.16,273.13,20583.0,26261.0,1
2026-07-18 19:20:00,Sale,North,9813.0,28984.0,1488.0,37.98,34.4,116.46,28.88,404.91,30927.0,31799.0,1
2026-07-18 19:30:00,Normal,South,6716.0,19255.0,975.0,33.21,30.12,50.0,29.93,259.58,19601.0,22470.0,1
2026-07-18 19:40:00,Normal,South,6988.0,19784.0,1212.0,35.14,36.58,63.12,31.27,267.59,19806.0,24458.0,1
2026-07-18 19:50:00,Normal,South,6910.0,18722.0,1116.0,32.96,34.23,50.0,27.24,242.36,19578.0,27119.0,1
2026-07-18 20:00:00,Sale,West,9509.0,28017.0,1384.0,39.6,37.14,50.0,34.55,356.0,29795.0,38597.0,1
2026-07-18 20:10:00,Flash Sale,South,14954.0,44630.0,2135.0,54.72,45.3,151.82,29.82,542.68,51698.0,54325.0,1
2026-07-18 20:20:00,Normal,North,7051.0,19663.0,1063.0,36.65,35.29,50.0,26.83,241.69,21715.0,27702.0,1
2026-07-18 20:30:00,Sale,South,9868.0,27422.0,1863.0,35.99,37.46,50.0,25.92,353.14,28927.0,35436.0,1
2026-07-18 20:40:00,Sale,South,8948.0,27619.0,1349.0,50.85,33.45,50.0,28.87,381.46,28146.0,34705.0,1
2026-07-18 20:50:00,Sale,West,9867.0,27590.0,1491.0,41.54,32.65,50.0,30.61,363.33,28962.0,34426.0,1
2026-07-18 21:00:00,Sale,South,10155.0,28573.0,1587.0,46.49,35.9,50.0,33.78,377.61,30390.0,37166.0,1
2026-07-18 21:10:00,Sale,South,8489.0,24510.0,1332.0,36.51,33.33,50.0,29.93,297.45,25618.0,33411.0,1
2026-07-18 21:20:00,Sale,South,9148.0,25453.0,1330.0,41.93,37.72,56.88,28.81,342.03,30221.0,29786.0,1
2026-07-18 21:30:00,Sale,South,9020.0,23924.0,1482.0,38.74,30.98,50.0,25.62,329.96,30068.0,28835.0,1
2026-07-18 21:40:00,Normal,North,5940.0,17037.0,983.0,35.91,32.62,67.38,25.11,256.28,17078.0,24217.0,1
2026-07-18 21:50:00,Sale,West,9230.0,25780.0,1549.0,39.12,36.5,50.0,31.6,351.62,31760.0,29833.0,1
2026-07-18 22:00:00,Normal,West,6082.0,19048.0,1115.0,40.4,34.55,50.0,31.83,272.75,22654.0,27001.0,1
2026-07-18 22:10:00,Sale,South,8587.0,25262.0,1525.0,33.5,38.04,50.0,29.3,331.21,28747.0,28977.0,1
2026-07-18 22:20:00,Normal,South,6151.0,16564.0,1068.0,35.88,32.82,57.07,32.28,229.64,21080.0,19947.0,1
2026-07-18 22:30:00,Normal,North,5454.0,15986.0,1007.0,32.06,31.59,50.0,25.67,274.22,17632.0,22310.0,1
2026-07-18 22:40:00,Normal,South,5337.0,15241.0,1051.0,26.88,37.07,63.2,27.18,211.74,17682.0,18925.0,1
2026-07-18 22:50:00,Normal,South,5178.0,15719.0,979.0,39.17,32.54,50.0,27.54,251.13,17799.0,19442.0,1
2026-07-18 23:00:00,Normal,West,4278.0,11574.0,590.0,35.23,36.31,50.0,32.13,251.07,13020.0,14789.0,1
2026-07-18 23:10:00,Normal,North,5324.0,15089.0,907.0,22.53,32.31,50.0,28.72,268.42,17592.0,21514.0,1
2026-07-18 23:20:00,Normal,West,6213.0,17286.0,1024.0,33.4,34.0,63.76,23.41,275.6,19441.0,24466.0,1
2026-07-18 23:30:00,Normal,North,5415.0,15220.0,1012.0,33.76,32.91,54.11,31.2,248.45,17756.0,19715.0,1
2026-07-18 23:40:00,Sale,South,8382.0,22134.0,1089.0,38.58,36.44,56.74,35.41,308.15,23308.0,27661.0,1
2026-07-18 23:50:00,Sale,South,7832.0,22742.0,1327.0,43.39,34.7,55.85,29.25,294.89,24019.0,31057.0,1
2026-07-19 00:00:00,Sale,North,7529.0,21647.0,1102.0,41.63,35.86,50.0,27.07,300.12,22784.0,24697.0,1
2026-07-19 00:10:00,Normal,South,5428.0,16455.0,956.0,33.05,38.35,50.0,31.21,268.92,17829.0,21237.0,1
2026-07-19 00:20:00,Normal,West,5940.0,16622.0,893.0,41.24,36.96,87.44,34.55,265.97,20301.0,20590.0,1
2026-07-19 00:30:00,Sale,South,8395.0,22883.0,1324.0,41.2,39.18,50.0,32.58,338.55,24571.0,26301.0,1
2026-07-19 00:40:00,Normal,North,5339.0,15707.0,731.0,29.94,29.47,50.0,23.59,277.56,18616.0,20443.0,1
2026-07-19 00:50:00,Normal,South,4954.0,13162.0,787.0,26.98,29.07,50.0,30.16,217.66,15091.0,18605.0,1
2026-07-19 01:00:00,Sale,North,7512.0,22500.0,1265.0,42.1,36.53,59.23,31.16,319.8,24207.0,27483.0,1
2026-07-19 01:10:00,Sale,South,7030.0,21055.0,1177.0,32.72,37.68,50.0,26.77,253.07,26338.0,21996.0,0
2026-07-19 01:20:00,Normal,South,4055.0,12270.0,818.0,26.79,30.74,50.0,31.57,269.11,14646.0,18360.0,1
2026-07-19 01:30:00,Sale,North,6844.0,19626.0,1034.0,33.72,32.78,65.19,30.63,275.91,21984.0,21348.0,1
2026-07-19 01:40:00,Normal,South,4804.0,13029.0,743.0,30.5,36.74,50.0,31.81,236.59,14487.0,19587.0,1
2026-07-19 01:50:00,Sale,West,7261.0,20473.0,1138.0,34.63,37.22,50.0,26.32,284.37,23122.0,23194.0,1
2026-07-19 02:00:00,Normal,West,3990.0,11446.0,643.0,22.46,35.18,77.91,28.71,193.51,11069.0,16018.0,1
2026-07-19 02:10:00,Normal,North,4706.0,12703.0,868.0,33.45,31.12,50.0,25.11,211.11,13180.0,18595.0,1
2026-07-19 02:20:00,Sale,North,7165.0,21780.0,1206.0,34.9,34.06,50.0,30.53,276.67,25401.0,23045.0,0
2026-07-19 02:30:00,Normal,South,4139.0,12020.0,620.0,36.3,35.05,50.0,32.08,148.2,11560.0,16443.0,1
2026-07-19 02:40:00,Sale,North,7139.0,18842.0,1248.0,35.23,33.81,50.0,24.87,307.41,19694.0,21684.0,1
2026-07-19 02:50:00,Normal,South,4565.0,14328.0,762.0,35.25,31.18,50.0,24.05,246.92,15485.0,18649.0,1
2026-07-19 03:00:00,Sale,North,7099.0,20001.0,907.0,37.52,32.26,50.0,32.27,267.11,28208.0,23237.0,0
2026-07-19 03:10:00,Sale,North,7870.0,20487.0,1036.0,40.67,33.64,50.0,29.46,306.17,24325.0,24669.0,1
2026-07-19 03:20:00,Normal,South,3827.0,10144.0,482.0,28.9,34.18,51.47,30.75,212.04,12475.0,15070.0,1
2026-07-19 03:30:00,Sale,North,6414.0,19677.0,870.0,35.67,30.36,50.0,26.91,269.44,20454.0,24758.0,1
2026-07-19 03:40:00,Normal,West,4780.0,14955.0,790.0,35.08,35.12,50.0,28.44,249.85,17291.0,19617.0,1
2026-07-19 03:50:00,Normal,North,4827.0,14392.0,785.0,40.18,30.91,50.0,30.23,259.09,13586.0,19756.0,1
2026-07-19 04:00:00,Normal,South,5138.0,15607.0,969.0,30.19,32.83,50.0,29.06,210.11,16964.0,21033.0,1
2026-07-19 04:10:00,Sale,South,7381.0,22284.0,1310.0,40.12,35.36,52.7,24.54,326.18,26084.0,29318.0,1
2026-07-19 04:20:00,Sale,West,7192.0,20858.0,1220.0,35.71,34.64,50.0,38.06,307.69,20404.0,27647.0,1
2026-07-19 04:30:00,Sale,West,7647.0,21865.0,1085.0,38.61,34.79,50.19,30.45,355.66,25348.0,26351.0,1
2026-07-19 04:40:00,Sale,South,7430.0,21526.0,1298.0,36.47,34.2,50.0,25.71,319.19,25134.0,27476.0,1
2026-07-19 04:50:00,Sale,South,8426.0,24710.0,1565.0,30.37,34.93,75.97,31.38,326.83,26187.0,30728.0,1
2026-07-19 05:00:00,Normal,North,5024.0,13397.0,769.0,28.59,36.65,50.0,29.23,216.59,13886.0,20102.0,1
2026-07-19 05:10:00,Sale,South,8012.0,23490.0,1351.0,41.96,36.3,57.7,33.15,375.48,24628.0,28973.0,1
2026-07-19 05:20:00,Sale,North,9276.0,28410.0,1347.0,39.09,37.57,70.33,34.03,365.23,30833.0,31065.0,1
2026-07-19 05:30:00,Normal,South,5089.0,14060.0,862.0,33.63,30.99,64.74,27.45,245.25,15302.0,21402.0,1
2026-07-19 05:40:00,Sale,North,8317.0,22818.0,1499.0,38.13,34.76,78.96,24.85,312.22,26719.0,24846.0,1
2026-07-19 05:50:00,Normal,West,5509.0,15899.0,905.0,30.75,31.64,50.0,29.88,276.02,16957.0,21034.0,1
2026-07-19 06:00:00,Normal,South,5878.0,15772.0,811.0,35.03,35.82,88.33,23.54,275.98,20191.0,22168.0,1
2026-07-19 06:10:00,Normal,South,5657.0,14499.0,783.0,33.05,30.81,50.0,31.84,234.43,18552.0,18895.0,1
2026-07-19 06:20:00,Normal,South,5609.0,16865.0,885.0,34.02,27.16,50.0,26.51,248.48,19287.0,19305.0,1
2026-07-19 06:30:00,Normal,North,5563.0,15124.0,799.0,34.92,33.47,50.0,30.23,230.47,16418.0,21388.0,1
2026-07-19 06:40:00,Sale,North,8256.0,23145.0,1363.0,38.49,35.26,50.0,28.12,278.27,24688.0,30955.0,1
2026-07-19 06:50:00,Sale,West,8707.0,23424.0,1328.0,31.33,34.44,50.0,28.68,326.75,26977.0,29208.0,1
2026-07-19 07:00:00,Normal,West,6907.0,20926.0,1277.0,34.27,38.06,50.0,27.2,301.27,24466.0,26639.0,1
2026-07-19 07:10:00,Normal,North,6498.0,19191.0,1098.0,27.1,26.52,50.81,31.37,261.51,21109.0,23639.0,1
2026-07-19 07:20:00,Normal,West,6044.0,16662.0,830.0,34.79,38.56,50.0,26.8,210.75,18007.0,20032.0,1
2026-07-19 07:30:00,Normal,South,6320.0,16354.0,850.0,35.49,36.89,50.0,30.9,258.7,18894.0,23936.0,1
2026-07-19 07:40:00,Sale,North,8699.0,23813.0,1229.0,42.01,34.45,53.45,28.45,336.44,26835.0,27517.0,1
2026-07-19 07:50:00,Normal,South,5762.0,16725.0,901.0,34.17,32.5,50.0,27.99,267.12,17775.0,20526.0,1
2026-07-19 08:00:00,Sale,North,10239.0,29017.0,1908.0,46.54,39.67,81.71,31.49,355.42,32827.0,37042.0,1
2026-07-19 08:10:00,Sale,North,10509.0,29630.0,1977.0,36.88,39.96,50.0,31.98,396.22,31393.0,37811.0,1
2026-07-19 08:20:00,Sale,West,9380.0,26620.0,1598.0,40.2,35.42,80.41,28.08,351.74,27814.0,36187.0,1
2026-07-19 08:30:00,Sale,North,9523.0,27966.0,1558.0,36.11,32.94,50.0,33.26,391.27,31308.0,37382.0,1
2026-07-19 08:40:00,Normal,West,7391.0,20638.0,966.0,34.11,41.56,50.0,28.73,272.01,21929.0,28220.0,1
2026-07-19 08:50:00,Sale,South,9813.0,28272.0,1592.0,48.5,40.76,104.67,32.85,401.47,29592.0,37951.0,1
2026-07-19 09:00:00,Sale,West,11309.0,29655.0,1490.0,47.58,38.85,50.0,31.48,424.3,36315.0,38211.0,1
2026-07-19 09:10:00,Sale,South,10500.0,34228.0,2217.0,49.74,40.51,58.83,34.29,435.18,36993.0,43358.0,1
2026-07-19 09:20:00,Sale,West,10520.0,28918.0,1312.0,41.85,39.99,50.0,30.13,389.27,37719.0,36466.0,1
2026-07-19 09:30:00,Sale,South,10244.0,29059.0,1665.0,38.73,40.39,50.0,29.02,400.19,34367.0,42294.0,1
2026-07-19 09:40:00,Flash Sale,South,16234.0,47111.0,2344.0,58.79,38.23,107.1,36.65,535.47,48898.0,50821.0,1
2026-07-19 09:50:00,Normal,South,7387.0,20136.0,1106.0,39.56,34.0,61.96,27.95,279.2,24888.0,30563.0,1
2026-07-19 10:00:00,Sale,West,10468.0,29325.0,1730.0,44.57,36.9,64.05,35.83,387.86,30743.0,32456.0,1
2026-07-19 10:10:00,Sale,North,10809.0,30258.0,1850.0,37.38,38.11,58.45,31.86,443.25,39860.0,36531.0,0
2026-07-19 10:20:00,Normal,South,7545.0,19885.0,1086.0,35.32,37.27,50.0,25.25,258.94,22721.0,28749.0,1
2026-07-19 10:30:00,Sale,West,10921.0,31441.0,1873.0,37.07,33.63,50.99,30.16,445.35,36919.0,37875.0,1
2026-07-19 10:40:00,Normal,South,6841.0,17123.0,874.0,35.77,29.95,50.0,25.77,256.4,19231.0,24358.0,1
2026-07-19 10:50:00,Sale,West,11490.0,35798.0,2022.0,45.66,38.48,97.17,36.09,447.12,41046.0,38390.0,1
2026-07-19 11:00:00,Normal,South,7965.0,23440.0,1430.0,33.03,36.67,71.72,32.48,354.85,25716.0,29953.0,1
2026-07-19 11:10:00,Normal,North,7189.0,20956.0,1194.0,39.08,37.83,50.0,29.43,350.09,21530.0,30313.0,1
2026-07-19 11:20:00,Sale,South,11597.0,28847.0,1495.0,44.76,42.99,74.5,32.22,389.05,33289.0,34427.0,1
2026-07-19 11:30:00,Normal,South,6809.0,18095.0,965.0,34.31,33.47,61.71,28.72,300.07,22121.0,24829.0,1
2026-07-19 11:40:00,Normal,North,6966.0,21247.0,1298.0,44.83,37.93,50.0,32.26,279.46,21267.0,27703.0,1
2026-07-19 11:50:00,Normal,North,7476.0,26518.0,1285.0,43.08,39.41,93.18,32.39,341.95,33786.0,32944.0,1
2026-07-19 12:00:00,Normal,North,7680.0,23155.0,1142.0,35.1,37.73,50.0,32.19,287.73,27325.0,34604.0,1
2026-07-19 12:10:00,Sale,West,11396.0,34035.0,1995.0,49.01,39.84,66.16,31.91,417.46,36632.0,42342.0,1
2026-07-19 12:20:00,Sale,West,11521.0,33348.0,1746.0,45.2,38.47,61.67,30.44,437.61,35833.0,41770.0,1
2026-07-19 12:30:00,Normal,South,7131.0,18880.0,874.0,39.12,31.41,57.72,31.15,284.11,24665.0,26661.0,1
2026-07-19 12:40:00,Sale,North,12107.0,36067.0,2276.0,49.78,37.23,50.0,37.59,493.85,43781.0,38722.0,0
2026-07-19 12:50:00,Normal,South,6680.0,17380.0,841.0,34.29,35.12,74.44,32.14,315.17,21447.0,26175.0,1
2026-07-19 13:00:00,Sale,West,11617.0,29997.0,1614.0,37.73,38.34,80.04,36.34,386.56,32843.0,38947.0,1
2026-07-19 13:10:00,Normal,West,6890.0,17712.0,908.0,33.3,32.95,82.72,29.38,250.13,20822.0,24517.0,1
2026-07-19 13:20:00,Normal,North,8031.0,23897.0,1272.0,38.09,38.36,51.56,27.35,357.97,27599.0,27111.0,1
2026-07-19 13:30:00,Normal,North,6920.0,19304.0,959.0,30.31,34.16,50.0,26.6,314.65,21284.0,31204.0,1
2026-07-19 13:40:00,Sale,West,12139.0,34209.0,2028.0,46.19,37.23,91.69,36.66,443.13,38688.0,40160.0,1
2026-07-19 13:50:00,Normal,West,8641.0,24171.0,1345.0,40.29,35.66,78.94,24.73,349.35,29755.0,31617.0,1
2026-07-19 14:00:00,Normal,North,8712.0,22628.0,1378.0,37.22,38.38,50.0,34.49,330.0,28962.0,30249.0,1
2026-07-19 14:10:00,Sale,West,11303.0,30285.0,1555.0,38.09,35.53,50.0,29.3,368.13,33157.0,39426.0,1
2026-07-19 14:20:00,Sale,North,12355.0,33215.0,2252.0,45.14,40.25,50.0,38.08,391.69,32840.0,36808.0,1
2026-07-19 14:30:00,Normal,North,7381.0,18799.0,819.0,32.11,34.41,50.0,28.92,276.71,24144.0,29843.0,1
2026-07-19 14:40:00,Sale,West,11610.0,31453.0,1431.0,45.51,36.73,107.7,34.09,399.51,40437.0,43034.0,1
2026-07-19 14:50:00,Sale,South,12150.0,31654.0,2074.0,45.25,38.2,50.0,39.12,413.46,36720.0,42998.0,1
2026-07-19 15:00:00,Normal,South,8435.0,24496.0,1417.0,37.18,31.86,50.0,29.4,331.68,31827.0,33579.0,1
2026-07-19 15:10:00,Sale,West,12423.0,36262.0,2069.0,47.02,41.02,71.07,31.94,410.04,41802.0,37382.0,0
2026-07-19 15:20:00,Normal,West,7464.0,19161.0,1103.0,34.56,30.61,90.17,27.13,228.8,19718.0,27830.0,1
2026-07-19 15:30:00,Sale,North,12476.0,34266.0,2002.0,50.98,43.21,131.85,29.53,451.09,33881.0,46438.0,1
2026-07-19 15:40:00,Normal,South,6699.0,20997.0,1193.0,36.96,35.07,56.8,28.63,283.4,20741.0,29516.0,1
2026-07-19 15:50:00,Sale,West,11747.0,30817.0,1516.0,49.89,37.07,90.25,30.12,392.36,34529.0,39152.0,1
2026-07-19 16:00:00,Normal,South,7252.0,20863.0,1250.0,40.27,38.78,67.65,25.84,284.68,22393.0,25251.0,1
2026-07-19 16:10:00,Normal,West,7703.0,21715.0,1280.0,42.44,32.5,50.0,29.15,284.33,23064.0,29589.0,1
2026-07-19 16:20:00,Sale,West,11778.0,35295.0,2244.0,53.47,38.11,95.11,34.11,419.45,39153.0,41148.0,1
2026-07-19 16:30:00,Normal,North,7593.0,21665.0,1421.0,42.67,30.09,50.0,27.08,332.15,26124.0,33497.0,1
2026-07-19 16:40:00,Sale,North,11792.0,32102.0,1829.0,40.67,43.16,66.34,31.58,405.04,34198.0,47547.0,1
2026-07-19 16:50:00,Flash Sale,West,18022.0,50677.0,2414.0,63.67,51.36,139.98,40.37,612.64,53133.0,55033.0,1
2026-07-19 17:00:00,Sale,West,11761.0,33104.0,2173.0,51.01,34.57,74.85,28.02,440.27,35484.0,40493.0,1
2026-07-19 17:10:00,Normal,North,7488.0,20844.0,1019.0,41.31,32.85,73.42,35.38,306.35,25265.0,26652.0,1
2026-07-19 17:20:00,Sale,North,11349.0,29083.0,1659.0,39.64,38.39,96.46,29.38,400.88,32369.0,34301.0,1
2026-07-19 17:30:00,Normal,West,7615.0,23025.0,1231.0,40.2,34.51,50.0,30.67,320.6,26432.0,30465.0,1
2026-07-19 17:40:00,Normal,North,7827.0,23417.0,1227.0,38.21,36.1,50.0,33.99,358.27,29864.0,33618.0,1
2026-07-19 17:50:00,Sale,North,11213.0,29289.0,1745.0,50.28,37.9,93.49,36.2,403.48,41132.0,40383.0,1
2026-07-19 18:00:00,Sale,West,10956.0,30084.0,1699.0,38.02,39.75,96.24,33.03,414.75,35620.0,39416.0,1
2026-07-19 18:10:00,Sale,West,11567.0,31918.0,1854.0,42.05,36.29,76.63,29.94,385.72,37476.0,35857.0,1
2026-07-19 18:20:00,Normal,West,6536.0,16940.0,849.0,25.16,34.51,50.0,26.38,265.99,16967.0,25804.0,1
2026-07-19 18:30:00,Sale,South,11888.0,29292.0,1580.0,43.48,34.9,86.77,29.72,337.04,33886.0,33875.0,1
2026-07-19 18:40:00,Sale,North,10316.0,27640.0,1393.0,50.55,36.44,82.67,36.75,401.42,31128.0,36080.0,1
2026-07-19 18:50:00,Normal,West,6915.0,18918.0,1018.0,33.9,29.41,50.0,28.01,263.6,22876.0,25008.0,1
2026-07-19 19:00:00,Sale,North,9922.0,25207.0,1368.0,39.83,35.61,79.35,31.52,329.95,27244.0,32104.0,1
2026-07-19 19:10:00,Normal,North,7802.0,22093.0,1460.0,38.98,34.01,50.0,26.73,276.75,25188.0,26505.0,1
2026-07-19 19:20:00,Normal,West,6456.0,19428.0,1038.0,34.05,37.63,50.0,25.81,283.37,22935.0,25466.0,1
2026-07-19 19:30:00,Sale,West,10146.0,29948.0,1265.0,44.92,38.3,70.89,31.67,382.77,39227.0,42334.0,1
2026-07-19 19:40:00,Flash Sale,West,15578.0,43262.0,2742.0,56.34,43.51,73.69,33.54,568.19,55219.0,51947.0,1
2026-07-19 19:50:00,Normal,North,6755.0,16677.0,962.0,28.79,33.77,50.0,27.91,278.25,20790.0,21663.0,1
2026-07-19 20:00:00,Normal,West,6136.0,17971.0,974.0,32.9,27.9,95.39,24.52,256.84,21434.0,21489.0,1
2026-07-19 20:10:00,Normal,South,6234.0,17618.0,923.0,35.94,28.18,50.0,28.66,224.53,18972.0,25275.0,1
2026-07-19 20:20:00,Sale,South,8000.0,23012.0,1135.0,41.27,35.1,59.88,34.71,263.03,27446.0,31531.0,1
2026-07-19 20:30:00,Normal,West,6329.0,19926.0,1328.0,40.13,35.81,58.33,26.82,263.6,20778.0,25120.0,1
2026-07-19 20:40:00,Normal,South,6309.0,16728.0,925.0,33.56,33.15,50.0,31.37,224.0,18391.0,25910.0,1
2026-07-19 20:50:00,Flash Sale,West,15324.0,34978.0,1559.0,49.15,37.65,93.74,22.3,448.5,45396.0,37328.0,0
2026-07-19 21:00:00,Normal,South,6547.0,17090.0,974.0,35.53,33.26,50.0,26.35,257.27,20060.0,24533.0,1
2026-07-19 21:10:00,Sale,West,9039.0,26101.0,1624.0,37.81,36.15,50.0,25.01,351.44,29826.0,32048.0,1
2026-07-19 21:20:00,Normal,West,6300.0,17672.0,989.0,30.48,36.52,52.3,32.6,243.0,20421.0,24722.0,1
2026-07-19 21:30:00,Sale,West,8582.0,22153.0,1099.0,36.33,37.92,50.0,32.51,315.33,24603.0,24706.0,1
2026-07-19 21:40:00,Normal,North,6276.0,15969.0,783.0,26.47,31.93,78.65,25.41,214.18,14443.0,20312.0,1
2026-07-19 21:50:00,Normal,North,5606.0,15339.0,759.0,32.67,33.22,50.0,29.24,241.19,15241.0,20647.0,1
2026-07-19 22:00:00,Normal,West,4920.0,12673.0,813.0,32.97,33.26,50.0,31.39,237.48,14976.0,19258.0,1
2026-07-19 22:10:00,Sale,West,8452.0,24456.0,1335.0,35.95,37.83,62.36,34.45,325.43,25140.0,32902.0,1
2026-07-19 22:20:00,Sale,West,9245.0,25200.0,1132.0,41.16,41.78,50.0,29.33,353.09,27953.0,28342.0,1
2026-07-19 22:30:00,Normal,North,5603.0,15056.0,863.0,28.28,33.19,50.0,21.69,191.14,15015.0,19328.0,1
2026-07-19 22:40:00,Normal,South,6261.0,16676.0,931.0,28.11,37.34,50.0,25.97,205.33,17478.0,21497.0,1
2026-07-19 22:50:00,Sale,West,8170.0,23263.0,1217.0,46.0,32.66,50.0,32.42,330.81,26045.0,26913.0,1
2026-07-19 23:00:00,Normal,West,5710.0,16032.0,784.0,27.62,31.7,50.0,34.82,276.5,19438.0,19523.0,1
2026-07-19 23:10:00,Normal,North,4860.0,13785.0,670.0,24.6,26.42,91.2,27.87,221.9,16989.0,19720.0,1
2026-07-19 23:20:00,Sale,South,8151.0,23088.0,1420.0,38.48,36.53,53.08,28.26,374.51,24163.0,28777.0,1
2026-07-19 23:30:00,Normal,North,5295.0,14756.0,834.0,31.62,35.11,50.0,35.44,201.48,16980.0,19614.0,1
2026-07-19 23:40:00,Normal,South,5517.0,14422.0,835.0,32.93,25.38,50.0,29.39,217.22,14097.0,16824.0,1
2026-07-19 23:50:00,Normal,North,5312.0,14174.0,800.0,38.05,33.53,50.0,24.44,235.25,15955.0,18000.0,1
2026-07-20 00:00:00,Normal,North,5115.0,13958.0,795.0,26.76,34.7,50.0,27.71,241.19,16964.0,20817.0,1
2026-07-20 00:10:00,Sale,North,8941.0,28359.0,1480.0,39.79,39.57,50.0,34.24,358.99,31572.0,34757.0,1
2026-07-20 00:20:00,Sale,West,9367.0,23953.0,1288.0,44.8,32.8,51.89,30.06,303.05,29978.0,28496.0,1
2026-07-20 00:30:00,Sale,West,8209.0,22366.0,1386.0,40.77,38.15,50.0,32.3,329.17,26922.0,24283.0,0
2026-07-20 00:40:00,Normal,West,4567.0,12868.0,817.0,32.14,32.53,50.0,23.02,222.01,14723.0,20041.0,1
2026-07-20 00:50:00,Sale,South,8751.0,24024.0,1145.0,36.06,38.18,50.0,25.98,321.62,26307.0,27958.0,1
2026-07-20 01:00:00,Normal,South,5144.0,15398.0,828.0,35.59,33.01,50.0,26.18,256.45,16423.0,21709.0,1
2026-07-20 01:10:00,Sale,South,8164.0,22407.0,1345.0,40.26,36.99,50.0,29.08,310.66,21829.0,28450.0,1
2026-07-20 01:20:00,Normal,South,5588.0,15410.0,1022.0,31.86,36.72,50.0,29.39,240.6,15263.0,21234.0,1
2026-07-20 01:30:00,Sale,South,8002.0,23578.0,1549.0,35.7,35.64,58.78,32.1,321.37,28753.0,29513.0,1
2026-07-20 01:40:00,Normal,West,5175.0,16177.0,813.0,32.18,34.51,91.25,35.96,231.25,20567.0,21859.0,1
2026-07-20 01:50:00,Normal,West,5260.0,16059.0,1006.0,38.24,37.37,68.62,26.32,227.52,16250.0,22343.0,1
2026-07-20 02:00:00,Normal,West,5985.0,16610.0,919.0,27.74,33.41,85.09,27.71,242.96,18717.0,21087.0,1
2026-07-20 02:10:00,Normal,North,5265.0,14695.0,900.0,27.29,29.77,50.0,26.1,237.75,14145.0,17414.0,1
2026-07-20 02:20:00,Normal,South,4632.0,13009.0,777.0,26.55,34.58,70.49,31.1,173.31,13299.0,17997.0,1
2026-07-20 02:30:00,Sale,North,7540.0,21310.0,1010.0,34.47,39.76,52.56,33.09,326.72,24421.0,24422.0,1
2026-07-20 02:40:00,Sale,North,8207.0,21728.0,1267.0,36.41,39.47,72.46,28.44,307.74,23208.0,27105.0,1
2026-07-20 02:50:00,Normal,West,4685.0,13909.0,849.0,33.66,35.01,50.0,34.26,202.46,12913.0,19969.0,1
2026-07-20 03:00:00,Sale,South,7449.0,21134.0,1160.0,37.81,28.36,50.0,27.52,341.75,27302.0,27948.0,1
2026-07-20 03:10:00,Sale,West,8548.0,23865.0,1277.0,38.53,34.45,70.49,33.34,329.69,26611.0,27896.0,1
2026-07-20 03:20:00,Sale,North,8572.0,22041.0,1004.0,37.84,33.96,60.61,34.21,277.03,22251.0,28017.0,1
2026-07-20 03:30:00,Sale,West,8046.0,22619.0,1337.0,39.72,36.05,50.0,25.89,355.48,25622.0,30859.0,1
2026-07-20 03:40:00,Sale,West,8377.0,20600.0,1159.0,28.78,40.27,50.0,31.26,329.87,22906.0,27937.0,1
2026-07-20 03:50:00,Sale,South,8324.0,22436.0,1110.0,41.36,32.61,71.17,21.76,291.64,26074.0,29487.0,1
2026-07-20 04:00:00,Sale,West,8802.0,23754.0,1260.0,34.89,43.04,59.19,32.7,319.46,25797.0,35619.0,1
2026-07-20 04:10:00,Sale,North,8803.0,25104.0,1404.0,37.56,35.64,66.97,27.22,329.6,28905.0,28846.0,1
2026-07-20 04:20:00,Normal,West,4182.0,13123.0,678.0,30.52,30.29,50.0,29.59,174.0,15936.0,14648.0,0
2026-07-20 04:30:00,Normal,West,5364.0,15572.0,857.0,30.93,35.99,50.0,30.69,253.84,15388.0,19764.0,1
2026-07-20 04:40:00,Normal,West,5743.0,17579.0,782.0,34.89,36.93,50.0,32.23,286.92,18470.0,23911.0,1
2026-07-20 04:50:00,Sale,West,8296.0,24191.0,1526.0,39.13,38.42,50.0,32.99,348.34,29125.0,28539.0,1
2026-07-20 05:00:00,Normal,South,5781.0,17357.0,956.0,31.6,31.77,50.0,28.99,264.38,18482.0,24762.0,1
2026-07-20 05:10:00,Sale,West,9307.0,29172.0,1412.0,48.91,39.72,87.05,30.28,405.27,32434.0,35089.0,1
2026-07-20 05:20:00,Sale,West,8972.0,23941.0,963.0,41.18,33.28,61.31,30.04,301.03,25688.0,33617.0,1
2026-07-20 05:30:00,Flash Sale,North,14296.0,37978.0,2323.0,51.49,38.9,89.66,30.01,515.23,40985.0,45218.0,1
2026-07-20 05:40:00,Normal,North,6326.0,18475.0,1078.0,36.47,34.18,91.91,28.43,255.44,19781.0,27057.0,1
2026-07-20 05:50:00,Sale,West,8873.0,24838.0,1397.0,36.29,34.23,,29.59,321.85,24692.0,34665.0,1
2026-07-20 06:00:00,Sale,South,9395.0,26678.0,1606.0,49.38,40.5,88.7,28.5,342.4,31104.0,32883.0,1
2026-07-20 06:10:00,Normal,South,4700.0,12949.0,779.0,24.66,30.8,50.0,22.63,203.29,15879.0,18295.0,1
2026-07-20 06:20:00,Sale,West,9330.0,25124.0,1411.0,39.81,36.13,50.0,26.7,336.42,27695.0,29479.0,1
2026-07-20 06:30:00,Normal,South,5448.0,16845.0,901.0,31.17,31.26,50.0,19.26,252.66,20466.0,22733.0,1
2026-07-20 06:40:00,Sale,South,9604.0,24991.0,1312.0,37.94,39.86,61.01,29.57,343.15,26762.0,30339.0,1
2026-07-20 06:50:00,Normal,South,6201.0,18130.0,1043.0,31.59,32.35,50.0,30.07,250.83,19308.0,23438.0,1
2026-07-20 07:00:00,Normal,South,6895.0,19957.0,1265.0,31.88,38.41,50.72,21.34,293.73,23171.0,24446.0,1
2026-07-20 07:10:00,Normal,West,7245.0,18228.0,991.0,38.25,37.59,50.0,29.72,245.02,21194.0,24084.0,1
2026-07-20 07:20:00,Normal,South,6534.0,17318.0,1106.0,27.9,32.72,50.0,28.44,281.49,19201.0,22983.0,1
2026-07-20 07:30:00,Normal,South,7687.0,20607.0,1180.0,39.45,35.3,50.0,26.0,314.08,24475.0,28987.0,1
2026-07-20 07:40:00,Sale,West,10264.0,29783.0,1706.0,45.91,37.0,50.0,30.26,387.68,29524.0,35806.0,1
2026-07-20 07:50:00,Normal,West,5892.0,16108.0,1118.0,30.17,35.28,70.08,31.7,234.84,17552.0,20781.0,1
2026-07-20 08:00:00,Normal,West,6719.0,18710.0,1215.0,36.03,33.96,50.0,26.19,284.87,22760.0,26413.0,1
2026-07-20 08:10:00,Sale,North,10664.0,27060.0,1761.0,40.37,36.22,50.0,31.19,338.41,32911.0,38894.0,1
2026-07-20 08:20:00,Sale,West,11146.0,35875.0,1801.0,44.09,40.69,92.54,33.93,449.62,43180.0,40368.0,1
2026-07-20 08:30:00,Sale,South,10376.0,29187.0,1989.0,38.45,33.47,66.98,28.95,378.07,35668.0,38789.0,1
2026-07-20 08:40:00,Sale,North,10701.0,30924.0,1686.0,46.91,38.6,59.07,34.83,464.99,33483.0,35669.0,1
2026-07-20 08:50:00,Normal,West,6919.0,18701.0,1003.0,36.31,36.49,50.0,30.33,246.34,17756.0,26064.0,1
2026-07-20 09:00:00,Sale,West,11328.0,30388.0,1278.0,44.8,39.05,66.71,30.93,327.19,33248.0,38412.0,1
2026-07-20 09:10:00,Normal,South,7859.0,24710.0,1407.0,37.44,39.5,88.01,37.53,321.16,29247.0,35465.0,1
2026-07-20 09:20:00,Sale,West,11873.0,29147.0,1414.0,42.01,37.07,75.86,34.45,338.59,34975.0,40383.0,1
2026-07-20 09:30:00,Flash Sale,North,18098.0,51581.0,2963.0,60.54,44.68,112.62,31.29,587.64,55056.0,74323.0,1
2026-07-20 09:40:00,Sale,North,11387.0,29399.0,1412.0,36.0,34.94,85.99,30.3,351.55,30081.0,34937.0,1
2026-07-20 09:50:00,Sale,South,12153.0,33143.0,2180.0,46.42,38.38,73.6,39.69,398.82,34242.0,42137.0,1
2026-07-20 10:00:00,Sale,South,11524.0,30944.0,1804.0,46.39,44.73,78.12,28.86,372.82,32975.0,34838.0,1
2026-07-20 10:10:00,Normal,West,7181.0,18832.0,1293.0,34.28,35.42,50.0,29.34,302.39,17519.0,25689.0,1
2026-07-20 10:20:00,Sale,West,11599.0,32552.0,1591.0,52.75,37.64,86.36,35.85,414.31,34742.0,40270.0,1
2026-07-20 10:30:00,Sale,West,12211.0,28546.0,1835.0,38.25,34.97,51.7,33.24,402.35,32108.0,41388.0,1
2026-07-20 10:40:00,Flash Sale,North,19107.0,52416.0,2316.0,59.91,41.55,86.83,38.92,615.17,58193.0,54385.0,1
2026-07-20 10:50:00,Normal,South,7574.0,21084.0,1186.0,36.45,32.89,69.06,31.85,324.05,22918.0,26738.0,1
2026-07-20 11:00:00,Normal,North,7999.0,20440.0,1047.0,36.35,37.43,82.59,29.57,286.85,21484.0,31613.0,1
2026-07-20 11:10:00,Sale,West,12660.0,38896.0,2035.0,43.46,40.33,58.28,31.18,518.83,41336.0,44632.0,1
2026-07-20 11:20:00,Normal,North,8524.0,22955.0,1191.0,39.92,33.16,54.98,31.35,331.32,24435.0,28906.0,1
2026-07-20 11:30:00,Normal,South,7999.0,22054.0,1092.0,37.74,33.17,50.0,28.64,291.05,26257.0,27519.0,1
2026-07-20 11:40:00,Normal,West,7971.0,21468.0,1018.0,27.77,37.46,69.31,28.28,320.16,24043.0,28623.0,1
2026-07-20 11:50:00,Sale,West,12095.0,33689.0,1763.0,46.17,39.55,80.28,36.86,427.57,48401.0,36372.0,0
2026-07-20 12:00:00,Normal,North,8230.0,24981.0,1391.0,36.0,34.86,138.14,29.35,334.75,27148.0,34537.0,1
2026-07-20 12:10:00,Normal,North,9104.0,29545.0,1831.0,41.3,37.42,57.46,36.62,387.85,34384.0,38456.0,1
2026-07-20 12:20:00,Normal,South,8561.0,25120.0,1426.0,34.0,43.41,93.7,31.3,359.98,27355.0,37050.0,1
2026-07-20 12:30:00,Sale,South,12829.0,38434.0,2383.0,52.33,45.11,125.42,32.98,421.4,41761.0,50967.0,1
2026-07-20 12:40:00,Sale,North,13817.0,42957.0,1982.0,61.56,47.44,107.85,29.0,510.8,54823.0,51972.0,1
2026-07-20 12:50:00,Normal,West,8223.0,23393.0,1226.0,38.94,30.93,52.39,36.51,340.99,28533.0,32521.0,1
2026-07-20 13:00:00,Normal,South,9400.0,28978.0,1717.0,33.99,37.69,66.12,31.36,385.99,27371.0,38100.0,1
2026-07-20 13:10:00,Sale,South,14172.0,41703.0,2380.0,54.59,40.66,92.0,27.36,478.87,42443.0,49121.0,1
2026-07-20 13:20:00,Normal,North,8718.0,24637.0,1228.0,38.16,38.25,82.53,33.38,277.18,27258.0,33968.0,1
2026-07-20 13:30:00,Sale,South,12721.0,36420.0,2207.0,44.55,43.93,58.31,32.86,496.73,38908.0,42836.0,1
2026-07-20 13:40:00,Normal,North,9835.0,24314.0,1260.0,40.08,37.49,50.0,27.56,328.46,23564.0,36754.0,1
2026-07-20 13:50:00,Sale,North,13664.0,38977.0,1962.0,54.65,39.02,78.69,36.37,517.62,44105.0,49432.0,1
2026-07-20 14:00:00,Normal,South,8588.0,21660.0,1255.0,33.74,33.6,50.0,22.12,326.48,20191.0,27459.0,1
2026-07-20 14:10:00,Sale,South,14041.0,35206.0,1938.0,41.35,42.18,98.93,30.6,422.22,39877.0,42164.0,1
2026-07-20 14:20:00,Normal,West,9101.0,25799.0,1338.0,31.88,39.19,83.33,29.78,285.46,30778.0,34507.0,1
2026-07-20 14:30:00,Sale,West,14218.0,36959.0,1909.0,46.75,41.36,65.45,35.69,448.04,44620.0,54859.0,1
2026-07-20 14:40:00,Flash Sale,North,20231.0,56622.0,2751.0,65.51,48.21,150.32,44.18,655.29,62599.0,67386.0,1
2026-07-20 14:50:00,Sale,North,13722.0,38763.0,2040.0,48.88,41.72,50.0,32.79,488.89,49271.0,37494.0,0
2026-07-20 15:00:00,Normal,West,8097.0,22940.0,1413.0,34.77,36.84,51.07,31.43,291.62,26453.0,30314.0,1
2026-07-20 15:10:00,Normal,West,9024.0,23797.0,1344.0,40.5,38.48,50.0,38.48,332.42,28666.0,35502.0,1
2026-07-20 15:20:00,Sale,West,13459.0,39861.0,2422.0,53.73,43.84,89.89,33.78,493.05,41710.0,45098.0,1
2026-07-20 15:30:00,Sale,North,13611.0,37891.0,2201.0,51.01,41.33,85.42,34.74,493.56,48204.0,44801.0,1
2026-07-20 15:40:00,Normal,North,8617.0,24812.0,1274.0,42.36,36.54,52.66,26.75,330.45,27782.0,34577.0,1
2026-07-20 15:50:00,Normal,North,8565.0,22137.0,998.0,34.19,35.49,50.0,35.75,322.44,28284.0,25803.0,0
2026-07-20 16:00:00,Normal,West,8081.0,22369.0,1106.0,32.64,33.49,50.0,27.78,320.9,28091.0,32779.0,1
2026-07-20 16:10:00,Sale,South,13594.0,40749.0,2077.0,50.55,39.88,123.73,34.77,519.38,46689.0,53485.0,1
2026-07-20 16:20:00,Sale,South,13944.0,41478.0,2095.0,50.89,44.15,76.78,34.85,484.28,48138.0,46417.0,1
2026-07-20 16:30:00,Sale,South,12921.0,34324.0,2090.0,38.97,37.87,131.9,32.81,356.47,37825.0,43134.0,1
2026-07-20 16:40:00,Sale,North,13476.0,36409.0,2215.0,46.77,43.18,64.22,31.71,448.17,37796.0,38476.0,1
2026-07-20 16:50:00,Normal,South,8732.0,22895.0,1563.0,41.88,35.86,56.37,30.76,313.17,27005.0,29013.0,1
2026-07-20 17:00:00,Normal,North,8241.0,22102.0,1114.0,39.99,38.19,62.91,35.13,282.09,25957.0,25970.0,1
2026-07-20 17:10:00,Normal,South,7474.0,19045.0,1230.0,36.29,36.58,50.0,36.03,242.75,18248.0,28355.0,1
2026-07-20 17:20:00,Sale,West,12117.0,33627.0,2171.0,47.11,42.3,108.54,31.87,411.9,37384.0,41079.0,1
2026-07-20 17:30:00,Normal,West,7847.0,22866.0,1226.0,43.23,34.57,63.93,28.68,315.79,27594.0,31182.0,1
2026-07-20 17:40:00,Normal,North,7168.0,19057.0,1102.0,29.96,35.9,50.0,26.77,282.96,24137.0,28007.0,1
2026-07-20 17:50:00,Normal,West,8941.0,24890.0,1554.0,35.3,38.93,89.04,38.53,281.77,29682.0,30993.0,1
2026-07-20 18:00:00,Normal,West,8059.0,22245.0,1216.0,41.41,31.13,50.0,30.28,268.61,21539.0,30670.0,1
2026-07-20 18:10:00,Sale,North,12191.0,36451.0,1975.0,49.09,45.86,66.05,36.36,482.75,36982.0,41143.0,1
2026-07-20 18:20:00,Normal,North,6780.0,18237.0,934.0,30.82,41.18,54.19,31.1,267.63,19795.0,22307.0,1
2026-07-20 18:30:00,Normal,South,6963.0,18776.0,767.0,36.17,37.41,61.34,35.76,277.7,23655.0,27271.0,1
2026-07-20 18:40:00,Sale,North,12205.0,32316.0,1791.0,43.71,41.73,79.16,31.37,379.82,34232.0,38040.0,1
2026-07-20 18:50:00,Normal,North,8860.0,22995.0,1167.0,34.2,37.81,50.0,26.74,319.84,28188.0,29116.0,1
2026-07-20 19:00:00,Normal,North,7104.0,20567.0,998.0,32.02,34.23,50.0,35.1,286.28,21753.0,25281.0,1
2026-07-20 19:10:00,Normal,North,7885.0,21886.0,1259.0,37.89,35.33,76.43,32.52,293.39,25678.0,29836.0,1
2026-07-20 19:20:00,Sale,South,11312.0,31785.0,1471.0,45.84,42.02,75.94,33.36,371.31,32612.0,38938.0,1
2026-07-20 19:30:00,Normal,South,7481.0,22662.0,1356.0,43.33,33.01,50.0,34.59,294.91,24942.0,32567.0,1
2026-07-20 19:40:00,Sale,North,12159.0,36962.0,2140.0,48.26,37.75,58.07,34.67,508.92,37215.0,39790.0,1
2026-07-20 19:50:00,Sale,West,11379.0,28490.0,1499.0,40.99,36.78,100.51,35.98,366.16,36020.0,36841.0,1
2026-07-20 20:00:00,Sale,North,10505.0,30639.0,1673.0,49.8,40.69,50.0,32.48,416.13,32187.0,34883.0,1
2026-07-20 20:10:00,Normal,North,7709.0,21898.0,1048.0,40.56,33.07,54.99,32.52,304.07,21138.0,30692.0,1
2026-07-20 20:20:00,Sale,North,10873.0,29540.0,1758.0,43.69,37.66,98.76,33.08,377.6,28281.0,37477.0,1
2026-07-20 20:30:00,Normal,West,7546.0,21573.0,1211.0,30.09,35.23,61.01,28.77,289.83,23977.0,22307.0,1
2026-07-20 20:40:00,Normal,West,6657.0,16572.0,937.0,28.84,30.76,50.0,28.03,289.36,17801.0,27307.0,1
2026-07-20 20:50:00,Sale,South,11553.0,35391.0,2053.0,43.87,33.07,52.47,31.61,453.24,41934.0,41283.0,1
2026-07-20 21:00:00,Normal,North,6684.0,19334.0,989.0,34.58,31.69,89.28,30.05,263.6,21200.0,22736.0,1
2026-07-20 21:10:00,Normal,North,6764.0,17887.0,821.0,31.17,35.04,50.0,27.57,259.02,22119.0,23719.0,1
2026-07-20 21:20:00,Normal,North,6613.0,17819.0,1082.0,39.56,35.7,50.0,30.23,295.09,19271.0,20686.0,1
2026-07-20 21:30:00,Normal,West,6294.0,15694.0,928.0,25.05,34.98,50.0,29.66,175.98,19189.0,21136.0,1
2026-07-20 21:40:00,Normal,North,6546.0,17959.0,930.0,28.62,36.11,50.0,29.57,277.36,18404.0,24100.0,1
2026-07-20 21:50:00,Sale,West,9927.0,26932.0,1547.0,41.87,35.55,73.6,31.59,372.76,26115.0,30697.0,1
2026-07-20 22:00:00,Sale,South,9974.0,25547.0,1598.0,41.8,34.42,50.0,28.92,326.73,26509.0,35224.0,1
2026-07-20 22:10:00,Normal,South,6023.0,17708.0,1095.0,22.7,35.32,50.0,28.05,270.94,17834.0,22459.0,1
2026-07-20 22:20:00,Sale,West,8745.0,26497.0,1368.0,33.58,36.64,75.24,25.82,367.53,26390.0,29744.0,1
2026-07-20 22:30:00,Normal,North,5285.0,14773.0,681.0,29.5,35.89,50.0,27.89,206.95,17157.0,18574.0,1
2026-07-20 22:40:00,Normal,West,5262.0,14443.0,680.0,35.7,34.2,50.0,25.22,255.48,15795.0,19414.0,1
2026-07-20 22:50:00,Normal,North,6434.0,18519.0,984.0,41.29,38.33,50.0,29.37,282.62,21004.0,23154.0,1
2026-07-20 23:00:00,Normal,West,5187.0,14505.0,925.0,28.67,31.68,50.0,26.05,231.22,17010.0,19517.0,1
2026-07-20 23:10:00,Normal,South,5913.0,15404.0,780.0,30.41,36.59,50.0,22.24,246.66,14655.0,21610.0,1
2026-07-20 23:20:00,Normal,North,5831.0,15641.0,804.0,27.95,39.58,66.52,35.2,264.09,18410.0,20461.0,1
2026-07-20 23:30:00,Normal,West,5730.0,15739.0,807.0,33.91,33.67,50.0,27.77,305.29,15731.0,20509.0,1
2026-07-20 23:40:00,Sale,North,9151.0,26032.0,1349.0,46.24,38.61,50.0,35.07,365.57,27654.0,31259.0,1
2026-07-20 23:50:00,Normal,North,5842.0,16367.0,899.0,36.94,30.94,50.0,27.02,273.93,15234.0,20104.0,1
2026-07-21 00:00:00,Normal,West,4130.0,11719.0,555.0,27.85,34.78,50.0,32.67,212.03,13893.0,14831.0,1
2026-07-21 00:10:00,Normal,South,5323.0,13442.0,827.0,26.07,36.09,50.0,24.5,271.97,12785.0,22105.0,1
2026-07-21 00:20:00,Sale,West,8713.0,25441.0,1377.0,39.66,35.42,68.34,31.13,307.76,25441.0,30841.0,1
2026-07-21 00:30:00,Normal,South,6305.0,17657.0,1234.0,38.53,35.94,50.0,25.61,223.13,17785.0,26803.0,1
2026-07-21 00:40:00,Sale,South,9344.0,30457.0,1461.0,42.29,39.5,77.0,39.5,398.4,33720.0,36941.0,1
2026-07-21 00:50:00,Normal,North,4803.0,13113.0,846.0,21.88,33.76,50.0,27.14,237.63,14478.0,17026.0,1
2026-07-21 01:00:00,Normal,North,5135.0,14676.0,930.0,29.03,35.57,56.44,30.71,172.4,17629.0,21595.0,1
2026-07-21 01:10:00,Sale,West,7447.0,24644.0,1295.0,37.83,38.18,60.51,31.77,336.35,27343.0,29934.0,1
2026-07-21 01:20:00,Normal,North,6070.0,17207.0,906.0,25.34,33.61,65.99,28.71,257.56,20933.0,20273.0,1
2026-07-21 01:30:00,Normal,South,5816.0,16214.0,802.0,32.71,36.17,70.32,30.12,270.75,18775.0,18448.0,1
2026-07-21 01:40:00,Normal,North,5485.0,14383.0,713.0,32.25,36.37,50.0,32.24,244.55,14749.0,24199.0,1
2026-07-21 01:50:00,Flash Sale,North,12561.0,38625.0,2124.0,58.27,39.86,92.94,35.5,431.05,40683.0,49184.0,1
2026-07-21 02:00:00,Sale,South,8828.0,22876.0,1261.0,32.12,36.0,50.0,30.52,291.76,29077.0,29330.0,1
2026-07-21 02:10:00,Sale,West,8743.0,25153.0,1142.0,42.3,31.5,50.0,32.09,321.36,31259.0,33635.0,1
2026-07-21 02:20:00,Flash Sale,West,12917.0,35065.0,2411.0,51.67,42.02,109.2,38.46,459.13,42163.0,45934.0,1
2026-07-21 02:30:00,Normal,West,5478.0,15153.0,810.0,32.96,36.97,50.0,27.08,250.89,18419.0,22696.0,1
2026-07-21 02:40:00,Flash Sale,North,12163.0,30939.0,1714.0,40.27,38.06,85.24,26.24,383.87,36090.0,42110.0,1
2026-07-21 02:50:00,Normal,South,5634.0,17136.0,878.0,28.31,34.4,50.0,25.48,264.97,19767.0,24107.0,1
2026-07-21 03:00:00,Sale,North,8638.0,23754.0,1268.0,38.58,35.65,92.86,27.16,301.09,26723.0,26992.0,1
2026-07-21 03:10:00,Normal,West,5214.0,13460.0,711.0,29.8,31.56,50.0,25.32,275.84,17361.0,15815.0,0
2026-07-21 03:20:00,Normal,North,5134.0,15533.0,854.0,28.97,34.13,50.0,25.88,259.69,16675.0,21429.0,1
2026-07-21 03:30:00,Sale,South,8797.0,23832.0,1309.0,43.42,33.99,50.0,30.17,347.98,27265.0,27909.0,1
2026-07-21 03:40:00,Normal,North,6142.0,17567.0,1051.0,31.33,33.44,77.93,29.61,300.09,16674.0,26336.0,1
2026-07-21 03:50:00,Flash Sale,West,12103.0,35721.0,2013.0,40.79,37.79,50.81,33.57,472.62,34897.0,46213.0,1
2026-07-21 04:00:00,Normal,West,5353.0,15444.0,915.0,30.23,35.17,50.0,26.21,245.23,20101.0,21110.0,1
2026-07-21 04:10:00,Sale,West,8676.0,20863.0,1146.0,37.65,36.02,118.36,32.57,294.01,24654.0,28154.0,1
2026-07-21 04:20:00,Flash Sale,North,13132.0,38413.0,2166.0,52.02,40.15,108.03,35.05,506.33,42205.0,44219.0,1
2026-07-21 04:30:00,Normal,West,5223.0,14531.0,778.0,31.69,,50.0,32.94,235.97,16388.0,19605.0,1
2026-07-21 04:40:00,Sale,North,9443.0,25880.0,1579.0,45.97,36.4,50.0,33.23,330.08,25471.0,33277.0,1
2026-07-21 04:50:00,Sale,North,8712.0,24222.0,1379.0,34.13,39.91,50.0,29.28,381.39,26092.0,29188.0,1
2026-07-21 05:00:00,Sale,North,9198.0,23088.0,1248.0,35.93,34.76,53.22,34.0,297.48,22492.0,28357.0,1
2026-07-21 05:10:00,Normal,North,6642.0,18827.0,1014.0,40.18,36.49,59.62,29.96,234.91,20531.0,25177.0,1
2026-07-21 05:20:00,Sale,South,8707.0,22242.0,1209.0,29.04,33.67,86.9,32.29,337.24,26425.0,27631.0,1
2026-07-21 05:30:00,Sale,North,8888.0,24428.0,1348.0,38.55,38.99,50.0,32.54,316.0,28467.0,28730.0,1
2026-07-21 05:40:00,Normal,South,5136.0,14525.0,794.0,35.26,36.2,50.0,27.82,246.13,18576.0,19269.0,1
2026-07-21 05:50:00,Normal,South,5676.0,16991.0,878.0,37.3,37.2,50.0,29.05,305.34,19531.0,23605.0,1
2026-07-21 06:00:00,Normal,West,5381.0,14272.0,850.0,32.77,37.41,101.09,27.75,198.35,12447.0,23143.0,1
2026-07-21 06:10:00,Sale,West,9868.0,30208.0,1812.0,46.42,39.45,88.6,29.09,391.05,39725.0,35923.0,0
2026-07-21 06:20:00,Normal,South,6335.0,18818.0,1236.0,29.83,38.3,50.72,22.71,315.26,19494.0,25515.0,1
2026-07-21 06:30:00,Sale,North,9355.0,25472.0,1309.0,45.14,41.79,50.0,28.52,361.76,28941.0,36190.0,1
2026-07-21 06:40:00,Flash Sale,West,14344.0,37299.0,2201.0,44.9,37.69,50.0,33.8,458.5,42155.0,45204.0,1
2026-07-21 06:50:00,Normal,North,6506.0,16525.0,720.0,27.48,31.97,50.0,31.89,314.99,18906.0,21965.0,1
2026-07-21 07:00:00,Normal,North,5979.0,17034.0,1022.0,34.03,29.47,50.0,31.14,257.96,19160.0,22644.0,1
2026-07-21 07:10:00,Sale,North,10250.0,27340.0,1265.0,39.27,40.75,53.45,30.18,373.32,30800.0,31877.0,1
2026-07-21 07:20:00,Normal,South,6897.0,20800.0,1021.0,36.51,30.75,50.0,27.54,339.23,20547.0,24730.0,1
2026-07-21 07:30:00,Sale,South,9257.0,24787.0,1413.0,40.79,31.34,,29.91,362.39,34174.0,31756.0,1
2026-07-21 07:40:00,Sale,South,10490.0,27672.0,1419.0,48.63,34.39,,28.16,399.77,32796.0,34087.0,1
2026-07-21 07:50:00,Sale,South,9311.0,26462.0,1335.0,42.23,32.05,92.95,24.48,332.13,29775.0,32810.0,1
2026-07-21 08:00:00,Normal,South,6941.0,18578.0,968.0,31.32,35.32,50.0,24.45,306.49,24229.0,25478.0,1
2026-07-21 08:10:00,Sale,South,10268.0,28767.0,1708.0,45.16,34.81,56.38,35.45,381.91,29135.0,38779.0,1
2026-07-21 08:20:00,Sale,North,11566.0,34436.0,1701.0,43.94,34.98,74.78,38.15,415.72,41559.0,40734.0,1
2026-07-21 08:30:00,Normal,South,6421.0,18116.0,990.0,37.05,34.21,57.51,31.25,276.7,19284.0,25291.0,1
2026-07-21 08:40:00,Sale,South,10025.0,28288.0,1492.0,42.3,37.95,50.0,31.05,377.64,32821.0,36374.0,1
2026-07-21 08:50:00,Sale,South,10917.0,30970.0,1856.0,45.93,33.23,92.59,27.63,446.4,36001.0,40164.0,1
2026-07-21 09:00:00,Sale,North,11345.0,28309.0,1701.0,34.94,35.77,50.0,30.74,382.62,25092.0,31165.0,1
2026-07-21 09:10:00,Normal,South,6701.0,19234.0,846.0,25.35,34.51,50.0,31.07,262.82,18789.0,23027.0,1
2026-07-21 09:20:00,Normal,North,7716.0,21826.0,1337.0,30.55,34.57,89.1,32.29,282.98,27908.0,27849.0,1
2026-07-21 09:30:00,Normal,North,6457.0,19118.0,981.0,41.23,33.7,50.0,31.27,279.99,20930.0,24939.0,1
2026-07-21 09:40:00,Normal,North,6935.0,20174.0,1138.0,30.56,38.6,62.4,33.07,258.08,26632.0,26502.0,1
2026-07-21 09:50:00,Normal,South,7165.0,19802.0,978.0,37.76,41.37,68.68,,270.14,24773.0,37161.0,1
2026-07-21 10:00:00,Flash Sale,North,18907.0,56454.0,3231.0,63.42,46.82,131.95,36.2,648.44,61985.0,69538.0,1
2026-07-21 10:10:00,Normal,West,8523.0,23415.0,1646.0,36.94,32.23,50.0,38.57,313.6,25502.0,31346.0,1
2026-07-21 10:20:00,Sale,North,12758.0,36289.0,2024.0,48.67,40.0,132.98,26.92,471.06,46626.0,41339.0,0
2026-07-21 10:30:00,Normal,West,7798.0,21399.0,1118.0,42.76,36.07,50.0,27.37,285.54,28467.0,26630.0,1
2026-07-21 10:40:00,Normal,North,6661.0,19205.0,1030.0,36.66,34.56,50.0,29.83,220.3,20960.0,25933.0,1
2026-07-21 10:50:00,Normal,South,8070.0,22050.0,1018.0,38.28,37.55,50.0,31.5,268.36,28088.0,29297.0,1
2026-07-21 11:00:00,Normal,West,8973.0,27785.0,1770.0,46.8,44.36,64.9,30.57,367.4,33981.0,43233.0,1
2026-07-21 11:10:00,Sale,South,13385.0,42338.0,2408.0,51.45,37.68,117.25,32.83,498.71,52510.0,53723.0,1
2026-07-21 11:20:00,Sale,North,13000.0,38444.0,1872.0,54.95,39.93,77.69,40.07,443.52,43446.0,50262.0,1
2026-07-21 11:30:00,Sale,South,12173.0,37462.0,1832.0,53.45,45.74,50.0,31.61,513.59,39439.0,42603.0,1
2026-07-21 11:40:00,Normal,West,7975.0,20120.0,1108.0,38.66,33.48,57.1,26.37,311.92,20413.0,30776.0,1
2026-07-21 11:50:00,Sale,West,13735.0,34944.0,2117.0,47.08,42.6,50.0,37.76,437.98,34579.0,40540.0,1
2026-07-21 12:00:00,Normal,North,7807.0,21408.0,1030.0,34.45,37.39,65.64,32.26,309.91,28068.0,30223.0,1
2026-07-21 12:10:00,Sale,West,12625.0,35444.0,2186.0,44.65,44.12,77.94,36.08,437.81,39736.0,45306.0,1
2026-07-21 12:20:00,Normal,South,8987.0,24842.0,1353.0,35.89,42.43,78.23,31.05,307.08,24980.0,29893.0,1
2026-07-21 12:30:00,Normal,North,8300.0,20787.0,1027.0,32.0,36.27,50.0,25.45,323.63,25365.0,27528.0,1
2026-07-21 12:40:00,Normal,South,7925.0,23832.0,1244.0,39.72,31.1,50.0,30.5,349.6,25550.0,33249.0,1
2026-07-21 12:50:00,Normal,South,9280.0,29581.0,1937.0,42.23,36.25,56.58,26.97,336.38,31205.0,36528.0,1
2026-07-21 13:00:00,Normal,South,8921.0,27035.0,1262.0,42.71,44.02,50.0,31.67,366.02,35871.0,37000.0,1
2026-07-21 13:10:00,Sale,West,13279.0,39776.0,2013.0,53.76,37.68,115.29,35.71,496.18,39256.0,48945.0,1
2026-07-21 13:20:00,Sale,North,12897.0,36637.0,2224.0,44.9,42.31,50.0,36.29,448.33,41895.0,54007.0,1
2026-07-21 13:30:00,Flash Sale,South,21446.0,56795.0,3197.0,61.92,40.33,152.38,37.22,710.38,60254.0,65512.0,1
2026-07-21 13:40:00,Normal,South,8678.0,24412.0,1227.0,37.84,32.49,64.32,32.61,383.84,25509.0,36050.0,1
2026-07-21 13:50:00,Sale,North,14169.0,45043.0,2738.0,53.19,46.43,94.12,32.2,530.99,43854.0,53550.0,1
2026-07-21 14:00:00,Normal,South,9197.0,25168.0,1537.0,35.87,36.92,64.0,33.44,336.11,28339.0,35072.0,1
2026-07-21 14:10:00,Sale,West,13302.0,36156.0,2060.0,55.52,39.53,87.49,34.98,443.06,37335.0,45871.0,1
2026-07-21 14:20:00,Normal,South,8494.0,25475.0,1308.0,33.52,34.47,50.0,28.2,329.46,30038.0,31963.0,1
2026-07-21 14:30:00,Normal,North,9473.0,28526.0,1490.0,50.34,31.99,70.21,32.87,352.24,31815.0,41563.0,1
2026-07-21 14:40:00,Sale,West,14294.0,37841.0,2146.0,51.32,43.32,101.53,36.59,481.08,41199.0,43415.0,1
2026-07-21 14:50:00,Normal,West,7812.0,21505.0,1013.0,40.22,34.68,50.0,29.97,354.08,22217.0,28964.0,1
2026-07-21 15:00:00,Normal,West,8965.0,24293.0,1530.0,42.12,31.94,62.1,27.88,371.68,30683.0,33054.0,1
2026-07-21 15:10:00,Sale,South,13409.0,37715.0,2459.0,52.53,41.29,50.0,33.83,486.88,45015.0,49986.0,1
2026-07-21 15:20:00,Normal,South,8174.0,24510.0,1313.0,45.48,38.32,50.0,32.05,274.92,25781.0,33861.0,1
2026-07-21 15:30:00,Sale,South,13601.0,36114.0,2063.0,44.37,40.04,93.56,30.46,404.53,35539.0,41932.0,1
2026-07-21 15:40:00,Normal,West,8016.0,24016.0,1492.0,37.79,36.75,50.0,27.26,356.76,22364.0,34038.0,1
2026-07-21 15:50:00,Sale,West,13237.0,37305.0,2490.0,46.3,41.17,60.74,34.77,503.54,46025.0,47470.0,1
2026-07-21 16:00:00,Sale,West,12800.0,41199.0,2651.0,46.23,40.3,89.31,36.53,515.83,49889.0,52007.0,1
2026-07-21 16:10:00,Sale,South,12949.0,37001.0,1650.0,46.81,41.11,71.5,39.59,452.37,45313.0,50606.0,1
2026-07-21 16:20:00,Sale,North,13163.0,36628.0,1945.0,56.62,43.03,55.87,35.06,490.09,40582.0,46310.0,1
2026-07-21 16:30:00,Sale,South,12691.0,36849.0,2137.0,48.63,44.0,50.0,29.48,477.33,44240.0,47616.0,1
2026-07-21 16:40:00,Sale,North,13986.0,38311.0,1994.0,58.5,43.78,50.0,39.55,501.55,46844.0,44002.0,1
2026-07-21 16:50:00,Normal,North,8762.0,21703.0,1426.0,44.79,33.57,66.22,32.94,260.61,24155.0,28087.0,1
2026-07-21 17:00:00,Normal,South,9135.0,25182.0,1631.0,51.38,38.72,50.0,24.52,350.4,27302.0,34536.0,1
2026-07-21 17:10:00,Sale,South,12688.0,34941.0,1751.0,55.32,41.63,101.11,29.6,483.77,35723.0,41098.0,1
2026-07-21 17:20:00,Normal,West,7963.0,20014.0,1081.0,44.44,32.88,50.0,27.93,303.33,23269.0,28385.0,1
2026-07-21 17:30:00,Normal,West,9117.0,25407.0,1283.0,40.9,35.5,64.77,33.1,367.77,29876.0,29088.0,1
2026-07-21 17:40:00,Normal,West,7948.0,19298.0,1039.0,35.32,36.79,50.0,22.11,283.89,20829.0,30362.0,1
2026-07-21 17:50:00,Sale,West,12679.0,34707.0,1862.0,48.68,44.28,77.47,32.28,439.73,37870.0,41194.0,1
2026-07-21 18:00:00,Normal,West,8235.0,23419.0,1422.0,37.91,30.76,53.85,32.5,359.25,25721.0,32537.0,1
2026-07-21 18:10:00,Sale,North,11587.0,32647.0,1622.0,46.35,44.35,60.68,23.68,399.73,39148.0,38927.0,1
2026-07-21 18:20:00,Sale,South,12562.0,34244.0,1346.0,50.12,43.48,50.0,34.77,413.25,33647.0,45074.0,1
2026-07-21 18:30:00,Sale,North,12498.0,34802.0,1579.0,45.72,40.78,95.72,35.26,426.06,35132.0,39058.0,1
2026-07-21 18:40:00,Normal,North,8510.0,22626.0,1105.0,31.72,35.2,89.62,27.44,316.85,22885.0,33190.0,1
2026-07-21 18:50:00,Sale,North,12651.0,35448.0,1810.0,49.59,41.58,119.47,29.34,404.23,39175.0,44961.0,1
2026-07-21 19:00:00,Sale,West,12202.0,34293.0,1925.0,44.38,38.08,61.61,29.96,451.21,39490.0,39318.0,1
2026-07-21 19:10:00,Normal,West,7398.0,19515.0,947.0,32.23,34.3,50.0,21.28,281.04,19771.0,24846.0,1
2026-07-21 19:20:00,Sale,West,11121.0,31674.0,1512.0,44.35,34.66,55.83,30.99,428.08,38354.0,43240.0,1
2026-07-21 19:30:00,Normal,West,8508.0,24223.0,1197.0,37.1,31.25,50.0,30.99,279.25,30672.0,34037.0,1
2026-07-21 19:40:00,Flash Sale,West,16751.0,46402.0,2241.0,61.88,51.24,100.77,31.55,575.46,53890.0,56386.0,1
2026-07-21 19:50:00,Normal,North,6740.0,21808.0,1127.0,35.87,35.82,50.0,32.71,341.5,26874.0,28996.0,1
2026-07-21 20:00:00,Sale,West,11133.0,30889.0,1588.0,48.9,39.42,50.0,32.1,409.86,31769.0,41354.0,1
2026-07-21 20:10:00,Sale,West,11662.0,32069.0,1896.0,46.08,39.13,71.8,32.84,411.44,33059.0,37342.0,1
2026-07-21 20:20:00,Normal,West,7095.0,19326.0,948.0,34.07,32.28,50.0,28.05,304.89,22640.0,25449.0,1
2026-07-21 20:30:00,Sale,North,11350.0,29795.0,1575.0,43.96,37.51,63.03,33.78,419.74,33256.0,36261.0,1
2026-07-21 20:40:00,Normal,North,6002.0,17547.0,908.0,27.75,34.41,50.0,32.73,278.54,18085.0,22336.0,1
2026-07-21 20:50:00,Sale,West,10600.0,28371.0,1698.0,43.47,37.34,81.92,30.02,388.65,35819.0,34215.0,1
2026-07-21 21:00:00,Sale,North,9211.0,24849.0,1344.0,42.52,34.44,80.86,32.75,379.91,28573.0,31451.0,1
2026-07-21 21:10:00,Normal,South,6937.0,18752.0,1150.0,37.9,36.0,68.04,31.44,296.55,22319.0,25211.0,1
2026-07-21 21:20:00,Normal,South,5773.0,15142.0,728.0,25.46,33.86,50.0,29.58,221.41,15938.0,20284.0,1
2026-07-21 21:30:00,Sale,North,9509.0,23628.0,1293.0,32.01,37.45,50.0,35.23,357.95,30433.0,27602.0,0
2026-07-21 21:40:00,Normal,North,6804.0,18484.0,953.0,31.56,36.58,50.0,26.89,271.75,20414.0,27460.0,1
2026-07-21 21:50:00,Sale,West,10679.0,31580.0,1505.0,50.38,38.54,76.67,30.68,406.63,38587.0,34897.0,0
2026-07-21 22:00:00,Sale,West,9414.0,26694.0,1457.0,41.57,36.84,50.0,28.54,359.61,28341.0,37917.0,1
2026-07-21 22:10:00,Sale,West,9779.0,30128.0,1970.0,40.51,42.99,101.12,33.8,415.5,34251.0,32733.0,1
2026-07-21 22:20:00,Normal,North,6394.0,18767.0,936.0,28.14,31.74,50.0,28.31,321.39,22066.0,25269.0,1
2026-07-21 22:30:00,Sale,North,9386.0,27166.0,1473.0,38.36,31.89,72.27,28.89,362.27,35847.0,34239.0,1
2026-07-21 22:40:00,Sale,South,8946.0,28082.0,1323.0,38.86,39.5,50.0,36.17,414.1,30217.0,32586.0,1
2026-07-21 22:50:00,Normal,South,6407.0,17829.0,824.0,36.9,32.35,50.0,34.35,272.4,20329.0,20932.0,1
2026-07-21 23:00:00,Normal,North,6069.0,17062.0,858.0,36.55,30.74,50.0,27.77,295.68,20120.0,24192.0,1
2026-07-21 23:10:00,Normal,West,6210.0,17374.0,909.0,28.57,36.74,63.75,24.72,268.7,17001.0,18927.0,1
2026-07-21 23:20:00,Normal,West,5919.0,18217.0,958.0,36.5,33.94,50.0,34.6,259.86,16442.0,22865.0,1
2026-07-21 23:30:00,Sale,South,8348.0,23377.0,1254.0,40.47,32.39,65.71,31.56,371.83,23855.0,27035.0,1
2026-07-21 23:40:00,Normal,South,6108.0,16389.0,739.0,27.21,39.54,50.0,29.87,239.19,19941.0,15409.0,0
